0 verbose cli /usr/local/bin/node /usr/local/bin/npm
1 info using npm@10.9.2
2 info using node@v22.15.0
3 silly config load:file:/usr/local/lib/node_modules/npm/npmrc
4 silly config load:file:/Users/redakaleem/Downloads/wsc-healthcare 2/.npmrc
5 silly config load:file:/Users/redakaleem/.npmrc
6 silly config load:file:/usr/local/etc/npmrc
7 verbose title npm install
8 verbose argv "install" "--cache" ".npm-cache"
9 verbose logfile logs-max:10 dir:/Users/redakaleem/Downloads/wsc-healthcare 2/.npm-cache/_logs/2026-05-27T19_09_34_751Z-
10 verbose logfile /Users/redakaleem/Downloads/wsc-healthcare 2/.npm-cache/_logs/2026-05-27T19_09_34_751Z-debug-0.log
11 silly logfile done cleaning log files
12 silly packumentCache heap:4345298944 maxSize:1086324736 maxEntrySize:543162368
13 silly idealTree buildDeps
14 silly fetch manifest @hookform/resolvers@5.1.1
15 silly packumentCache full:https://registry.npmjs.org/@hookform%2fresolvers cache-miss
16 http fetch GET 200 https://registry.npmjs.org/@hookform%2fresolvers 765ms (cache revalidated)
17 silly packumentCache full:https://registry.npmjs.org/@hookform%2fresolvers set size:883511 disposed:false
18 silly fetch manifest react-hook-form@7.60.0
19 silly packumentCache full:https://registry.npmjs.org/react-hook-form cache-miss
20 http fetch GET 200 https://registry.npmjs.org/react-hook-form 74ms (cache revalidated)
21 silly packumentCache full:https://registry.npmjs.org/react-hook-form set size:5150476 disposed:false
22 silly fetch manifest react@18.3.1
23 silly packumentCache full:https://registry.npmjs.org/react cache-miss
24 http fetch GET 200 https://registry.npmjs.org/react 138ms (cache revalidated)
25 silly packumentCache full:https://registry.npmjs.org/react set size:6659694 disposed:false
26 silly fetch manifest @radix-ui/react-accordion@1.2.11
27 silly packumentCache full:https://registry.npmjs.org/@radix-ui%2freact-accordion cache-miss
28 http fetch GET 200 https://registry.npmjs.org/@radix-ui%2freact-accordion 801ms (cache revalidated)
29 silly packumentCache full:https://registry.npmjs.org/@radix-ui%2freact-accordion set size:830703 disposed:false
30 silly fetch manifest @types/react@*
31 silly packumentCache full:https://registry.npmjs.org/@types%2freact cache-miss
32 http fetch GET 200 https://registry.npmjs.org/@types%2freact 164ms (cache revalidated)
33 silly packumentCache full:https://registry.npmjs.org/@types%2freact set size:2607900 disposed:false
34 silly fetch manifest @types/react-dom@*
35 silly packumentCache full:https://registry.npmjs.org/@types%2freact-dom cache-miss
36 http fetch GET 200 https://registry.npmjs.org/@types%2freact-dom 75ms (cache revalidated)
37 silly packumentCache full:https://registry.npmjs.org/@types%2freact-dom set size:429026 disposed:false
38 silly fetch manifest react-dom@18.3.1
39 silly packumentCache full:https://registry.npmjs.org/react-dom cache-miss
40 http fetch GET 200 https://registry.npmjs.org/react-dom 84ms (cache revalidated)
41 silly packumentCache full:https://registry.npmjs.org/react-dom set size:8883524 disposed:false
42 silly fetch manifest @radix-ui/react-alert-dialog@1.1.14
43 silly packumentCache full:https://registry.npmjs.org/@radix-ui%2freact-alert-dialog cache-miss
44 http fetch GET 200 https://registry.npmjs.org/@radix-ui%2freact-alert-dialog 826ms (cache revalidated)
45 silly packumentCache full:https://registry.npmjs.org/@radix-ui%2freact-alert-dialog set size:945599 disposed:false
46 silly fetch manifest @radix-ui/react-aspect-ratio@1.1.7
47 silly packumentCache full:https://registry.npmjs.org/@radix-ui%2freact-aspect-ratio cache-miss
48 http fetch GET 200 https://registry.npmjs.org/@radix-ui%2freact-aspect-ratio 783ms (cache revalidated)
49 silly packumentCache full:https://registry.npmjs.org/@radix-ui%2freact-aspect-ratio set size:590666 disposed:false
50 silly fetch manifest @radix-ui/react-avatar@1.1.10
51 silly packumentCache full:https://registry.npmjs.org/@radix-ui%2freact-avatar cache-miss
52 http fetch GET 200 https://registry.npmjs.org/@radix-ui%2freact-avatar 577ms (cache revalidated)
53 silly packumentCache full:https://registry.npmjs.org/@radix-ui%2freact-avatar set size:681949 disposed:false
54 silly fetch manifest @radix-ui/react-checkbox@1.3.2
55 silly packumentCache full:https://registry.npmjs.org/@radix-ui%2freact-checkbox cache-miss
56 http fetch GET 200 https://registry.npmjs.org/@radix-ui%2freact-checkbox 785ms (cache revalidated)
57 silly packumentCache full:https://registry.npmjs.org/@radix-ui%2freact-checkbox set size:851310 disposed:false
58 silly fetch manifest @radix-ui/react-collapsible@1.1.11
59 silly packumentCache full:https://registry.npmjs.org/@radix-ui%2freact-collapsible cache-miss
60 http fetch GET 200 https://registry.npmjs.org/@radix-ui%2freact-collapsible 866ms (cache revalidated)
61 silly packumentCache full:https://registry.npmjs.org/@radix-ui%2freact-collapsible set size:801871 disposed:false
62 silly fetch manifest @radix-ui/react-context-menu@2.2.15
63 silly packumentCache full:https://registry.npmjs.org/@radix-ui%2freact-context-menu cache-miss
64 http fetch GET 200 https://registry.npmjs.org/@radix-ui%2freact-context-menu 915ms (cache revalidated)
65 silly packumentCache full:https://registry.npmjs.org/@radix-ui%2freact-context-menu set size:1044411 disposed:false
66 silly fetch manifest @radix-ui/react-dialog@1.1.14
67 silly packumentCache full:https://registry.npmjs.org/@radix-ui%2freact-dialog cache-miss
68 http fetch GET 200 https://registry.npmjs.org/@radix-ui%2freact-dialog 567ms (cache revalidated)
69 silly packumentCache full:https://registry.npmjs.org/@radix-ui%2freact-dialog set size:1036325 disposed:false
70 silly fetch manifest @radix-ui/react-dropdown-menu@2.1.15
71 silly packumentCache full:https://registry.npmjs.org/@radix-ui%2freact-dropdown-menu cache-miss
72 http fetch GET 200 https://registry.npmjs.org/@radix-ui%2freact-dropdown-menu 758ms (cache revalidated)
73 silly packumentCache full:https://registry.npmjs.org/@radix-ui%2freact-dropdown-menu set size:1049847 disposed:false
74 silly fetch manifest @radix-ui/react-hover-card@1.1.14
75 silly packumentCache full:https://registry.npmjs.org/@radix-ui%2freact-hover-card cache-miss
76 http fetch GET 200 https://registry.npmjs.org/@radix-ui%2freact-hover-card 801ms (cache revalidated)
77 silly packumentCache full:https://registry.npmjs.org/@radix-ui%2freact-hover-card set size:971323 disposed:false
78 silly fetch manifest @radix-ui/react-label@2.1.7
79 silly packumentCache full:https://registry.npmjs.org/@radix-ui%2freact-label cache-miss
80 http fetch GET 200 https://registry.npmjs.org/@radix-ui%2freact-label 804ms (cache revalidated)
81 silly packumentCache full:https://registry.npmjs.org/@radix-ui%2freact-label set size:622756 disposed:false
82 silly fetch manifest @radix-ui/react-menubar@1.1.15
83 silly packumentCache full:https://registry.npmjs.org/@radix-ui%2freact-menubar cache-miss
84 http fetch GET 200 https://registry.npmjs.org/@radix-ui%2freact-menubar 798ms (cache revalidated)
85 silly packumentCache full:https://registry.npmjs.org/@radix-ui%2freact-menubar set size:549851 disposed:false
86 silly fetch manifest @radix-ui/react-navigation-menu@1.2.13
87 silly packumentCache full:https://registry.npmjs.org/@radix-ui%2freact-navigation-menu cache-miss
88 http fetch GET 200 https://registry.npmjs.org/@radix-ui%2freact-navigation-menu 642ms (cache revalidated)
89 silly packumentCache full:https://registry.npmjs.org/@radix-ui%2freact-navigation-menu set size:795749 disposed:false
90 silly fetch manifest @radix-ui/react-popover@1.1.14
91 silly packumentCache full:https://registry.npmjs.org/@radix-ui%2freact-popover cache-miss
92 http fetch GET 200 https://registry.npmjs.org/@radix-ui%2freact-popover 791ms (cache revalidated)
93 silly packumentCache full:https://registry.npmjs.org/@radix-ui%2freact-popover set size:1089273 disposed:false
94 silly fetch manifest @radix-ui/react-progress@1.1.7
95 silly packumentCache full:https://registry.npmjs.org/@radix-ui%2freact-progress cache-miss
96 http fetch GET 200 https://registry.npmjs.org/@radix-ui%2freact-progress 805ms (cache revalidated)
97 silly packumentCache full:https://registry.npmjs.org/@radix-ui%2freact-progress set size:596750 disposed:false
98 silly fetch manifest @radix-ui/react-radio-group@1.3.7
99 silly packumentCache full:https://registry.npmjs.org/@radix-ui%2freact-radio-group cache-miss
100 http fetch GET 200 https://registry.npmjs.org/@radix-ui%2freact-radio-group 808ms (cache revalidated)
101 silly packumentCache full:https://registry.npmjs.org/@radix-ui%2freact-radio-group set size:908487 disposed:false
102 silly fetch manifest @radix-ui/react-scroll-area@1.2.9
103 silly packumentCache full:https://registry.npmjs.org/@radix-ui%2freact-scroll-area cache-miss
104 http fetch GET 200 https://registry.npmjs.org/@radix-ui%2freact-scroll-area 799ms (cache revalidated)
105 silly packumentCache full:https://registry.npmjs.org/@radix-ui%2freact-scroll-area set size:867381 disposed:false
106 silly fetch manifest @radix-ui/react-select@2.2.5
107 silly packumentCache full:https://registry.npmjs.org/@radix-ui%2freact-select cache-miss
108 http fetch GET 200 https://registry.npmjs.org/@radix-ui%2freact-select 822ms (cache revalidated)
109 silly packumentCache full:https://registry.npmjs.org/@radix-ui%2freact-select set size:940573 disposed:false
110 silly fetch manifest @radix-ui/react-separator@1.1.7
111 silly packumentCache full:https://registry.npmjs.org/@radix-ui%2freact-separator cache-miss
112 http fetch GET 200 https://registry.npmjs.org/@radix-ui%2freact-separator 633ms (cache revalidated)
113 silly packumentCache full:https://registry.npmjs.org/@radix-ui%2freact-separator set size:589871 disposed:false
114 silly fetch manifest @radix-ui/react-slider@1.3.5
115 silly packumentCache full:https://registry.npmjs.org/@radix-ui%2freact-slider cache-miss
116 http fetch GET 200 https://registry.npmjs.org/@radix-ui%2freact-slider 568ms (cache revalidated)
117 silly packumentCache full:https://registry.npmjs.org/@radix-ui%2freact-slider set size:816874 disposed:false
118 silly fetch manifest @radix-ui/react-slot@1.2.3
119 silly packumentCache full:https://registry.npmjs.org/@radix-ui%2freact-slot cache-miss
120 http fetch GET 200 https://registry.npmjs.org/@radix-ui%2freact-slot 318ms (cache revalidated)
121 silly packumentCache full:https://registry.npmjs.org/@radix-ui%2freact-slot set size:387271 disposed:false
122 silly fetch manifest @radix-ui/react-switch@1.2.5
123 silly packumentCache full:https://registry.npmjs.org/@radix-ui%2freact-switch cache-miss
124 http fetch GET 200 https://registry.npmjs.org/@radix-ui%2freact-switch 735ms (cache revalidated)
125 silly packumentCache full:https://registry.npmjs.org/@radix-ui%2freact-switch set size:723564 disposed:false
126 silly fetch manifest @radix-ui/react-tabs@1.1.12
127 silly packumentCache full:https://registry.npmjs.org/@radix-ui%2freact-tabs cache-miss
128 http fetch GET 200 https://registry.npmjs.org/@radix-ui%2freact-tabs 675ms (cache revalidated)
129 silly packumentCache full:https://registry.npmjs.org/@radix-ui%2freact-tabs set size:855865 disposed:false
130 silly fetch manifest @radix-ui/react-toast@1.2.14
131 silly packumentCache full:https://registry.npmjs.org/@radix-ui%2freact-toast cache-miss
132 http fetch GET 200 https://registry.npmjs.org/@radix-ui%2freact-toast 1337ms (cache revalidated)
133 silly packumentCache full:https://registry.npmjs.org/@radix-ui%2freact-toast set size:787771 disposed:false
134 silly fetch manifest @radix-ui/react-toggle@1.1.9
135 silly packumentCache full:https://registry.npmjs.org/@radix-ui%2freact-toggle cache-miss
136 http fetch GET 200 https://registry.npmjs.org/@radix-ui%2freact-toggle 511ms (cache revalidated)
137 silly packumentCache full:https://registry.npmjs.org/@radix-ui%2freact-toggle set size:655369 disposed:false
138 silly fetch manifest @radix-ui/react-toggle-group@1.1.10
139 silly packumentCache full:https://registry.npmjs.org/@radix-ui%2freact-toggle-group cache-miss
140 http fetch GET 200 https://registry.npmjs.org/@radix-ui%2freact-toggle-group 799ms (cache revalidated)
141 silly packumentCache full:https://registry.npmjs.org/@radix-ui%2freact-toggle-group set size:799697 disposed:false
142 silly fetch manifest @radix-ui/react-tooltip@1.2.7
143 silly packumentCache full:https://registry.npmjs.org/@radix-ui%2freact-tooltip cache-miss
144 http fetch GET 200 https://registry.npmjs.org/@radix-ui%2freact-tooltip 805ms (cache revalidated)
145 silly packumentCache full:https://registry.npmjs.org/@radix-ui%2freact-tooltip set size:1098971 disposed:false
146 silly fetch manifest @tanstack/react-table@8.21.3
147 silly packumentCache full:https://registry.npmjs.org/@tanstack%2freact-table cache-miss
148 http fetch GET 200 https://registry.npmjs.org/@tanstack%2freact-table 602ms (cache revalidated)
149 silly packumentCache full:https://registry.npmjs.org/@tanstack%2freact-table set size:727638 disposed:false
150 silly fetch manifest axios@1.10.0
151 silly packumentCache full:https://registry.npmjs.org/axios cache-miss
152 http fetch GET 200 https://registry.npmjs.org/axios 70ms (cache revalidated)
153 silly packumentCache full:https://registry.npmjs.org/axios set size:820578 disposed:false
154 silly fetch manifest class-variance-authority@0.7.1
155 silly packumentCache full:https://registry.npmjs.org/class-variance-authority cache-miss
156 http fetch GET 200 https://registry.npmjs.org/class-variance-authority 315ms (cache revalidated)
157 silly packumentCache full:https://registry.npmjs.org/class-variance-authority set size:96388 disposed:false
158 silly fetch manifest clsx@2.1.1
159 silly packumentCache full:https://registry.npmjs.org/clsx cache-miss
160 http fetch GET 200 https://registry.npmjs.org/clsx 64ms (cache revalidated)
161 silly packumentCache full:https://registry.npmjs.org/clsx set size:42506 disposed:false
162 silly fetch manifest cmdk@1.1.1
163 silly packumentCache full:https://registry.npmjs.org/cmdk cache-miss
164 http fetch GET 200 https://registry.npmjs.org/cmdk 324ms (cache revalidated)
165 silly packumentCache full:https://registry.npmjs.org/cmdk set size:102891 disposed:false
166 silly fetch manifest date-fns@4.1.0
167 silly packumentCache full:https://registry.npmjs.org/date-fns cache-miss
168 http fetch GET 200 https://registry.npmjs.org/date-fns 124ms (cache revalidated)
169 silly packumentCache full:https://registry.npmjs.org/date-fns set size:3865007 disposed:false
170 silly fetch manifest embla-carousel-react@8.6.0
171 silly packumentCache full:https://registry.npmjs.org/embla-carousel-react cache-miss
172 http fetch GET 200 https://registry.npmjs.org/embla-carousel-react 385ms (cache revalidated)
173 silly packumentCache full:https://registry.npmjs.org/embla-carousel-react set size:398957 disposed:false
174 silly fetch manifest framer-motion@12.40.0
175 silly packumentCache full:https://registry.npmjs.org/framer-motion cache-miss
176 http fetch GET 200 https://registry.npmjs.org/framer-motion 118ms (cache revalidated)
177 silly packumentCache full:https://registry.npmjs.org/framer-motion set size:10017052 disposed:false
178 silly fetch manifest @emotion/is-prop-valid@*
179 silly packumentCache full:https://registry.npmjs.org/@emotion%2fis-prop-valid cache-miss
180 http fetch GET 200 https://registry.npmjs.org/@emotion%2fis-prop-valid 74ms (cache revalidated)
181 silly packumentCache full:https://registry.npmjs.org/@emotion%2fis-prop-valid set size:96539 disposed:false
182 silly fetch manifest input-otp@1.4.2
183 silly packumentCache full:https://registry.npmjs.org/input-otp cache-miss
184 http fetch GET 200 https://registry.npmjs.org/input-otp 525ms (cache revalidated)
185 silly packumentCache full:https://registry.npmjs.org/input-otp set size:85904 disposed:false
186 silly fetch manifest lucide-react@0.516.0
187 silly packumentCache full:https://registry.npmjs.org/lucide-react cache-miss
188 http fetch GET 200 https://registry.npmjs.org/lucide-react 70ms (cache revalidated)
189 silly packumentCache full:https://registry.npmjs.org/lucide-react set size:2265850 disposed:false
190 silly fetch manifest mongodb@6.17.0
191 silly packumentCache full:https://registry.npmjs.org/mongodb cache-miss
192 http fetch GET 200 https://registry.npmjs.org/mongodb 73ms (cache revalidated)
193 silly packumentCache full:https://registry.npmjs.org/mongodb set size:4283421 disposed:false
194 silly fetch manifest @aws-sdk/credential-providers@^3.188.0
195 silly packumentCache full:https://registry.npmjs.org/@aws-sdk%2fcredential-providers cache-miss
196 http fetch GET 200 https://registry.npmjs.org/@aws-sdk%2fcredential-providers 77ms (cache revalidated)
197 silly packumentCache full:https://registry.npmjs.org/@aws-sdk%2fcredential-providers set size:2127854 disposed:false
198 silly fetch manifest @mongodb-js/zstd@^1.1.0 || ^2.0.0
199 silly packumentCache full:https://registry.npmjs.org/@mongodb-js%2fzstd cache-miss
200 http fetch GET 200 https://registry.npmjs.org/@mongodb-js%2fzstd 125ms (cache revalidated)
201 silly packumentCache full:https://registry.npmjs.org/@mongodb-js%2fzstd set size:97928 disposed:false
202 silly fetch manifest gcp-metadata@^5.2.0
203 silly packumentCache full:https://registry.npmjs.org/gcp-metadata cache-miss
204 http fetch GET 200 https://registry.npmjs.org/gcp-metadata 67ms (cache revalidated)
205 silly packumentCache full:https://registry.npmjs.org/gcp-metadata set size:191448 disposed:false
206 silly fetch manifest kerberos@^2.0.1
207 silly packumentCache full:https://registry.npmjs.org/kerberos cache-miss
208 http fetch GET 200 https://registry.npmjs.org/kerberos 70ms (cache revalidated)
209 silly packumentCache full:https://registry.npmjs.org/kerberos set size:117537 disposed:false
210 silly fetch manifest mongodb-client-encryption@>=6.0.0 <7
211 silly packumentCache full:https://registry.npmjs.org/mongodb-client-encryption cache-miss
212 http fetch GET 200 https://registry.npmjs.org/mongodb-client-encryption 67ms (cache revalidated)
213 silly packumentCache full:https://registry.npmjs.org/mongodb-client-encryption set size:262386 disposed:false
214 silly fetch manifest snappy@^7.2.2
215 silly packumentCache full:https://registry.npmjs.org/snappy cache-miss
216 http fetch GET 200 https://registry.npmjs.org/snappy 309ms (cache revalidated)
217 silly packumentCache full:https://registry.npmjs.org/snappy set size:185121 disposed:false
218 silly fetch manifest socks@^2.7.1
219 silly packumentCache full:https://registry.npmjs.org/socks cache-miss
220 http fetch GET 200 https://registry.npmjs.org/socks 312ms (cache revalidated)
221 silly packumentCache full:https://registry.npmjs.org/socks set size:173143 disposed:false
222 silly fetch manifest next@14.2.3
223 silly packumentCache full:https://registry.npmjs.org/next cache-miss
224 http fetch GET 200 https://registry.npmjs.org/next 116ms (cache revalidated)
225 silly packumentCache full:https://registry.npmjs.org/next set size:30509681 disposed:false
226 silly fetch manifest @opentelemetry/api@^1.1.0
227 silly packumentCache full:https://registry.npmjs.org/@opentelemetry%2fapi cache-miss
228 http fetch GET 200 https://registry.npmjs.org/@opentelemetry%2fapi 564ms (cache revalidated)
229 silly packumentCache full:https://registry.npmjs.org/@opentelemetry%2fapi set size:272967 disposed:false
230 silly fetch manifest @playwright/test@^1.41.2
231 silly packumentCache full:https://registry.npmjs.org/@playwright%2ftest cache-miss
232 http fetch GET 200 https://registry.npmjs.org/@playwright%2ftest 99ms (cache revalidated)
233 silly packumentCache full:https://registry.npmjs.org/@playwright%2ftest set size:9157722 disposed:false
234 silly fetch manifest sass@^1.3.0
235 silly packumentCache full:https://registry.npmjs.org/sass cache-miss
236 http fetch GET 200 https://registry.npmjs.org/sass 67ms (cache revalidated)
237 silly packumentCache full:https://registry.npmjs.org/sass set size:728345 disposed:false
238 silly fetch manifest next-themes@0.4.6
239 silly packumentCache full:https://registry.npmjs.org/next-themes cache-miss
240 http fetch GET 200 https://registry.npmjs.org/next-themes 303ms (cache revalidated)
241 silly packumentCache full:https://registry.npmjs.org/next-themes set size:162039 disposed:false
242 silly fetch manifest react-day-picker@9.8.0
243 silly packumentCache full:https://registry.npmjs.org/react-day-picker cache-miss
244 http fetch GET 200 https://registry.npmjs.org/react-day-picker 72ms (cache revalidated)
245 silly packumentCache full:https://registry.npmjs.org/react-day-picker set size:1169083 disposed:false
246 silly fetch manifest react-resizable-panels@3.0.3
247 silly packumentCache full:https://registry.npmjs.org/react-resizable-panels cache-miss
248 http fetch GET 200 https://registry.npmjs.org/react-resizable-panels 68ms (cache revalidated)
249 silly packumentCache full:https://registry.npmjs.org/react-resizable-panels set size:808060 disposed:false
250 silly fetch manifest recharts@2.15.4
251 silly packumentCache full:https://registry.npmjs.org/recharts cache-miss
252 http fetch GET 200 https://registry.npmjs.org/recharts 71ms (cache revalidated)
253 silly packumentCache full:https://registry.npmjs.org/recharts set size:1392638 disposed:false
254 silly fetch manifest sonner@2.0.6
255 silly packumentCache full:https://registry.npmjs.org/sonner cache-miss
256 http fetch GET 200 https://registry.npmjs.org/sonner 314ms (cache revalidated)
257 silly packumentCache full:https://registry.npmjs.org/sonner set size:143249 disposed:false
258 silly fetch manifest tailwind-merge@3.3.1
259 silly packumentCache full:https://registry.npmjs.org/tailwind-merge cache-miss
260 http fetch GET 200 https://registry.npmjs.org/tailwind-merge 78ms (cache revalidated)
261 silly packumentCache full:https://registry.npmjs.org/tailwind-merge set size:1621698 disposed:false
262 silly fetch manifest tailwindcss-animate@1.0.7
263 silly packumentCache full:https://registry.npmjs.org/tailwindcss-animate cache-miss
264 http fetch GET 200 https://registry.npmjs.org/tailwindcss-animate 322ms (cache revalidated)
265 silly packumentCache full:https://registry.npmjs.org/tailwindcss-animate set size:29893 disposed:false
266 silly fetch manifest tailwindcss@3.4.17
267 silly packumentCache full:https://registry.npmjs.org/tailwindcss cache-miss
268 http fetch GET 200 https://registry.npmjs.org/tailwindcss 85ms (cache revalidated)
269 silly packumentCache full:https://registry.npmjs.org/tailwindcss set size:10576113 disposed:false
270 silly fetch manifest uuid@9.0.1
271 silly packumentCache full:https://registry.npmjs.org/uuid cache-miss
272 http fetch GET 200 https://registry.npmjs.org/uuid 63ms (cache revalidated)
273 silly packumentCache full:https://registry.npmjs.org/uuid set size:234700 disposed:false
274 silly fetch manifest vaul@1.1.2
275 silly packumentCache full:https://registry.npmjs.org/vaul cache-miss
276 http fetch GET 200 https://registry.npmjs.org/vaul 309ms (cache revalidated)
277 silly packumentCache full:https://registry.npmjs.org/vaul set size:132229 disposed:false
278 silly fetch manifest zod@3.25.76
279 silly packumentCache full:https://registry.npmjs.org/zod cache-miss
280 http fetch GET 200 https://registry.npmjs.org/zod 73ms (cache revalidated)
281 silly packumentCache full:https://registry.npmjs.org/zod set size:3552562 disposed:false
282 silly fetch manifest autoprefixer@10.4.21
283 silly packumentCache full:https://registry.npmjs.org/autoprefixer cache-miss
284 http fetch GET 200 https://registry.npmjs.org/autoprefixer 68ms (cache revalidated)
285 silly packumentCache full:https://registry.npmjs.org/autoprefixer set size:1319426 disposed:false
286 silly fetch manifest postcss@8.5.6
287 silly packumentCache full:https://registry.npmjs.org/postcss cache-miss
288 http fetch GET 200 https://registry.npmjs.org/postcss 66ms (cache revalidated)
289 silly packumentCache full:https://registry.npmjs.org/postcss set size:723316 disposed:false
290 silly fetch manifest globals@16.3.0
291 silly packumentCache full:https://registry.npmjs.org/globals cache-miss
292 http fetch GET 200 https://registry.npmjs.org/globals 66ms (cache revalidated)
293 silly packumentCache full:https://registry.npmjs.org/globals set size:315985 disposed:false
294 silly placeDep ROOT @hookform/resolvers@5.1.1 OK for: nextjs-mongo-template@0.1.0 want: ^5.1.1
295 silly placeDep ROOT react-hook-form@7.60.0 OK for: @hookform/resolvers@5.1.1 want: ^7.55.0
296 silly placeDep ROOT react@18.3.1 OK for: react-hook-form@7.60.0 want: ^16.8.0 || ^17 || ^18 || ^19
297 silly placeDep ROOT @radix-ui/react-accordion@1.2.11 OK for: nextjs-mongo-template@0.1.0 want: ^1.2.11
298 silly placeDep ROOT react-dom@18.3.1 OK for: @radix-ui/react-accordion@1.2.11 want: ^16.8 || ^17.0 || ^18.0 || ^19.0 || ^19.0.0-rc
299 silly placeDep ROOT @radix-ui/react-alert-dialog@1.1.14 OK for: nextjs-mongo-template@0.1.0 want: ^1.1.14
300 silly placeDep ROOT @radix-ui/react-aspect-ratio@1.1.7 OK for: nextjs-mongo-template@0.1.0 want: ^1.1.7
301 silly placeDep ROOT @radix-ui/react-avatar@1.1.10 OK for: nextjs-mongo-template@0.1.0 want: ^1.1.10
302 silly placeDep ROOT @radix-ui/react-checkbox@1.3.2 OK for: nextjs-mongo-template@0.1.0 want: ^1.3.2
303 silly placeDep ROOT @radix-ui/react-collapsible@1.1.11 OK for: nextjs-mongo-template@0.1.0 want: ^1.1.11
304 silly placeDep ROOT @radix-ui/react-context-menu@2.2.15 OK for: nextjs-mongo-template@0.1.0 want: ^2.2.15
305 silly placeDep ROOT @radix-ui/react-dialog@1.1.14 OK for: nextjs-mongo-template@0.1.0 want: ^1.1.14
306 silly placeDep ROOT @radix-ui/react-dropdown-menu@2.1.15 OK for: nextjs-mongo-template@0.1.0 want: ^2.1.15
307 silly placeDep ROOT @radix-ui/react-hover-card@1.1.14 OK for: nextjs-mongo-template@0.1.0 want: ^1.1.14
308 silly placeDep ROOT @radix-ui/react-label@2.1.7 OK for: nextjs-mongo-template@0.1.0 want: ^2.1.7
309 silly placeDep ROOT @radix-ui/react-menubar@1.1.15 OK for: nextjs-mongo-template@0.1.0 want: ^1.1.15
310 silly placeDep ROOT @radix-ui/react-navigation-menu@1.2.13 OK for: nextjs-mongo-template@0.1.0 want: ^1.2.13
311 silly placeDep ROOT @radix-ui/react-popover@1.1.14 OK for: nextjs-mongo-template@0.1.0 want: ^1.1.14
312 silly placeDep ROOT @radix-ui/react-progress@1.1.7 OK for: nextjs-mongo-template@0.1.0 want: ^1.1.7
313 silly placeDep ROOT @radix-ui/react-radio-group@1.3.7 OK for: nextjs-mongo-template@0.1.0 want: ^1.3.7
314 silly placeDep ROOT @radix-ui/react-scroll-area@1.2.9 OK for: nextjs-mongo-template@0.1.0 want: ^1.2.9
315 silly placeDep ROOT @radix-ui/react-select@2.2.5 OK for: nextjs-mongo-template@0.1.0 want: ^2.2.5
316 silly placeDep ROOT @radix-ui/react-separator@1.1.7 OK for: nextjs-mongo-template@0.1.0 want: ^1.1.7
317 silly placeDep ROOT @radix-ui/react-slider@1.3.5 OK for: nextjs-mongo-template@0.1.0 want: ^1.3.5
318 silly placeDep ROOT @radix-ui/react-slot@1.2.3 OK for: nextjs-mongo-template@0.1.0 want: ^1.2.3
319 silly placeDep ROOT @radix-ui/react-switch@1.2.5 OK for: nextjs-mongo-template@0.1.0 want: ^1.2.5
320 silly placeDep ROOT @radix-ui/react-tabs@1.1.12 OK for: nextjs-mongo-template@0.1.0 want: ^1.1.12
321 silly placeDep ROOT @radix-ui/react-toast@1.2.14 OK for: nextjs-mongo-template@0.1.0 want: ^1.2.14
322 silly placeDep ROOT @radix-ui/react-toggle@1.1.9 OK for: nextjs-mongo-template@0.1.0 want: ^1.1.9
323 silly placeDep ROOT @radix-ui/react-toggle-group@1.1.10 OK for: nextjs-mongo-template@0.1.0 want: ^1.1.10
324 silly placeDep ROOT @radix-ui/react-tooltip@1.2.7 OK for: nextjs-mongo-template@0.1.0 want: ^1.2.7
325 silly placeDep ROOT @tanstack/react-table@8.21.3 OK for: nextjs-mongo-template@0.1.0 want: ^8.21.3
326 silly placeDep ROOT autoprefixer@10.4.21 OK for: nextjs-mongo-template@0.1.0 want: ^10.4.19
327 silly placeDep ROOT postcss@8.5.6 OK for: autoprefixer@10.4.21 want: ^8.1.0
328 silly placeDep ROOT axios@1.10.0 OK for: nextjs-mongo-template@0.1.0 want: ^1.10.0
329 silly placeDep ROOT class-variance-authority@0.7.1 OK for: nextjs-mongo-template@0.1.0 want: ^0.7.1
330 silly placeDep ROOT clsx@2.1.1 OK for: nextjs-mongo-template@0.1.0 want: ^2.1.1
331 silly placeDep ROOT cmdk@1.1.1 OK for: nextjs-mongo-template@0.1.0 want: ^1.1.1
332 silly placeDep ROOT date-fns@4.1.0 OK for: nextjs-mongo-template@0.1.0 want: ^4.1.0
333 silly placeDep ROOT embla-carousel-react@8.6.0 OK for: nextjs-mongo-template@0.1.0 want: ^8.6.0
334 silly placeDep ROOT framer-motion@12.40.0 OK for: nextjs-mongo-template@0.1.0 want: ^12.40.0
335 silly placeDep ROOT globals@16.3.0 OK for: nextjs-mongo-template@0.1.0 want: ^16.2.0
336 silly placeDep ROOT input-otp@1.4.2 OK for: nextjs-mongo-template@0.1.0 want: ^1.4.2
337 silly placeDep ROOT lucide-react@0.516.0 OK for: nextjs-mongo-template@0.1.0 want: ^0.516.0
338 silly placeDep ROOT mongodb@6.17.0 OK for: nextjs-mongo-template@0.1.0 want: ^6.6.0
339 silly placeDep ROOT next@14.2.3 OK for: nextjs-mongo-template@0.1.0 want: 14.2.3
340 silly placeDep ROOT next-themes@0.4.6 OK for: nextjs-mongo-template@0.1.0 want: ^0.4.6
341 silly placeDep ROOT react-day-picker@9.8.0 OK for: nextjs-mongo-template@0.1.0 want: ^9.7.0
342 silly placeDep ROOT react-resizable-panels@3.0.3 OK for: nextjs-mongo-template@0.1.0 want: ^3.0.3
343 silly placeDep ROOT recharts@2.15.4 OK for: nextjs-mongo-template@0.1.0 want: ^2.15.3
344 silly placeDep ROOT sonner@2.0.6 OK for: nextjs-mongo-template@0.1.0 want: ^2.0.5
345 silly placeDep ROOT tailwind-merge@3.3.1 OK for: nextjs-mongo-template@0.1.0 want: ^3.3.1
346 silly placeDep ROOT tailwindcss@3.4.17 OK for: nextjs-mongo-template@0.1.0 want: ^3.4.1
347 silly placeDep ROOT tailwindcss-animate@1.0.7 OK for: nextjs-mongo-template@0.1.0 want: ^1.0.7
348 silly placeDep ROOT uuid@9.0.1 OK for: nextjs-mongo-template@0.1.0 want: ^9.0.1
349 silly placeDep ROOT vaul@1.1.2 OK for: nextjs-mongo-template@0.1.0 want: ^1.1.2
350 silly placeDep ROOT zod@3.25.76 OK for: nextjs-mongo-template@0.1.0 want: ^3.25.67
351 silly fetch manifest @standard-schema/utils@0.3.0
352 silly packumentCache full:https://registry.npmjs.org/@standard-schema%2futils cache-miss
353 silly fetch manifest loose-envify@1.4.0
354 silly packumentCache full:https://registry.npmjs.org/loose-envify cache-miss
355 silly fetch manifest @radix-ui/react-id@1.1.1
356 silly packumentCache full:https://registry.npmjs.org/@radix-ui%2freact-id cache-miss
357 silly fetch manifest @radix-ui/primitive@1.1.2
358 silly packumentCache full:https://registry.npmjs.org/@radix-ui%2fprimitive cache-miss
359 silly fetch manifest @radix-ui/react-context@1.1.2
360 silly packumentCache full:https://registry.npmjs.org/@radix-ui%2freact-context cache-miss
361 silly fetch manifest @radix-ui/react-direction@1.1.1
362 silly packumentCache full:https://registry.npmjs.org/@radix-ui%2freact-direction cache-miss
363 silly fetch manifest @radix-ui/react-primitive@2.1.3
364 silly packumentCache full:https://registry.npmjs.org/@radix-ui%2freact-primitive cache-miss
365 silly fetch manifest @radix-ui/react-collection@1.1.7
366 silly packumentCache full:https://registry.npmjs.org/@radix-ui%2freact-collection cache-miss
367 silly fetch manifest @radix-ui/react-compose-refs@1.1.2
368 silly packumentCache full:https://registry.npmjs.org/@radix-ui%2freact-compose-refs cache-miss
369 silly fetch manifest @radix-ui/react-use-controllable-state@1.2.2
370 silly packumentCache full:https://registry.npmjs.org/@radix-ui%2freact-use-controllable-state cache-miss
371 silly fetch manifest scheduler@0.23.2
372 silly packumentCache full:https://registry.npmjs.org/scheduler cache-miss
373 http fetch GET 200 https://registry.npmjs.org/@radix-ui%2freact-compose-refs 252ms (cache revalidated)
374 silly packumentCache full:https://registry.npmjs.org/@radix-ui%2freact-compose-refs set size:219425 disposed:false
375 silly fetch manifest loose-envify@1.4.0
376 silly packumentCache full:https://registry.npmjs.org/loose-envify cache-miss
377 http fetch GET 200 https://registry.npmjs.org/@radix-ui%2freact-use-controllable-state 254ms (cache revalidated)
378 silly packumentCache full:https://registry.npmjs.org/@radix-ui%2freact-use-controllable-state set size:296080 disposed:false
379 silly fetch manifest @radix-ui/primitive@1.1.2
380 silly packumentCache full:https://registry.npmjs.org/@radix-ui%2fprimitive cache-miss
381 http fetch GET 200 https://registry.npmjs.org/@radix-ui%2fprimitive 262ms (cache revalidated)
382 silly packumentCache full:https://registry.npmjs.org/@radix-ui%2fprimitive set size:164617 disposed:false
383 silly fetch manifest @radix-ui/react-context@1.1.2
384 silly packumentCache full:https://registry.npmjs.org/@radix-ui%2freact-context cache-miss
385 http fetch GET 200 https://registry.npmjs.org/@radix-ui%2freact-collection 274ms (cache revalidated)
386 silly packumentCache full:https://registry.npmjs.org/@radix-ui%2freact-collection set size:630833 disposed:false
387 silly fetch manifest @radix-ui/react-primitive@2.1.3
388 silly packumentCache full:https://registry.npmjs.org/@radix-ui%2freact-primitive cache-miss
389 http fetch GET 200 https://registry.npmjs.org/loose-envify 53ms (cache revalidated)
390 silly packumentCache full:https://registry.npmjs.org/loose-envify set size:12559 disposed:false
391 silly fetch manifest @radix-ui/react-primitive@2.1.3
392 silly packumentCache full:https://registry.npmjs.org/@radix-ui%2freact-primitive cache-miss
393 http fetch GET 200 https://registry.npmjs.org/@radix-ui%2fprimitive 59ms (cache revalidated)
394 silly packumentCache full:https://registry.npmjs.org/@radix-ui%2fprimitive set size:164617 disposed:false
395 silly packumentCache full:https://registry.npmjs.org/@radix-ui%2fprimitive dispose
396 silly fetch manifest @radix-ui/react-context@1.1.2
397 silly packumentCache full:https://registry.npmjs.org/@radix-ui%2freact-context cache-miss
398 http fetch GET 200 https://registry.npmjs.org/scheduler 324ms (cache revalidated)
399 silly packumentCache full:https://registry.npmjs.org/scheduler set size:5512726 disposed:false
400 silly fetch manifest @radix-ui/react-primitive@2.1.3
401 silly packumentCache full:https://registry.npmjs.org/@radix-ui%2freact-primitive cache-miss
402 http fetch GET 200 https://registry.npmjs.org/loose-envify 345ms (cache revalidated)
403 silly packumentCache full:https://registry.npmjs.org/loose-envify set size:12559 disposed:false
404 silly packumentCache full:https://registry.npmjs.org/loose-envify dispose
405 silly fetch manifest @radix-ui/react-use-is-hydrated@0.1.0
406 silly packumentCache full:https://registry.npmjs.org/@radix-ui%2freact-use-is-hydrated cache-miss
407 http fetch GET 200 https://registry.npmjs.org/@radix-ui%2freact-id 466ms (cache revalidated)
408 silly packumentCache full:https://registry.npmjs.org/@radix-ui%2freact-id set size:325405 disposed:false
409 silly fetch manifest @radix-ui/react-use-callback-ref@1.1.1
410 silly packumentCache full:https://registry.npmjs.org/@radix-ui%2freact-use-callback-ref cache-miss
411 http fetch GET 200 https://registry.npmjs.org/@radix-ui%2freact-direction 501ms (cache revalidated)
412 silly packumentCache full:https://registry.npmjs.org/@radix-ui%2freact-direction set size:202714 disposed:false
413 silly fetch manifest @radix-ui/react-use-layout-effect@1.1.1
414 silly packumentCache full:https://registry.npmjs.org/@radix-ui%2freact-use-layout-effect cache-miss
415 http fetch GET 200 https://registry.npmjs.org/@radix-ui%2freact-context 188ms (cache revalidated)
416 silly packumentCache full:https://registry.npmjs.org/@radix-ui%2freact-context set size:266557 disposed:false
417 silly fetch manifest @radix-ui/react-presence@1.1.4
418 silly packumentCache full:https://registry.npmjs.org/@radix-ui%2freact-presence cache-miss
419 http fetch GET 200 https://registry.npmjs.org/@radix-ui%2freact-context 245ms (cache revalidated)
420 silly packumentCache full:https://registry.npmjs.org/@radix-ui%2freact-context set size:266557 disposed:false
421 silly packumentCache full:https://registry.npmjs.org/@radix-ui%2freact-context dispose
422 silly fetch manifest @radix-ui/react-use-size@1.1.1
423 silly packumentCache full:https://registry.npmjs.org/@radix-ui%2freact-use-size cache-miss
424 http fetch GET 200 https://registry.npmjs.org/@radix-ui%2freact-context 512ms (cache revalidated)
425 silly packumentCache full:https://registry.npmjs.org/@radix-ui%2freact-context set size:266557 disposed:true
426 silly packumentCache full:https://registry.npmjs.org/@radix-ui%2freact-context dispose
427 silly fetch manifest @radix-ui/react-primitive@2.1.3
428 silly packumentCache full:https://registry.npmjs.org/@radix-ui%2freact-primitive cache-miss
429 http fetch GET 200 https://registry.npmjs.org/@standard-schema%2futils 666ms (cache revalidated)
430 silly packumentCache full:https://registry.npmjs.org/@standard-schema%2futils set size:15545 disposed:false
431 silly fetch manifest @radix-ui/react-use-previous@1.1.1
432 silly packumentCache full:https://registry.npmjs.org/@radix-ui%2freact-use-previous cache-miss
433 http fetch GET 200 https://registry.npmjs.org/@radix-ui%2freact-use-size 156ms (cache revalidated)
434 silly packumentCache full:https://registry.npmjs.org/@radix-ui%2freact-use-size set size:272110 disposed:false
435 silly fetch manifest @radix-ui/react-presence@1.1.4
436 silly packumentCache full:https://registry.npmjs.org/@radix-ui%2freact-presence cache-miss
437 http fetch GET 200 https://registry.npmjs.org/@radix-ui%2freact-use-callback-ref 320ms (cache revalidated)
438 silly packumentCache full:https://registry.npmjs.org/@radix-ui%2freact-use-callback-ref set size:212985 disposed:false
439 silly fetch manifest @radix-ui/react-primitive@2.1.3
440 silly packumentCache full:https://registry.npmjs.org/@radix-ui%2freact-primitive cache-miss
441 http fetch GET 200 https://registry.npmjs.org/@radix-ui%2freact-presence 313ms (cache revalidated)
442 silly packumentCache full:https://registry.npmjs.org/@radix-ui%2freact-presence set size:443830 disposed:false
443 silly fetch manifest @radix-ui/react-use-layout-effect@1.1.1
444 silly packumentCache full:https://registry.npmjs.org/@radix-ui%2freact-use-layout-effect cache-miss
445 http fetch GET 200 https://registry.npmjs.org/@radix-ui%2freact-presence 159ms (cache revalidated)
446 silly packumentCache full:https://registry.npmjs.org/@radix-ui%2freact-presence set size:443830 disposed:false
447 silly packumentCache full:https://registry.npmjs.org/@radix-ui%2freact-presence dispose
448 silly fetch manifest @radix-ui/react-menu@2.1.15
449 silly packumentCache full:https://registry.npmjs.org/@radix-ui%2freact-menu cache-miss
450 http fetch GET 200 https://registry.npmjs.org/@radix-ui%2freact-use-is-hydrated 532ms (cache revalidated)
451 silly packumentCache full:https://registry.npmjs.org/@radix-ui%2freact-use-is-hydrated set size:9125 disposed:false
452 silly fetch manifest @radix-ui/react-primitive@2.1.3
453 silly packumentCache full:https://registry.npmjs.org/@radix-ui%2freact-primitive cache-miss
454 http fetch GET 200 https://registry.npmjs.org/@radix-ui%2freact-use-previous 241ms (cache revalidated)
455 silly packumentCache full:https://registry.npmjs.org/@radix-ui%2freact-use-previous set size:285605 disposed:false
456 silly fetch manifest aria-hidden@1.2.6
457 silly packumentCache full:https://registry.npmjs.org/aria-hidden cache-miss
458 http fetch GET 200 https://registry.npmjs.org/@radix-ui%2freact-primitive 643ms (cache revalidated)
459 silly packumentCache full:https://registry.npmjs.org/@radix-ui%2freact-primitive set size:595809 disposed:false
460 silly fetch manifest react-remove-scroll@2.7.1
461 silly packumentCache full:https://registry.npmjs.org/react-remove-scroll cache-miss
462 http fetch GET 200 https://registry.npmjs.org/@radix-ui%2freact-primitive 615ms (cache revalidated)
463 silly packumentCache full:https://registry.npmjs.org/@radix-ui%2freact-primitive set size:595809 disposed:false
464 silly packumentCache full:https://registry.npmjs.org/@radix-ui%2freact-primitive dispose
465 silly fetch manifest @radix-ui/react-portal@1.1.9
466 silly packumentCache full:https://registry.npmjs.org/@radix-ui%2freact-portal cache-miss
467 http fetch GET 200 https://registry.npmjs.org/@radix-ui%2freact-primitive 139ms (cache revalidated)
468 silly packumentCache full:https://registry.npmjs.org/@radix-ui%2freact-primitive set size:595809 disposed:true
469 silly packumentCache full:https://registry.npmjs.org/@radix-ui%2freact-primitive dispose
470 silly fetch manifest @radix-ui/react-focus-scope@1.1.7
471 silly packumentCache full:https://registry.npmjs.org/@radix-ui%2freact-focus-scope cache-miss
472 http fetch GET 200 https://registry.npmjs.org/@radix-ui%2freact-primitive 422ms (cache revalidated)
473 silly packumentCache full:https://registry.npmjs.org/@radix-ui%2freact-primitive set size:595809 disposed:true
474 silly packumentCache full:https://registry.npmjs.org/@radix-ui%2freact-primitive dispose
475 silly fetch manifest @radix-ui/react-focus-guards@1.1.2
476 silly packumentCache full:https://registry.npmjs.org/@radix-ui%2freact-focus-guards cache-miss
477 http fetch GET 200 https://registry.npmjs.org/@radix-ui%2freact-primitive 595ms (cache revalidated)
478 silly packumentCache full:https://registry.npmjs.org/@radix-ui%2freact-primitive set size:595809 disposed:true
479 silly packumentCache full:https://registry.npmjs.org/@radix-ui%2freact-primitive dispose
480 silly fetch manifest @radix-ui/react-dismissable-layer@1.1.10
481 silly packumentCache full:https://registry.npmjs.org/@radix-ui%2freact-dismissable-layer cache-miss
482 http fetch GET 200 https://registry.npmjs.org/@radix-ui%2freact-primitive 940ms (cache revalidated)
483 silly packumentCache full:https://registry.npmjs.org/@radix-ui%2freact-primitive set size:595809 disposed:true
484 silly packumentCache full:https://registry.npmjs.org/@radix-ui%2freact-primitive dispose
485 silly fetch manifest @radix-ui/react-menu@2.1.15
486 silly packumentCache full:https://registry.npmjs.org/@radix-ui%2freact-menu cache-miss
487 http fetch GET 200 https://registry.npmjs.org/@radix-ui%2freact-primitive 78ms (cache revalidated)
488 silly packumentCache full:https://registry.npmjs.org/@radix-ui%2freact-primitive set size:595809 disposed:true
489 silly packumentCache full:https://registry.npmjs.org/@radix-ui%2freact-primitive dispose
490 silly fetch manifest @radix-ui/react-popper@1.2.7
491 silly packumentCache full:https://registry.npmjs.org/@radix-ui%2freact-popper cache-miss
492 http fetch GET 200 https://registry.npmjs.org/@radix-ui%2freact-use-layout-effect 151ms (cache revalidated)
493 silly packumentCache full:https://registry.npmjs.org/@radix-ui%2freact-use-layout-effect set size:213388 disposed:false
494 silly fetch manifest @radix-ui/react-portal@1.1.9
495 silly packumentCache full:https://registry.npmjs.org/@radix-ui%2freact-portal cache-miss
496 http fetch GET 200 https://registry.npmjs.org/@radix-ui%2freact-use-layout-effect 475ms (cache revalidated)
497 silly packumentCache full:https://registry.npmjs.org/@radix-ui%2freact-use-layout-effect set size:213388 disposed:false
498 silly packumentCache full:https://registry.npmjs.org/@radix-ui%2freact-use-layout-effect dispose
499 silly fetch manifest @radix-ui/react-dismissable-layer@1.1.10
500 silly packumentCache full:https://registry.npmjs.org/@radix-ui%2freact-dismissable-layer cache-miss
501 http fetch GET 200 https://registry.npmjs.org/react-remove-scroll 74ms (cache revalidated)
502 silly packumentCache full:https://registry.npmjs.org/react-remove-scroll set size:147112 disposed:false
503 silly fetch manifest @radix-ui/react-menu@2.1.15
504 silly packumentCache full:https://registry.npmjs.org/@radix-ui%2freact-menu cache-miss
505 http fetch GET 200 https://registry.npmjs.org/@radix-ui%2freact-portal 72ms (cache revalidated)
506 silly packumentCache full:https://registry.npmjs.org/@radix-ui%2freact-portal set size:667939 disposed:false
507 silly fetch manifest @radix-ui/react-roving-focus@1.1.10
508 silly packumentCache full:https://registry.npmjs.org/@radix-ui%2freact-roving-focus cache-miss
509 http fetch GET 200 https://registry.npmjs.org/@radix-ui%2freact-focus-scope 69ms (cache revalidated)
510 silly packumentCache full:https://registry.npmjs.org/@radix-ui%2freact-focus-scope set size:643933 disposed:false
511 silly fetch manifest @radix-ui/react-visually-hidden@1.2.3
512 silly packumentCache full:https://registry.npmjs.org/@radix-ui%2freact-visually-hidden cache-miss
513 http fetch GET 200 https://registry.npmjs.org/@radix-ui%2freact-portal 52ms (cache revalidated)
514 silly packumentCache full:https://registry.npmjs.org/@radix-ui%2freact-portal set size:667939 disposed:false
515 silly packumentCache full:https://registry.npmjs.org/@radix-ui%2freact-portal dispose
516 silly fetch manifest @radix-ui/react-dismissable-layer@1.1.10
517 silly packumentCache full:https://registry.npmjs.org/@radix-ui%2freact-dismissable-layer cache-miss
518 http fetch GET 200 https://registry.npmjs.org/@radix-ui%2freact-menu 74ms (cache revalidated)
519 silly packumentCache full:https://registry.npmjs.org/@radix-ui%2freact-menu set size:1168171 disposed:false
520 silly fetch manifest aria-hidden@1.2.6
521 silly packumentCache full:https://registry.npmjs.org/aria-hidden cache-miss
522 http fetch GET 200 https://registry.npmjs.org/@radix-ui%2freact-menu 137ms (cache revalidated)
523 silly packumentCache full:https://registry.npmjs.org/@radix-ui%2freact-menu set size:1168171 disposed:false
524 silly fetch manifest @radix-ui/react-popper@1.2.7
525 silly packumentCache full:https://registry.npmjs.org/@radix-ui%2freact-popper cache-miss
526 http fetch GET 200 https://registry.npmjs.org/@radix-ui%2freact-menu 253ms (cache revalidated)
527 silly packumentCache full:https://registry.npmjs.org/@radix-ui%2freact-menu set size:1168171 disposed:false
528 silly fetch manifest @radix-ui/react-focus-guards@1.1.2
529 silly packumentCache full:https://registry.npmjs.org/@radix-ui%2freact-focus-guards cache-miss
530 http fetch GET 200 https://registry.npmjs.org/aria-hidden 296ms (cache revalidated)
531 silly packumentCache full:https://registry.npmjs.org/aria-hidden set size:40391 disposed:false
532 silly fetch manifest @radix-ui/react-dismissable-layer@1.1.10
533 silly packumentCache full:https://registry.npmjs.org/@radix-ui%2freact-dismissable-layer cache-miss
534 http fetch GET 200 https://registry.npmjs.org/aria-hidden 132ms (cache revalidated)
535 silly packumentCache full:https://registry.npmjs.org/aria-hidden set size:40391 disposed:false
536 silly packumentCache full:https://registry.npmjs.org/aria-hidden dispose
537 silly fetch manifest @radix-ui/react-roving-focus@1.1.10
538 silly packumentCache full:https://registry.npmjs.org/@radix-ui%2freact-roving-focus cache-miss
539 http fetch GET 200 https://registry.npmjs.org/@radix-ui%2freact-visually-hidden 228ms (cache revalidated)
540 silly packumentCache full:https://registry.npmjs.org/@radix-ui%2freact-visually-hidden set size:593995 disposed:false
541 silly fetch manifest @radix-ui/number@1.1.1
542 silly packumentCache full:https://registry.npmjs.org/@radix-ui%2fnumber cache-miss
543 http fetch GET 200 https://registry.npmjs.org/@radix-ui%2freact-dismissable-layer 215ms (cache revalidated)
544 silly packumentCache full:https://registry.npmjs.org/@radix-ui%2freact-dismissable-layer set size:803119 disposed:false
545 silly fetch manifest @radix-ui/number@1.1.1
546 silly packumentCache full:https://registry.npmjs.org/@radix-ui%2fnumber cache-miss
547 http fetch GET 200 https://registry.npmjs.org/@radix-ui%2freact-dismissable-layer 275ms (cache revalidated)
548 silly packumentCache full:https://registry.npmjs.org/@radix-ui%2freact-dismissable-layer set size:803119 disposed:false
549 silly packumentCache full:https://registry.npmjs.org/@radix-ui%2freact-dismissable-layer dispose
550 silly fetch manifest @radix-ui/react-popper@1.2.7
551 silly packumentCache full:https://registry.npmjs.org/@radix-ui%2freact-popper cache-miss
552 http fetch GET 200 https://registry.npmjs.org/@radix-ui%2freact-dismissable-layer 317ms (cache revalidated)
553 silly packumentCache full:https://registry.npmjs.org/@radix-ui%2freact-dismissable-layer set size:803119 disposed:true
554 silly packumentCache full:https://registry.npmjs.org/@radix-ui%2freact-dismissable-layer dispose
555 silly fetch manifest @radix-ui/react-focus-guards@1.1.2
556 silly packumentCache full:https://registry.npmjs.org/@radix-ui%2freact-focus-guards cache-miss
557 http fetch GET 200 https://registry.npmjs.org/@radix-ui%2freact-focus-guards 174ms (cache revalidated)
558 silly packumentCache full:https://registry.npmjs.org/@radix-ui%2freact-focus-guards set size:284533 disposed:false
559 silly fetch manifest @radix-ui/number@1.1.1
560 silly packumentCache full:https://registry.npmjs.org/@radix-ui%2fnumber cache-miss
561 http fetch GET 200 https://registry.npmjs.org/@radix-ui%2freact-focus-guards 328ms (cache revalidated)
562 silly packumentCache full:https://registry.npmjs.org/@radix-ui%2freact-focus-guards set size:284533 disposed:false
563 silly packumentCache full:https://registry.npmjs.org/@radix-ui%2freact-focus-guards dispose
564 silly fetch manifest @radix-ui/react-roving-focus@1.1.10
565 silly packumentCache full:https://registry.npmjs.org/@radix-ui%2freact-roving-focus cache-miss
566 http fetch GET 200 https://registry.npmjs.org/@radix-ui%2freact-dismissable-layer 61ms (cache revalidated)
567 silly packumentCache full:https://registry.npmjs.org/@radix-ui%2freact-dismissable-layer set size:803119 disposed:true
568 silly packumentCache full:https://registry.npmjs.org/@radix-ui%2freact-dismissable-layer dispose
569 silly fetch manifest @radix-ui/react-roving-focus@1.1.10
570 silly packumentCache full:https://registry.npmjs.org/@radix-ui%2freact-roving-focus cache-miss
571 http fetch GET 200 https://registry.npmjs.org/@radix-ui%2fnumber 59ms (cache revalidated)
572 silly packumentCache full:https://registry.npmjs.org/@radix-ui%2fnumber set size:96484 disposed:false
573 silly fetch manifest @radix-ui/react-popper@1.2.7
574 silly packumentCache full:https://registry.npmjs.org/@radix-ui%2freact-popper cache-miss
575 http fetch GET 200 https://registry.npmjs.org/@radix-ui%2fnumber 59ms (cache revalidated)
576 silly packumentCache full:https://registry.npmjs.org/@radix-ui%2fnumber set size:96484 disposed:false
577 silly packumentCache full:https://registry.npmjs.org/@radix-ui%2fnumber dispose
578 silly fetch manifest @tanstack/table-core@8.21.3
579 silly packumentCache full:https://registry.npmjs.org/@tanstack%2ftable-core cache-miss
580 http fetch GET 200 https://registry.npmjs.org/@radix-ui%2freact-focus-guards 61ms (cache revalidated)
581 silly packumentCache full:https://registry.npmjs.org/@radix-ui%2freact-focus-guards set size:284533 disposed:true
582 silly packumentCache full:https://registry.npmjs.org/@radix-ui%2freact-focus-guards dispose
583 silly fetch manifest picocolors@1.1.1
584 silly packumentCache full:https://registry.npmjs.org/picocolors cache-miss
585 http fetch GET 200 https://registry.npmjs.org/@radix-ui%2fnumber 79ms (cache revalidated)
586 silly packumentCache full:https://registry.npmjs.org/@radix-ui%2fnumber set size:96484 disposed:true
587 silly packumentCache full:https://registry.npmjs.org/@radix-ui%2fnumber dispose
588 silly fetch manifest fraction.js@4.3.7
589 silly packumentCache full:https://registry.npmjs.org/fraction.js cache-miss
590 http fetch GET 200 https://registry.npmjs.org/picocolors 42ms (cache revalidated)
591 silly packumentCache full:https://registry.npmjs.org/picocolors set size:16648 disposed:false
592 silly fetch manifest browserslist@4.25.1
593 silly packumentCache full:https://registry.npmjs.org/browserslist cache-miss
594 http fetch GET 200 https://registry.npmjs.org/fraction.js 62ms (cache revalidated)
595 silly packumentCache full:https://registry.npmjs.org/fraction.js set size:149386 disposed:false
596 silly fetch manifest caniuse-lite@1.0.30001727
597 silly packumentCache full:https://registry.npmjs.org/caniuse-lite cache-miss
598 http fetch GET 200 https://registry.npmjs.org/browserslist 45ms (cache revalidated)
599 silly packumentCache full:https://registry.npmjs.org/browserslist set size:504681 disposed:false
600 silly fetch manifest normalize-range@0.1.2
601 silly packumentCache full:https://registry.npmjs.org/normalize-range cache-miss
602 http fetch GET 200 https://registry.npmjs.org/caniuse-lite 72ms (cache revalidated)
603 silly packumentCache full:https://registry.npmjs.org/caniuse-lite set size:2293068 disposed:false
604 silly fetch manifest postcss-value-parser@4.2.0
605 silly packumentCache full:https://registry.npmjs.org/postcss-value-parser cache-miss
606 http fetch GET 200 https://registry.npmjs.org/@radix-ui%2freact-popper 194ms (cache revalidated)
607 silly packumentCache full:https://registry.npmjs.org/@radix-ui%2freact-popper set size:766112 disposed:false
608 silly fetch manifest nanoid@3.3.11
609 silly packumentCache full:https://registry.npmjs.org/nanoid cache-miss
610 http fetch GET 200 https://registry.npmjs.org/@radix-ui%2freact-popper 538ms (cache revalidated)
611 silly packumentCache full:https://registry.npmjs.org/@radix-ui%2freact-popper set size:766112 disposed:false
612 silly packumentCache full:https://registry.npmjs.org/@radix-ui%2freact-popper dispose
613 silly fetch manifest source-map-js@1.2.1
614 silly packumentCache full:https://registry.npmjs.org/source-map-js cache-miss
615 http fetch GET 200 https://registry.npmjs.org/@radix-ui%2freact-roving-focus 499ms (cache revalidated)
616 silly packumentCache full:https://registry.npmjs.org/@radix-ui%2freact-roving-focus set size:830379 disposed:false
617 silly fetch manifest form-data@4.0.3
618 silly packumentCache full:https://registry.npmjs.org/form-data cache-miss
619 http fetch GET 200 https://registry.npmjs.org/@radix-ui%2freact-popper 421ms (cache revalidated)
620 silly packumentCache full:https://registry.npmjs.org/@radix-ui%2freact-popper set size:766112 disposed:true
621 silly packumentCache full:https://registry.npmjs.org/@radix-ui%2freact-popper dispose
622 silly fetch manifest proxy-from-env@1.1.0
623 silly packumentCache full:https://registry.npmjs.org/proxy-from-env cache-miss
624 http fetch GET 200 https://registry.npmjs.org/@radix-ui%2freact-roving-focus 297ms (cache revalidated)
625 silly packumentCache full:https://registry.npmjs.org/@radix-ui%2freact-roving-focus set size:830379 disposed:false
626 silly packumentCache full:https://registry.npmjs.org/@radix-ui%2freact-roving-focus dispose
627 silly fetch manifest follow-redirects@1.15.9
628 silly packumentCache full:https://registry.npmjs.org/follow-redirects cache-miss
629 http fetch GET 200 https://registry.npmjs.org/@radix-ui%2freact-roving-focus 238ms (cache revalidated)
630 silly packumentCache full:https://registry.npmjs.org/@radix-ui%2freact-roving-focus set size:830379 disposed:true
631 silly packumentCache full:https://registry.npmjs.org/@radix-ui%2freact-roving-focus dispose
632 silly fetch manifest embla-carousel@8.6.0
633 silly packumentCache full:https://registry.npmjs.org/embla-carousel cache-miss
634 http fetch GET 200 https://registry.npmjs.org/@radix-ui%2freact-popper 258ms (cache revalidated)
635 silly packumentCache full:https://registry.npmjs.org/@radix-ui%2freact-popper set size:766112 disposed:true
636 silly packumentCache full:https://registry.npmjs.org/@radix-ui%2freact-popper dispose
637 silly fetch manifest embla-carousel-reactive-utils@8.6.0
638 silly packumentCache full:https://registry.npmjs.org/embla-carousel-reactive-utils cache-miss
639 http fetch GET 200 https://registry.npmjs.org/@radix-ui%2freact-roving-focus 251ms (cache revalidated)
640 silly packumentCache full:https://registry.npmjs.org/@radix-ui%2freact-roving-focus set size:830379 disposed:true
641 silly packumentCache full:https://registry.npmjs.org/@radix-ui%2freact-roving-focus dispose
642 silly fetch manifest motion-dom@12.40.0
643 silly packumentCache full:https://registry.npmjs.org/motion-dom cache-miss
644 http fetch GET 200 https://registry.npmjs.org/embla-carousel-reactive-utils 47ms (cache revalidated)
645 silly packumentCache full:https://registry.npmjs.org/embla-carousel-reactive-utils set size:119115 disposed:false
646 silly fetch manifest motion-utils@12.39.0
647 silly packumentCache full:https://registry.npmjs.org/motion-utils cache-miss
648 http fetch GET 200 https://registry.npmjs.org/postcss-value-parser 83ms (cache revalidated)
649 silly packumentCache full:https://registry.npmjs.org/postcss-value-parser set size:73484 disposed:false
650 silly fetch manifest tslib@2.8.1
651 silly packumentCache full:https://registry.npmjs.org/tslib cache-miss
652 http fetch GET 200 https://registry.npmjs.org/source-map-js 79ms (cache revalidated)
653 silly packumentCache full:https://registry.npmjs.org/source-map-js set size:62640 disposed:false
654 silly fetch manifest bson@6.10.4
655 silly packumentCache full:https://registry.npmjs.org/bson cache-miss
656 http fetch GET 200 https://registry.npmjs.org/motion-dom 60ms (cache revalidated)
657 silly packumentCache full:https://registry.npmjs.org/motion-dom set size:276777 disposed:false
658 silly fetch manifest @mongodb-js/saslprep@1.3.0
659 silly packumentCache full:https://registry.npmjs.org/@mongodb-js%2fsaslprep cache-miss
660 http fetch GET 200 https://registry.npmjs.org/follow-redirects 71ms (cache revalidated)
661 silly packumentCache full:https://registry.npmjs.org/follow-redirects set size:188945 disposed:false
662 silly fetch manifest mongodb-connection-string-url@3.0.2
663 silly packumentCache full:https://registry.npmjs.org/mongodb-connection-string-url cache-miss
664 http fetch GET 200 https://registry.npmjs.org/embla-carousel 70ms (cache revalidated)
665 silly packumentCache full:https://registry.npmjs.org/embla-carousel set size:831713 disposed:false
666 silly fetch manifest busboy@1.6.0
667 silly packumentCache full:https://registry.npmjs.org/busboy cache-miss
668 http fetch GET 200 https://registry.npmjs.org/proxy-from-env 80ms (cache revalidated)
669 silly packumentCache full:https://registry.npmjs.org/proxy-from-env set size:21422 disposed:false
670 silly fetch manifest postcss@8.4.31
671 silly packumentCache full:https://registry.npmjs.org/postcss cache-hit
672 silly fetch manifest @next/env@14.2.3
673 silly packumentCache full:https://registry.npmjs.org/@next%2fenv cache-miss
674 http fetch GET 200 https://registry.npmjs.org/form-data 85ms (cache revalidated)
675 silly packumentCache full:https://registry.npmjs.org/form-data set size:153646 disposed:false
676 silly fetch manifest styled-jsx@5.1.1
677 silly packumentCache full:https://registry.npmjs.org/styled-jsx cache-miss
678 http fetch GET 200 https://registry.npmjs.org/nanoid 95ms (cache revalidated)
679 silly packumentCache full:https://registry.npmjs.org/nanoid set size:310559 disposed:false
680 silly fetch manifest graceful-fs@4.2.11
681 silly packumentCache full:https://registry.npmjs.org/graceful-fs cache-miss
682 http fetch GET 200 https://registry.npmjs.org/motion-utils 41ms (cache revalidated)
683 silly packumentCache full:https://registry.npmjs.org/motion-utils set size:66443 disposed:false
684 silly fetch manifest @swc/helpers@0.5.5
685 silly packumentCache full:https://registry.npmjs.org/@swc%2fhelpers cache-miss
686 http fetch GET 200 https://registry.npmjs.org/tslib 48ms (cache revalidated)
687 silly packumentCache full:https://registry.npmjs.org/tslib set size:108760 disposed:false
688 silly fetch manifest @next/swc-darwin-x64@14.2.3
689 silly packumentCache full:https://registry.npmjs.org/@next%2fswc-darwin-x64 cache-miss
690 http fetch GET 200 https://registry.npmjs.org/busboy 138ms (cache revalidated)
691 silly packumentCache full:https://registry.npmjs.org/busboy set size:78901 disposed:false
692 silly fetch manifest @next/swc-darwin-arm64@14.2.3
693 silly packumentCache full:https://registry.npmjs.org/@next%2fswc-darwin-arm64 cache-miss
694 http fetch GET 200 https://registry.npmjs.org/mongodb-connection-string-url 142ms (cache revalidated)
695 silly packumentCache full:https://registry.npmjs.org/mongodb-connection-string-url set size:126647 disposed:false
696 silly fetch manifest @next/swc-linux-x64-gnu@14.2.3
697 silly packumentCache full:https://registry.npmjs.org/@next%2fswc-linux-x64-gnu cache-miss
698 http fetch GET 200 https://registry.npmjs.org/styled-jsx 136ms (cache revalidated)
699 silly packumentCache full:https://registry.npmjs.org/styled-jsx set size:436113 disposed:false
700 silly fetch manifest @next/swc-linux-x64-musl@14.2.3
701 silly packumentCache full:https://registry.npmjs.org/@next%2fswc-linux-x64-musl cache-miss
702 http fetch GET 200 https://registry.npmjs.org/@mongodb-js%2fsaslprep 147ms (cache revalidated)
703 silly packumentCache full:https://registry.npmjs.org/@mongodb-js%2fsaslprep set size:118365 disposed:false
704 silly fetch manifest @next/swc-win32-x64-msvc@14.2.3
705 silly packumentCache full:https://registry.npmjs.org/@next%2fswc-win32-x64-msvc cache-miss
706 http fetch GET 200 https://registry.npmjs.org/@swc%2fhelpers 124ms (cache revalidated)
707 silly packumentCache full:https://registry.npmjs.org/@swc%2fhelpers set size:775458 disposed:false
708 silly fetch manifest @next/swc-linux-arm64-gnu@14.2.3
709 silly packumentCache full:https://registry.npmjs.org/@next%2fswc-linux-arm64-gnu cache-miss
710 http fetch GET 200 https://registry.npmjs.org/graceful-fs 144ms (cache revalidated)
711 silly packumentCache full:https://registry.npmjs.org/graceful-fs set size:124285 disposed:false
712 silly fetch manifest @next/swc-win32-ia32-msvc@14.2.3
713 silly packumentCache full:https://registry.npmjs.org/@next%2fswc-win32-ia32-msvc cache-miss
714 http fetch GET 200 https://registry.npmjs.org/normalize-range 323ms (cache revalidated)
715 silly packumentCache full:https://registry.npmjs.org/normalize-range set size:10677 disposed:false
716 silly fetch manifest @next/swc-linux-arm64-musl@14.2.3
717 silly packumentCache full:https://registry.npmjs.org/@next%2fswc-linux-arm64-musl cache-miss
718 http fetch GET 200 https://registry.npmjs.org/bson 157ms (cache revalidated)
719 silly packumentCache full:https://registry.npmjs.org/bson set size:580424 disposed:false
720 silly fetch manifest @next/swc-win32-arm64-msvc@14.2.3
721 silly packumentCache full:https://registry.npmjs.org/@next%2fswc-win32-arm64-msvc cache-miss
722 http fetch GET 200 https://registry.npmjs.org/@next%2fswc-darwin-x64 124ms (cache revalidated)
723 silly packumentCache full:https://registry.npmjs.org/@next%2fswc-darwin-x64 set size:5212742 disposed:false
724 silly fetch manifest @date-fns/tz@1.2.0
725 silly packumentCache full:https://registry.npmjs.org/@date-fns%2ftz cache-miss
726 http fetch GET 200 https://registry.npmjs.org/@next%2fswc-win32-arm64-msvc 85ms (cache revalidated)
727 silly packumentCache full:https://registry.npmjs.org/@next%2fswc-win32-arm64-msvc set size:5104278 disposed:false
728 silly fetch manifest date-fns-jalali@4.1.0-0
729 silly packumentCache full:https://registry.npmjs.org/date-fns-jalali cache-miss
730 http fetch GET 200 https://registry.npmjs.org/@next%2fswc-linux-arm64-gnu 113ms (cache revalidated)
731 silly packumentCache full:https://registry.npmjs.org/@next%2fswc-linux-arm64-gnu set size:5122342 disposed:false
732 silly fetch manifest lodash@4.17.21
733 silly packumentCache full:https://registry.npmjs.org/lodash cache-miss
734 http fetch GET 200 https://registry.npmjs.org/@next%2fswc-linux-x64-musl 137ms (cache revalidated)
735 silly packumentCache full:https://registry.npmjs.org/@next%2fswc-linux-x64-musl set size:5075121 disposed:false
736 silly fetch manifest react-is@18.3.1
737 silly packumentCache full:https://registry.npmjs.org/react-is cache-miss
738 http fetch GET 200 https://registry.npmjs.org/@next%2fswc-linux-x64-gnu 157ms (cache revalidated)
739 silly packumentCache full:https://registry.npmjs.org/@next%2fswc-linux-x64-gnu set size:5319091 disposed:false
740 silly fetch manifest react-smooth@4.0.4
741 silly packumentCache full:https://registry.npmjs.org/react-smooth cache-miss
742 http fetch GET 200 https://registry.npmjs.org/date-fns-jalali 65ms (cache revalidated)
743 silly packumentCache full:https://registry.npmjs.org/date-fns-jalali set size:1845028 disposed:false
744 silly fetch manifest eventemitter3@4.0.7
745 silly packumentCache full:https://registry.npmjs.org/eventemitter3 cache-miss
746 http fetch GET 200 https://registry.npmjs.org/@next%2fenv 339ms (cache revalidated)
747 silly packumentCache full:https://registry.npmjs.org/@next%2fenv set size:7267110 disposed:false
748 silly fetch manifest recharts-scale@0.4.5
749 silly packumentCache full:https://registry.npmjs.org/recharts-scale cache-miss
750 http fetch GET 200 https://registry.npmjs.org/react-smooth 67ms (cache revalidated)
751 silly packumentCache full:https://registry.npmjs.org/react-smooth set size:197810 disposed:false
752 silly fetch manifest tiny-invariant@1.3.3
753 silly packumentCache full:https://registry.npmjs.org/tiny-invariant cache-miss
754 http fetch GET 200 https://registry.npmjs.org/react-is 105ms (cache revalidated)
755 silly packumentCache full:https://registry.npmjs.org/react-is set size:5388215 disposed:false
756 silly fetch manifest victory-vendor@36.9.2
757 silly packumentCache full:https://registry.npmjs.org/victory-vendor cache-miss
758 http fetch GET 200 https://registry.npmjs.org/recharts-scale 68ms (cache revalidated)
759 silly packumentCache full:https://registry.npmjs.org/recharts-scale set size:62529 disposed:false
760 silly fetch manifest arg@5.0.2
761 silly packumentCache full:https://registry.npmjs.org/arg cache-miss
762 http fetch GET 200 https://registry.npmjs.org/tiny-invariant 55ms (cache revalidated)
763 silly packumentCache full:https://registry.npmjs.org/tiny-invariant set size:98310 disposed:false
764 silly fetch manifest dlv@1.1.3
765 silly packumentCache full:https://registry.npmjs.org/dlv cache-miss
766 http fetch GET 200 https://registry.npmjs.org/@next%2fswc-linux-arm64-musl 297ms (cache revalidated)
767 silly packumentCache full:https://registry.npmjs.org/@next%2fswc-linux-arm64-musl set size:5140262 disposed:false
768 silly fetch manifest jiti@1.21.7
769 silly packumentCache full:https://registry.npmjs.org/jiti cache-miss
770 http fetch GET 200 https://registry.npmjs.org/@next%2fswc-win32-x64-msvc 322ms (cache revalidated)
771 silly packumentCache full:https://registry.npmjs.org/@next%2fswc-win32-x64-msvc set size:5290974 disposed:false
772 silly fetch manifest is-glob@4.0.3
773 silly packumentCache full:https://registry.npmjs.org/is-glob cache-miss
774 http fetch GET 200 https://registry.npmjs.org/@date-fns%2ftz 314ms (cache revalidated)
775 silly packumentCache full:https://registry.npmjs.org/@date-fns%2ftz set size:54909 disposed:false
776 silly fetch manifest resolve@1.22.10
777 silly packumentCache full:https://registry.npmjs.org/resolve cache-miss
778 http fetch GET 200 https://registry.npmjs.org/@tanstack%2ftable-core 763ms (cache revalidated)
779 silly packumentCache full:https://registry.npmjs.org/@tanstack%2ftable-core set size:565508 disposed:false
780 silly fetch manifest sucrase@3.35.0
781 silly packumentCache full:https://registry.npmjs.org/sucrase cache-miss
782 http fetch GET 200 https://registry.npmjs.org/victory-vendor 73ms (cache revalidated)
783 silly packumentCache full:https://registry.npmjs.org/victory-vendor set size:249266 disposed:false
784 silly fetch manifest chokidar@3.6.0
785 silly packumentCache full:https://registry.npmjs.org/chokidar cache-miss
786 http fetch GET 200 https://registry.npmjs.org/dlv 54ms (cache revalidated)
787 silly packumentCache full:https://registry.npmjs.org/dlv set size:16709 disposed:false
788 silly fetch manifest fast-glob@3.3.3
789 silly packumentCache full:https://registry.npmjs.org/fast-glob cache-miss
790 http fetch GET 200 https://registry.npmjs.org/@next%2fswc-darwin-arm64 358ms (cache revalidated)
791 silly packumentCache full:https://registry.npmjs.org/@next%2fswc-darwin-arm64 set size:5269697 disposed:false
792 silly fetch manifest lilconfig@3.1.3
793 silly packumentCache full:https://registry.npmjs.org/lilconfig cache-miss
794 http fetch GET 200 https://registry.npmjs.org/arg 88ms (cache revalidated)
795 silly packumentCache full:https://registry.npmjs.org/arg set size:67036 disposed:false
796 silly fetch manifest didyoumean@1.2.2
797 silly packumentCache full:https://registry.npmjs.org/didyoumean cache-miss
798 http fetch GET 200 https://registry.npmjs.org/sucrase 44ms (cache revalidated)
799 silly packumentCache full:https://registry.npmjs.org/sucrase set size:449399 disposed:false
800 silly fetch manifest micromatch@4.0.8
801 silly packumentCache full:https://registry.npmjs.org/micromatch cache-miss
802 http fetch GET 200 https://registry.npmjs.org/is-glob 58ms (cache revalidated)
803 silly packumentCache full:https://registry.npmjs.org/is-glob set size:40530 disposed:false
804 silly fetch manifest postcss-js@4.0.1
805 silly packumentCache full:https://registry.npmjs.org/postcss-js cache-miss
806 http fetch GET 200 https://registry.npmjs.org/resolve 63ms (cache revalidated)
807 silly packumentCache full:https://registry.npmjs.org/resolve set size:244568 disposed:false
808 silly fetch manifest glob-parent@6.0.2
809 silly packumentCache full:https://registry.npmjs.org/glob-parent cache-miss
810 http fetch GET 200 https://registry.npmjs.org/lilconfig 53ms (cache revalidated)
811 silly packumentCache full:https://registry.npmjs.org/lilconfig set size:45636 disposed:false
812 silly fetch manifest object-hash@3.0.0
813 silly packumentCache full:https://registry.npmjs.org/object-hash cache-miss
814 http fetch GET 200 https://registry.npmjs.org/didyoumean 147ms (cache revalidated)
815 silly packumentCache full:https://registry.npmjs.org/didyoumean set size:11446 disposed:false
816 silly fetch manifest normalize-path@3.0.0
817 silly packumentCache full:https://registry.npmjs.org/normalize-path cache-miss
818 http fetch GET 200 https://registry.npmjs.org/glob-parent 113ms (cache revalidated)
819 silly packumentCache full:https://registry.npmjs.org/glob-parent set size:42445 disposed:false
820 silly fetch manifest postcss-import@15.1.0
821 silly packumentCache full:https://registry.npmjs.org/postcss-import cache-miss
822 http fetch GET 200 https://registry.npmjs.org/object-hash 99ms (cache revalidated)
823 silly packumentCache full:https://registry.npmjs.org/object-hash set size:100564 disposed:false
824 silly fetch manifest postcss-nested@6.2.0
825 silly packumentCache full:https://registry.npmjs.org/postcss-nested cache-miss
826 http fetch GET 200 https://registry.npmjs.org/chokidar 175ms (cache revalidated)
827 silly packumentCache full:https://registry.npmjs.org/chokidar set size:255902 disposed:false
828 silly fetch manifest @alloc/quick-lru@5.2.0
829 silly packumentCache full:https://registry.npmjs.org/@alloc%2fquick-lru cache-miss
830 http fetch GET 200 https://registry.npmjs.org/micromatch 132ms (cache revalidated)
831 silly packumentCache full:https://registry.npmjs.org/micromatch set size:240630 disposed:false
832 silly fetch manifest postcss-load-config@4.0.2
833 silly packumentCache full:https://registry.npmjs.org/postcss-load-config cache-miss
834 http fetch GET 200 https://registry.npmjs.org/lodash 393ms (cache revalidated)
835 silly packumentCache full:https://registry.npmjs.org/lodash set size:247652 disposed:false
836 silly fetch manifest postcss-selector-parser@6.1.2
837 silly packumentCache full:https://registry.npmjs.org/postcss-selector-parser cache-miss
838 http fetch GET 200 https://registry.npmjs.org/postcss-js 129ms (cache revalidated)
839 silly packumentCache full:https://registry.npmjs.org/postcss-js set size:51308 disposed:false
840 http fetch GET 200 https://registry.npmjs.org/eventemitter3 342ms (cache revalidated)
841 silly packumentCache full:https://registry.npmjs.org/eventemitter3 set size:92292 disposed:false
842 http fetch GET 200 https://registry.npmjs.org/@next%2fswc-win32-ia32-msvc 533ms (cache revalidated)
843 silly packumentCache full:https://registry.npmjs.org/@next%2fswc-win32-ia32-msvc set size:3201589 disposed:false
844 http fetch GET 200 https://registry.npmjs.org/postcss-nested 60ms (cache revalidated)
845 silly packumentCache full:https://registry.npmjs.org/postcss-nested set size:79120 disposed:false
846 http fetch GET 200 https://registry.npmjs.org/postcss-selector-parser 54ms (cache revalidated)
847 silly packumentCache full:https://registry.npmjs.org/postcss-selector-parser set size:177140 disposed:false
848 http fetch GET 200 https://registry.npmjs.org/postcss-load-config 65ms (cache revalidated)
849 silly packumentCache full:https://registry.npmjs.org/postcss-load-config set size:86425 disposed:false
850 http fetch GET 200 https://registry.npmjs.org/normalize-path 74ms (cache revalidated)
851 silly packumentCache full:https://registry.npmjs.org/normalize-path set size:28713 disposed:false
852 http fetch GET 200 https://registry.npmjs.org/jiti 311ms (cache revalidated)
853 silly packumentCache full:https://registry.npmjs.org/jiti set size:387989 disposed:false
854 http fetch GET 200 https://registry.npmjs.org/fast-glob 311ms (cache revalidated)
855 silly packumentCache full:https://registry.npmjs.org/fast-glob set size:220556 disposed:false
856 http fetch GET 200 https://registry.npmjs.org/postcss-import 289ms (cache revalidated)
857 silly packumentCache full:https://registry.npmjs.org/postcss-import set size:120971 disposed:false
858 http fetch GET 200 https://registry.npmjs.org/@alloc%2fquick-lru 327ms (cache revalidated)
859 silly packumentCache full:https://registry.npmjs.org/@alloc%2fquick-lru set size:7269 disposed:false
860 silly placeDep ROOT @standard-schema/utils@0.3.0 OK for: @hookform/resolvers@5.1.1 want: ^0.3.0
861 silly placeDep ROOT @radix-ui/primitive@1.1.2 OK for: @radix-ui/react-accordion@1.2.11 want: 1.1.2
862 silly placeDep ROOT @radix-ui/react-collection@1.1.7 OK for: @radix-ui/react-accordion@1.2.11 want: 1.1.7
863 silly placeDep ROOT @radix-ui/react-compose-refs@1.1.2 OK for: @radix-ui/react-accordion@1.2.11 want: 1.1.2
864 silly placeDep ROOT @radix-ui/react-context@1.1.2 OK for: @radix-ui/react-accordion@1.2.11 want: 1.1.2
865 silly placeDep ROOT @radix-ui/react-direction@1.1.1 OK for: @radix-ui/react-accordion@1.2.11 want: 1.1.1
866 silly placeDep ROOT @radix-ui/react-id@1.1.1 OK for: @radix-ui/react-accordion@1.2.11 want: 1.1.1
867 silly placeDep ROOT @radix-ui/react-primitive@2.1.3 OK for: @radix-ui/react-accordion@1.2.11 want: 2.1.3
868 silly placeDep ROOT @radix-ui/react-use-controllable-state@1.2.2 OK for: @radix-ui/react-accordion@1.2.11 want: 1.2.2
869 silly fetch manifest @radix-ui/react-use-effect-event@0.0.2
870 silly packumentCache full:https://registry.npmjs.org/@radix-ui%2freact-use-effect-event cache-miss
871 http fetch GET 200 https://registry.npmjs.org/@radix-ui%2freact-use-effect-event 65ms (cache revalidated)
872 silly packumentCache full:https://registry.npmjs.org/@radix-ui%2freact-use-effect-event set size:23349 disposed:false
873 silly placeDep ROOT @radix-ui/react-use-callback-ref@1.1.1 OK for: @radix-ui/react-avatar@1.1.10 want: 1.1.1
874 silly placeDep ROOT @radix-ui/react-use-is-hydrated@0.1.0 OK for: @radix-ui/react-avatar@1.1.10 want: 0.1.0
875 silly placeDep ROOT @radix-ui/react-use-layout-effect@1.1.1 OK for: @radix-ui/react-avatar@1.1.10 want: 1.1.1
876 silly fetch manifest use-sync-external-store@1.5.0
877 silly packumentCache full:https://registry.npmjs.org/use-sync-external-store cache-miss
878 http fetch GET 200 https://registry.npmjs.org/use-sync-external-store 181ms (cache revalidated)
879 silly packumentCache full:https://registry.npmjs.org/use-sync-external-store set size:4685366 disposed:false
880 silly placeDep ROOT @radix-ui/react-presence@1.1.4 OK for: @radix-ui/react-checkbox@1.3.2 want: 1.1.4
881 silly placeDep ROOT @radix-ui/react-use-previous@1.1.1 OK for: @radix-ui/react-checkbox@1.3.2 want: 1.1.1
882 silly placeDep ROOT @radix-ui/react-use-size@1.1.1 OK for: @radix-ui/react-checkbox@1.3.2 want: 1.1.1
883 silly placeDep ROOT @radix-ui/react-menu@2.1.15 OK for: @radix-ui/react-context-menu@2.2.15 want: 2.1.15
884 silly placeDep ROOT @radix-ui/react-dismissable-layer@1.1.10 OK for: @radix-ui/react-dialog@1.1.14 want: 1.1.10
885 silly placeDep ROOT @radix-ui/react-focus-guards@1.1.2 OK for: @radix-ui/react-dialog@1.1.14 want: 1.1.2
886 silly placeDep ROOT @radix-ui/react-focus-scope@1.1.7 OK for: @radix-ui/react-dialog@1.1.14 want: 1.1.7
887 silly placeDep ROOT @radix-ui/react-portal@1.1.9 OK for: @radix-ui/react-dialog@1.1.14 want: 1.1.9
888 silly placeDep ROOT aria-hidden@1.2.6 OK for: @radix-ui/react-dialog@1.1.14 want: ^1.2.4
889 silly placeDep ROOT react-remove-scroll@2.7.1 OK for: @radix-ui/react-dialog@1.1.14 want: ^2.6.3
890 silly fetch manifest @radix-ui/react-use-escape-keydown@1.1.1
891 silly packumentCache full:https://registry.npmjs.org/@radix-ui%2freact-use-escape-keydown cache-miss
892 silly fetch manifest use-sidecar@1.1.3
893 silly packumentCache full:https://registry.npmjs.org/use-sidecar cache-miss
894 silly fetch manifest use-callback-ref@1.3.3
895 silly packumentCache full:https://registry.npmjs.org/use-callback-ref cache-miss
896 silly fetch manifest react-style-singleton@2.2.3
897 silly packumentCache full:https://registry.npmjs.org/react-style-singleton cache-miss
898 silly fetch manifest react-remove-scroll-bar@2.3.8
899 silly packumentCache full:https://registry.npmjs.org/react-remove-scroll-bar cache-miss
900 http fetch GET 200 https://registry.npmjs.org/use-callback-ref 45ms (cache revalidated)
901 silly packumentCache full:https://registry.npmjs.org/use-callback-ref set size:47599 disposed:false
902 http fetch GET 200 https://registry.npmjs.org/use-sidecar 51ms (cache revalidated)
903 silly packumentCache full:https://registry.npmjs.org/use-sidecar set size:58998 disposed:false
904 http fetch GET 200 https://registry.npmjs.org/react-style-singleton 55ms (cache revalidated)
905 silly packumentCache full:https://registry.npmjs.org/react-style-singleton set size:33682 disposed:false
906 http fetch GET 200 https://registry.npmjs.org/react-remove-scroll-bar 66ms (cache revalidated)
907 silly packumentCache full:https://registry.npmjs.org/react-remove-scroll-bar set size:66434 disposed:false
908 http fetch GET 200 https://registry.npmjs.org/@radix-ui%2freact-use-escape-keydown 403ms (cache revalidated)
909 silly packumentCache full:https://registry.npmjs.org/@radix-ui%2freact-use-escape-keydown set size:278235 disposed:false
910 silly placeDep ROOT @radix-ui/react-use-escape-keydown@1.1.1 OK for: @radix-ui/react-dismissable-layer@1.1.10 want: 1.1.1
911 silly placeDep ROOT @radix-ui/react-popper@1.2.7 OK for: @radix-ui/react-hover-card@1.1.14 want: 1.2.7
912 silly fetch manifest @radix-ui/rect@1.1.1
913 silly packumentCache full:https://registry.npmjs.org/@radix-ui%2frect cache-miss
914 silly fetch manifest @radix-ui/react-arrow@1.1.7
915 silly packumentCache full:https://registry.npmjs.org/@radix-ui%2freact-arrow cache-miss
916 silly fetch manifest @floating-ui/react-dom@2.1.4
917 silly packumentCache full:https://registry.npmjs.org/@floating-ui%2freact-dom cache-miss
918 silly fetch manifest @radix-ui/react-use-rect@1.1.1
919 silly packumentCache full:https://registry.npmjs.org/@radix-ui%2freact-use-rect cache-miss
920 http fetch GET 200 https://registry.npmjs.org/@radix-ui%2freact-use-rect 58ms (cache revalidated)
921 silly packumentCache full:https://registry.npmjs.org/@radix-ui%2freact-use-rect set size:226040 disposed:false
922 http fetch GET 200 https://registry.npmjs.org/@floating-ui%2freact-dom 365ms (cache revalidated)
923 silly packumentCache full:https://registry.npmjs.org/@floating-ui%2freact-dom set size:165093 disposed:false
924 http fetch GET 200 https://registry.npmjs.org/@radix-ui%2freact-arrow 369ms (cache revalidated)
925 silly packumentCache full:https://registry.npmjs.org/@radix-ui%2freact-arrow set size:584244 disposed:false
926 http fetch GET 200 https://registry.npmjs.org/@radix-ui%2frect 516ms (cache revalidated)
927 silly packumentCache full:https://registry.npmjs.org/@radix-ui%2frect set size:101360 disposed:false
928 silly placeDep ROOT @radix-ui/react-roving-focus@1.1.10 OK for: @radix-ui/react-menu@2.1.15 want: 1.1.10
929 silly placeDep ROOT @radix-ui/react-visually-hidden@1.2.3 OK for: @radix-ui/react-navigation-menu@1.2.13 want: 1.2.3
930 silly placeDep ROOT @floating-ui/react-dom@2.1.4 OK for: @radix-ui/react-popper@1.2.7 want: ^2.0.0
931 silly placeDep ROOT @radix-ui/react-arrow@1.1.7 OK for: @radix-ui/react-popper@1.2.7 want: 1.1.7
932 silly placeDep ROOT @radix-ui/react-use-rect@1.1.1 OK for: @radix-ui/react-popper@1.2.7 want: 1.1.1
933 silly placeDep ROOT @radix-ui/rect@1.1.1 OK for: @radix-ui/react-popper@1.2.7 want: 1.1.1
934 silly fetch manifest @floating-ui/dom@1.7.2
935 silly packumentCache full:https://registry.npmjs.org/@floating-ui%2fdom cache-miss
936 http fetch GET 200 https://registry.npmjs.org/@floating-ui%2fdom 116ms (cache revalidated)
937 silly packumentCache full:https://registry.npmjs.org/@floating-ui%2fdom set size:251540 disposed:false
938 silly placeDep ROOT @floating-ui/dom@1.7.2 OK for: @floating-ui/react-dom@2.1.4 want: ^1.7.2
939 silly fetch manifest @floating-ui/core@1.7.2
940 silly packumentCache full:https://registry.npmjs.org/@floating-ui%2fcore cache-miss
941 silly fetch manifest @floating-ui/utils@0.2.10
942 silly packumentCache full:https://registry.npmjs.org/@floating-ui%2futils cache-miss
943 http fetch GET 200 https://registry.npmjs.org/@floating-ui%2futils 381ms (cache revalidated)
944 silly packumentCache full:https://registry.npmjs.org/@floating-ui%2futils set size:51278 disposed:false
945 http fetch GET 200 https://registry.npmjs.org/@floating-ui%2fcore 724ms (cache revalidated)
946 silly packumentCache full:https://registry.npmjs.org/@floating-ui%2fcore set size:179277 disposed:false
947 silly placeDep ROOT @floating-ui/core@1.7.2 OK for: @floating-ui/dom@1.7.2 want: ^1.7.2
948 silly placeDep ROOT @floating-ui/utils@0.2.10 OK for: @floating-ui/dom@1.7.2 want: ^0.2.10
949 silly placeDep ROOT @radix-ui/number@1.1.1 OK for: @radix-ui/react-scroll-area@1.2.9 want: 1.1.1
950 silly placeDep ROOT @radix-ui/react-use-effect-event@0.0.2 OK for: @radix-ui/react-use-controllable-state@1.2.2 want: 0.0.2
951 silly placeDep ROOT use-sync-external-store@1.5.0 OK for: @radix-ui/react-use-is-hydrated@0.1.0 want: ^1.5.0
952 silly placeDep ROOT @tanstack/table-core@8.21.3 OK for: @tanstack/react-table@8.21.3 want: 8.21.3
953 silly placeDep ROOT tslib@2.8.1 OK for: aria-hidden@1.2.6 want: ^2.0.0
954 silly placeDep ROOT browserslist@4.25.1 OK for: autoprefixer@10.4.21 want: ^4.24.4
955 silly placeDep ROOT caniuse-lite@1.0.30001727 OK for: autoprefixer@10.4.21 want: ^1.0.30001702
956 silly placeDep ROOT fraction.js@4.3.7 OK for: autoprefixer@10.4.21 want: ^4.3.7
957 silly placeDep ROOT normalize-range@0.1.2 OK for: autoprefixer@10.4.21 want: ^0.1.2
958 silly placeDep ROOT picocolors@1.1.1 OK for: autoprefixer@10.4.21 want: ^1.1.1
959 silly placeDep ROOT postcss-value-parser@4.2.0 OK for: autoprefixer@10.4.21 want: ^4.2.0
960 silly fetch manifest node-releases@2.0.19
961 silly packumentCache full:https://registry.npmjs.org/node-releases cache-miss
962 silly fetch manifest electron-to-chromium@1.5.180
963 silly packumentCache full:https://registry.npmjs.org/electron-to-chromium cache-miss
964 silly fetch manifest update-browserslist-db@1.1.3
965 silly packumentCache full:https://registry.npmjs.org/update-browserslist-db cache-miss
966 http fetch GET 200 https://registry.npmjs.org/node-releases 52ms (cache revalidated)
967 silly packumentCache full:https://registry.npmjs.org/node-releases set size:281408 disposed:false
968 http fetch GET 200 https://registry.npmjs.org/update-browserslist-db 55ms (cache revalidated)
969 silly packumentCache full:https://registry.npmjs.org/update-browserslist-db set size:62000 disposed:false
970 http fetch GET 200 https://registry.npmjs.org/electron-to-chromium 75ms (cache revalidated)
971 silly packumentCache full:https://registry.npmjs.org/electron-to-chromium set size:4806882 disposed:false
972 silly placeDep ROOT follow-redirects@1.15.9 OK for: axios@1.10.0 want: ^1.15.6
973 silly placeDep ROOT form-data@4.0.3 OK for: axios@1.10.0 want: ^4.0.0
974 silly placeDep ROOT proxy-from-env@1.1.0 OK for: axios@1.10.0 want: ^1.1.0
975 silly fetch manifest hasown@2.0.2
976 silly packumentCache full:https://registry.npmjs.org/hasown cache-miss
977 silly fetch manifest asynckit@0.4.0
978 silly packumentCache full:https://registry.npmjs.org/asynckit cache-miss
979 silly fetch manifest mime-types@2.1.35
980 silly packumentCache full:https://registry.npmjs.org/mime-types cache-miss
981 silly fetch manifest combined-stream@1.0.8
982 silly packumentCache full:https://registry.npmjs.org/combined-stream cache-miss
983 silly fetch manifest es-set-tostringtag@2.1.0
984 silly packumentCache full:https://registry.npmjs.org/es-set-tostringtag cache-miss
985 http fetch GET 200 https://registry.npmjs.org/asynckit 101ms (cache revalidated)
986 silly packumentCache full:https://registry.npmjs.org/asynckit set size:18932 disposed:false
987 http fetch GET 200 https://registry.npmjs.org/es-set-tostringtag 100ms (cache revalidated)
988 silly packumentCache full:https://registry.npmjs.org/es-set-tostringtag set size:22094 disposed:false
989 http fetch GET 200 https://registry.npmjs.org/combined-stream 109ms (cache revalidated)
990 silly packumentCache full:https://registry.npmjs.org/combined-stream set size:40337 disposed:false
991 http fetch GET 200 https://registry.npmjs.org/mime-types 122ms (cache revalidated)
992 silly packumentCache full:https://registry.npmjs.org/mime-types set size:139110 disposed:false
993 http fetch GET 200 https://registry.npmjs.org/hasown 374ms (cache revalidated)
994 silly packumentCache full:https://registry.npmjs.org/hasown set size:15429 disposed:false
995 silly placeDep ROOT electron-to-chromium@1.5.180 OK for: browserslist@4.25.1 want: ^1.5.173
996 silly placeDep ROOT node-releases@2.0.19 OK for: browserslist@4.25.1 want: ^2.0.19
997 silly placeDep ROOT update-browserslist-db@1.1.3 OK for: browserslist@4.25.1 want: ^1.1.3
998 silly fetch manifest escalade@3.2.0
999 silly packumentCache full:https://registry.npmjs.org/escalade cache-miss
1000 http fetch GET 200 https://registry.npmjs.org/escalade 56ms (cache revalidated)
1001 silly packumentCache full:https://registry.npmjs.org/escalade set size:33724 disposed:false
1002 silly placeDep ROOT embla-carousel@8.6.0 OK for: embla-carousel-react@8.6.0 want: 8.6.0
1003 silly placeDep ROOT embla-carousel-reactive-utils@8.6.0 OK for: embla-carousel-react@8.6.0 want: 8.6.0
1004 silly placeDep ROOT asynckit@0.4.0 OK for: form-data@4.0.3 want: ^0.4.0
1005 silly placeDep ROOT combined-stream@1.0.8 OK for: form-data@4.0.3 want: ^1.0.8
1006 silly placeDep ROOT es-set-tostringtag@2.1.0 OK for: form-data@4.0.3 want: ^2.1.0
1007 silly placeDep ROOT hasown@2.0.2 OK for: form-data@4.0.3 want: ^2.0.2
1008 silly placeDep ROOT mime-types@2.1.35 OK for: form-data@4.0.3 want: ^2.1.12
1009 silly fetch manifest delayed-stream@1.0.0
1010 silly packumentCache full:https://registry.npmjs.org/delayed-stream cache-miss
1011 silly fetch manifest es-errors@1.3.0
1012 silly packumentCache full:https://registry.npmjs.org/es-errors cache-miss
1013 silly fetch manifest get-intrinsic@1.3.0
1014 silly packumentCache full:https://registry.npmjs.org/get-intrinsic cache-miss
1015 silly fetch manifest has-tostringtag@1.0.2
1016 silly packumentCache full:https://registry.npmjs.org/has-tostringtag cache-miss
1017 silly fetch manifest function-bind@1.1.2
1018 silly packumentCache full:https://registry.npmjs.org/function-bind cache-miss
1019 silly fetch manifest mime-db@1.52.0
1020 silly packumentCache full:https://registry.npmjs.org/mime-db cache-miss
1021 http fetch GET 200 https://registry.npmjs.org/es-errors 48ms (cache revalidated)
1022 silly packumentCache full:https://registry.npmjs.org/es-errors set size:16918 disposed:false
1023 http fetch GET 200 https://registry.npmjs.org/function-bind 48ms (cache revalidated)
1024 silly packumentCache full:https://registry.npmjs.org/function-bind set size:15733 disposed:false
1025 http fetch GET 200 https://registry.npmjs.org/has-tostringtag 51ms (cache revalidated)
1026 silly packumentCache full:https://registry.npmjs.org/has-tostringtag set size:13945 disposed:false
1027 http fetch GET 200 https://registry.npmjs.org/get-intrinsic 56ms (cache revalidated)
1028 silly packumentCache full:https://registry.npmjs.org/get-intrinsic set size:60985 disposed:false
1029 http fetch GET 200 https://registry.npmjs.org/mime-db 145ms (cache revalidated)
1030 silly packumentCache full:https://registry.npmjs.org/mime-db set size:164953 disposed:false
1031 http fetch GET 200 https://registry.npmjs.org/delayed-stream 292ms (cache revalidated)
1032 silly packumentCache full:https://registry.npmjs.org/delayed-stream set size:15820 disposed:false
1033 silly placeDep ROOT delayed-stream@1.0.0 OK for: combined-stream@1.0.8 want: ~1.0.0
1034 silly placeDep ROOT es-errors@1.3.0 OK for: es-set-tostringtag@2.1.0 want: ^1.3.0
1035 silly placeDep ROOT get-intrinsic@1.3.0 OK for: es-set-tostringtag@2.1.0 want: ^1.2.6
1036 silly placeDep ROOT has-tostringtag@1.0.2 OK for: es-set-tostringtag@2.1.0 want: ^1.0.2
1037 silly fetch manifest gopd@1.2.0
1038 silly packumentCache full:https://registry.npmjs.org/gopd cache-miss
1039 silly fetch manifest get-proto@1.0.1
1040 silly packumentCache full:https://registry.npmjs.org/get-proto cache-miss
1041 silly fetch manifest has-symbols@1.1.0
1042 silly packumentCache full:https://registry.npmjs.org/has-symbols cache-miss
1043 silly fetch manifest es-object-atoms@1.1.1
1044 silly packumentCache full:https://registry.npmjs.org/es-object-atoms cache-miss
1045 silly fetch manifest math-intrinsics@1.1.0
1046 silly packumentCache full:https://registry.npmjs.org/math-intrinsics cache-miss
1047 silly fetch manifest es-define-property@1.0.1
1048 silly packumentCache full:https://registry.npmjs.org/es-define-property cache-miss
1049 silly fetch manifest call-bind-apply-helpers@1.0.2
1050 silly packumentCache full:https://registry.npmjs.org/call-bind-apply-helpers cache-miss
1051 silly fetch manifest has-symbols@1.1.0
1052 silly packumentCache full:https://registry.npmjs.org/has-symbols cache-miss
1053 http fetch GET 200 https://registry.npmjs.org/es-define-property 51ms (cache revalidated)
1054 silly packumentCache full:https://registry.npmjs.org/es-define-property set size:8542 disposed:false
1055 http fetch GET 200 https://registry.npmjs.org/math-intrinsics 53ms (cache revalidated)
1056 silly packumentCache full:https://registry.npmjs.org/math-intrinsics set size:9265 disposed:false
1057 http fetch GET 200 https://registry.npmjs.org/gopd 59ms (cache revalidated)
1058 silly packumentCache full:https://registry.npmjs.org/gopd set size:11458 disposed:false
1059 http fetch GET 200 https://registry.npmjs.org/call-bind-apply-helpers 62ms (cache revalidated)
1060 silly packumentCache full:https://registry.npmjs.org/call-bind-apply-helpers set size:12744 disposed:false
1061 http fetch GET 200 https://registry.npmjs.org/es-object-atoms 65ms (cache revalidated)
1062 silly packumentCache full:https://registry.npmjs.org/es-object-atoms set size:18278 disposed:false
1063 http fetch GET 200 https://registry.npmjs.org/get-proto 68ms (cache revalidated)
1064 silly packumentCache full:https://registry.npmjs.org/get-proto set size:8300 disposed:false
1065 http fetch GET 200 https://registry.npmjs.org/has-symbols 393ms (cache revalidated)
1066 silly packumentCache full:https://registry.npmjs.org/has-symbols set size:21550 disposed:false
1067 http fetch GET 200 https://registry.npmjs.org/has-symbols 396ms (cache revalidated)
1068 silly packumentCache full:https://registry.npmjs.org/has-symbols set size:21550 disposed:false
1069 silly packumentCache full:https://registry.npmjs.org/has-symbols dispose
1070 silly placeDep ROOT motion-dom@12.40.0 OK for: framer-motion@12.40.0 want: ^12.40.0
1071 silly placeDep ROOT motion-utils@12.39.0 OK for: framer-motion@12.40.0 want: ^12.39.0
1072 silly placeDep ROOT call-bind-apply-helpers@1.0.2 OK for: get-intrinsic@1.3.0 want: ^1.0.2
1073 silly placeDep ROOT es-define-property@1.0.1 OK for: get-intrinsic@1.3.0 want: ^1.0.1
1074 silly placeDep ROOT es-object-atoms@1.1.1 OK for: get-intrinsic@1.3.0 want: ^1.1.1
1075 silly placeDep ROOT function-bind@1.1.2 OK for: get-intrinsic@1.3.0 want: ^1.1.2
1076 silly placeDep ROOT get-proto@1.0.1 OK for: get-intrinsic@1.3.0 want: ^1.0.1
1077 silly placeDep ROOT gopd@1.2.0 OK for: get-intrinsic@1.3.0 want: ^1.2.0
1078 silly placeDep ROOT has-symbols@1.1.0 OK for: get-intrinsic@1.3.0 want: ^1.1.0
1079 silly placeDep ROOT math-intrinsics@1.1.0 OK for: get-intrinsic@1.3.0 want: ^1.1.0
1080 silly fetch manifest dunder-proto@1.0.1
1081 silly packumentCache full:https://registry.npmjs.org/dunder-proto cache-miss
1082 http fetch GET 200 https://registry.npmjs.org/dunder-proto 55ms (cache revalidated)
1083 silly packumentCache full:https://registry.npmjs.org/dunder-proto set size:8256 disposed:false
1084 silly placeDep ROOT dunder-proto@1.0.1 OK for: get-proto@1.0.1 want: ^1.0.1
1085 silly placeDep ROOT mime-db@1.52.0 OK for: mime-types@2.1.35 want: 1.52.0
1086 silly placeDep ROOT @mongodb-js/saslprep@1.3.0 OK for: mongodb@6.17.0 want: ^1.1.9
1087 silly placeDep ROOT bson@6.10.4 OK for: mongodb@6.17.0 want: ^6.10.4
1088 silly placeDep ROOT mongodb-connection-string-url@3.0.2 OK for: mongodb@6.17.0 want: ^3.0.0
1089 silly fetch manifest sparse-bitfield@3.0.3
1090 silly packumentCache full:https://registry.npmjs.org/sparse-bitfield cache-miss
1091 silly fetch manifest whatwg-url@14.2.0
1092 silly packumentCache full:https://registry.npmjs.org/whatwg-url cache-miss
1093 silly fetch manifest @types/whatwg-url@11.0.5
1094 silly packumentCache full:https://registry.npmjs.org/@types%2fwhatwg-url cache-miss
1095 http fetch GET 200 https://registry.npmjs.org/sparse-bitfield 47ms (cache revalidated)
1096 silly packumentCache full:https://registry.npmjs.org/sparse-bitfield set size:18366 disposed:false
1097 http fetch GET 200 https://registry.npmjs.org/whatwg-url 49ms (cache revalidated)
1098 silly packumentCache full:https://registry.npmjs.org/whatwg-url set size:170765 disposed:false
1099 http fetch GET 200 https://registry.npmjs.org/@types%2fwhatwg-url 73ms (cache revalidated)
1100 silly packumentCache full:https://registry.npmjs.org/@types%2fwhatwg-url set size:25750 disposed:false
1101 silly placeDep ROOT sparse-bitfield@3.0.3 OK for: @mongodb-js/saslprep@1.3.0 want: ^3.0.3
1102 silly fetch manifest memory-pager@1.5.0
1103 silly packumentCache full:https://registry.npmjs.org/memory-pager cache-miss
1104 http fetch GET 200 https://registry.npmjs.org/memory-pager 48ms (cache revalidated)
1105 silly packumentCache full:https://registry.npmjs.org/memory-pager set size:21090 disposed:false
1106 silly placeDep ROOT @types/whatwg-url@11.0.5 OK for: mongodb-connection-string-url@3.0.2 want: ^11.0.2
1107 silly placeDep ROOT whatwg-url@14.2.0 OK for: mongodb-connection-string-url@3.0.2 want: ^14.1.0 || ^13.0.0
1108 silly fetch manifest @types/webidl-conversions@7.0.3
1109 silly packumentCache full:https://registry.npmjs.org/@types%2fwebidl-conversions cache-miss
1110 silly fetch manifest tr46@5.1.1
1111 silly packumentCache full:https://registry.npmjs.org/tr46 cache-miss
1112 silly fetch manifest webidl-conversions@7.0.0
1113 silly packumentCache full:https://registry.npmjs.org/webidl-conversions cache-miss
1114 http fetch GET 200 https://registry.npmjs.org/@types%2fwebidl-conversions 63ms (cache revalidated)
1115 silly packumentCache full:https://registry.npmjs.org/@types%2fwebidl-conversions set size:22935 disposed:false
1116 http fetch GET 200 https://registry.npmjs.org/tr46 64ms (cache revalidated)
1117 silly packumentCache full:https://registry.npmjs.org/tr46 set size:47377 disposed:false
1118 http fetch GET 200 https://registry.npmjs.org/webidl-conversions 303ms (cache revalidated)
1119 silly packumentCache full:https://registry.npmjs.org/webidl-conversions set size:46073 disposed:false
1120 silly placeDep ROOT @types/webidl-conversions@7.0.3 OK for: @types/whatwg-url@11.0.5 want: *
1121 silly placeDep ROOT @next/env@14.2.3 OK for: next@14.2.3 want: 14.2.3
1122 silly placeDep ROOT @next/swc-darwin-arm64@14.2.3 OK for: next@14.2.3 want: 14.2.3
1123 silly placeDep ROOT @next/swc-darwin-x64@14.2.3 OK for: next@14.2.3 want: 14.2.3
1124 silly placeDep ROOT @next/swc-linux-arm64-gnu@14.2.3 OK for: next@14.2.3 want: 14.2.3
1125 silly placeDep ROOT @next/swc-linux-arm64-musl@14.2.3 OK for: next@14.2.3 want: 14.2.3
1126 silly placeDep ROOT @next/swc-linux-x64-gnu@14.2.3 OK for: next@14.2.3 want: 14.2.3
1127 silly placeDep ROOT @next/swc-linux-x64-musl@14.2.3 OK for: next@14.2.3 want: 14.2.3
1128 silly placeDep ROOT @next/swc-win32-arm64-msvc@14.2.3 OK for: next@14.2.3 want: 14.2.3
1129 silly placeDep ROOT @next/swc-win32-ia32-msvc@14.2.3 OK for: next@14.2.3 want: 14.2.3
1130 silly placeDep ROOT @next/swc-win32-x64-msvc@14.2.3 OK for: next@14.2.3 want: 14.2.3
1131 silly placeDep ROOT @swc/helpers@0.5.5 OK for: next@14.2.3 want: 0.5.5
1132 silly placeDep ROOT busboy@1.6.0 OK for: next@14.2.3 want: 1.6.0
1133 silly placeDep ROOT graceful-fs@4.2.11 OK for: next@14.2.3 want: ^4.2.11
1134 silly placeDep node_modules/next postcss@8.4.31 OK for: next@14.2.3 want: 8.4.31
1135 silly placeDep ROOT styled-jsx@5.1.1 OK for: next@14.2.3 want: 5.1.1
1136 silly fetch manifest @swc/counter@0.1.3
1137 silly packumentCache full:https://registry.npmjs.org/@swc%2fcounter cache-miss
1138 silly fetch manifest streamsearch@1.1.0
1139 silly packumentCache full:https://registry.npmjs.org/streamsearch cache-miss
1140 silly fetch manifest client-only@0.0.1
1141 silly packumentCache full:https://registry.npmjs.org/client-only cache-miss
1142 http fetch GET 200 https://registry.npmjs.org/streamsearch 47ms (cache revalidated)
1143 silly packumentCache full:https://registry.npmjs.org/streamsearch set size:27372 disposed:false
1144 http fetch GET 200 https://registry.npmjs.org/@swc%2fcounter 257ms (cache revalidated)
1145 silly packumentCache full:https://registry.npmjs.org/@swc%2fcounter set size:7199 disposed:false
1146 http fetch GET 200 https://registry.npmjs.org/client-only 324ms (cache revalidated)
1147 silly packumentCache full:https://registry.npmjs.org/client-only set size:2750 disposed:false
1148 silly placeDep ROOT @swc/counter@0.1.3 OK for: @swc/helpers@0.5.5 want: ^0.1.3
1149 silly placeDep ROOT streamsearch@1.1.0 OK for: busboy@1.6.0 want: ^1.1.0
1150 silly placeDep ROOT nanoid@3.3.11 OK for: postcss@8.5.6 want: ^3.3.11
1151 silly placeDep ROOT source-map-js@1.2.1 OK for: postcss@8.5.6 want: ^1.2.1
1152 silly placeDep ROOT loose-envify@1.4.0 OK for: react@18.3.1 want: ^1.1.0
1153 silly fetch manifest js-tokens@4.0.0
1154 silly packumentCache full:https://registry.npmjs.org/js-tokens cache-miss
1155 http fetch GET 200 https://registry.npmjs.org/js-tokens 62ms (cache revalidated)
1156 silly packumentCache full:https://registry.npmjs.org/js-tokens set size:41947 disposed:false
1157 silly placeDep ROOT js-tokens@4.0.0 OK for: loose-envify@1.4.0 want: ^3.0.0 || ^4.0.0
1158 silly placeDep ROOT @date-fns/tz@1.2.0 OK for: react-day-picker@9.8.0 want: 1.2.0
1159 silly placeDep ROOT date-fns-jalali@4.1.0-0 OK for: react-day-picker@9.8.0 want: 4.1.0-0
1160 silly placeDep ROOT scheduler@0.23.2 OK for: react-dom@18.3.1 want: ^0.23.2
1161 silly placeDep ROOT react-remove-scroll-bar@2.3.8 OK for: react-remove-scroll@2.7.1 want: ^2.3.7
1162 silly placeDep ROOT react-style-singleton@2.2.3 OK for: react-remove-scroll@2.7.1 want: ^2.2.3
1163 silly placeDep ROOT use-callback-ref@1.3.3 OK for: react-remove-scroll@2.7.1 want: ^1.3.3
1164 silly placeDep ROOT use-sidecar@1.1.3 OK for: react-remove-scroll@2.7.1 want: ^1.1.3
1165 silly fetch manifest get-nonce@1.0.1
1166 silly packumentCache full:https://registry.npmjs.org/get-nonce cache-miss
1167 silly fetch manifest detect-node-es@1.1.0
1168 silly packumentCache full:https://registry.npmjs.org/detect-node-es cache-miss
1169 http fetch GET 200 https://registry.npmjs.org/detect-node-es 132ms (cache revalidated)
1170 silly packumentCache full:https://registry.npmjs.org/detect-node-es set size:6554 disposed:false
1171 http fetch GET 200 https://registry.npmjs.org/get-nonce 136ms (cache revalidated)
1172 silly packumentCache full:https://registry.npmjs.org/get-nonce set size:8902 disposed:false
1173 silly placeDep ROOT get-nonce@1.0.1 OK for: react-style-singleton@2.2.3 want: ^1.0.0
1174 silly placeDep ROOT eventemitter3@4.0.7 OK for: recharts@2.15.4 want: ^4.0.1
1175 silly placeDep ROOT lodash@4.17.21 OK for: recharts@2.15.4 want: ^4.17.21
1176 silly placeDep ROOT react-is@18.3.1 OK for: recharts@2.15.4 want: ^18.3.1
1177 silly placeDep ROOT react-smooth@4.0.4 OK for: recharts@2.15.4 want: ^4.0.4
1178 silly placeDep ROOT recharts-scale@0.4.5 OK for: recharts@2.15.4 want: ^0.4.4
1179 silly placeDep ROOT tiny-invariant@1.3.3 OK for: recharts@2.15.4 want: ^1.3.1
1180 silly placeDep ROOT victory-vendor@36.9.2 OK for: recharts@2.15.4 want: ^36.6.8
1181 silly fetch manifest fast-equals@5.2.2
1182 silly packumentCache full:https://registry.npmjs.org/fast-equals cache-miss
1183 silly fetch manifest prop-types@15.8.1
1184 silly packumentCache full:https://registry.npmjs.org/prop-types cache-miss
1185 silly fetch manifest react-transition-group@4.4.5
1186 silly packumentCache full:https://registry.npmjs.org/react-transition-group cache-miss
1187 silly fetch manifest decimal.js-light@2.5.1
1188 silly packumentCache full:https://registry.npmjs.org/decimal.js-light cache-miss
1189 silly fetch manifest d3-ease@3.0.1
1190 silly packumentCache full:https://registry.npmjs.org/d3-ease cache-miss
1191 silly fetch manifest d3-time@3.1.0
1192 silly packumentCache full:https://registry.npmjs.org/d3-time cache-miss
1193 silly fetch manifest d3-array@3.2.4
1194 silly packumentCache full:https://registry.npmjs.org/d3-array cache-miss
1195 silly fetch manifest d3-scale@4.0.2
1196 silly packumentCache full:https://registry.npmjs.org/d3-scale cache-miss
1197 silly fetch manifest d3-shape@3.2.0
1198 silly packumentCache full:https://registry.npmjs.org/d3-shape cache-miss
1199 silly fetch manifest d3-timer@3.0.1
1200 silly packumentCache full:https://registry.npmjs.org/d3-timer cache-miss
1201 silly fetch manifest @types/d3-ease@3.0.2
1202 silly packumentCache full:https://registry.npmjs.org/@types%2fd3-ease cache-miss
1203 http fetch GET 200 https://registry.npmjs.org/d3-time 51ms (cache revalidated)
1204 silly packumentCache full:https://registry.npmjs.org/d3-time set size:150406 disposed:false
1205 silly fetch manifest @types/d3-time@3.0.4
1206 silly packumentCache full:https://registry.npmjs.org/@types%2fd3-time cache-miss
1207 http fetch GET 200 https://registry.npmjs.org/d3-array 53ms (cache revalidated)
1208 silly packumentCache full:https://registry.npmjs.org/d3-array set size:246308 disposed:false
1209 silly fetch manifest d3-interpolate@3.0.1
1210 silly packumentCache full:https://registry.npmjs.org/d3-interpolate cache-miss
1211 http fetch GET 200 https://registry.npmjs.org/d3-scale 55ms (cache revalidated)
1212 silly packumentCache full:https://registry.npmjs.org/d3-scale set size:514172 disposed:false
1213 silly fetch manifest @types/d3-array@3.2.1
1214 silly packumentCache full:https://registry.npmjs.org/@types%2fd3-array cache-miss
1215 http fetch GET 200 https://registry.npmjs.org/prop-types 63ms (cache revalidated)
1216 silly packumentCache full:https://registry.npmjs.org/prop-types set size:76747 disposed:false
1217 silly fetch manifest @types/d3-scale@4.0.9
1218 silly packumentCache full:https://registry.npmjs.org/@types%2fd3-scale cache-miss
1219 http fetch GET 200 https://registry.npmjs.org/d3-ease 63ms (cache revalidated)
1220 silly packumentCache full:https://registry.npmjs.org/d3-ease set size:109490 disposed:false
1221 silly fetch manifest @types/d3-shape@3.1.7
1222 silly packumentCache full:https://registry.npmjs.org/@types%2fd3-shape cache-miss
1223 http fetch GET 200 https://registry.npmjs.org/d3-shape 63ms (cache revalidated)
1224 silly packumentCache full:https://registry.npmjs.org/d3-shape set size:275657 disposed:false
1225 silly fetch manifest @types/d3-timer@3.0.2
1226 silly packumentCache full:https://registry.npmjs.org/@types%2fd3-timer cache-miss
1227 http fetch GET 200 https://registry.npmjs.org/@types%2fd3-ease 65ms (cache revalidated)
1228 silly packumentCache full:https://registry.npmjs.org/@types%2fd3-ease set size:41281 disposed:false
1229 silly fetch manifest @types/d3-interpolate@3.0.4
1230 silly packumentCache full:https://registry.npmjs.org/@types%2fd3-interpolate cache-miss
1231 http fetch GET 200 https://registry.npmjs.org/d3-timer 68ms (cache revalidated)
1232 silly packumentCache full:https://registry.npmjs.org/d3-timer set size:101516 disposed:false
1233 http fetch GET 200 https://registry.npmjs.org/decimal.js-light 71ms (cache revalidated)
1234 silly packumentCache full:https://registry.npmjs.org/decimal.js-light set size:38254 disposed:false
1235 http fetch GET 200 https://registry.npmjs.org/react-transition-group 72ms (cache revalidated)
1236 silly packumentCache full:https://registry.npmjs.org/react-transition-group set size:110654 disposed:false
1237 http fetch GET 200 https://registry.npmjs.org/d3-interpolate 47ms (cache revalidated)
1238 silly packumentCache full:https://registry.npmjs.org/d3-interpolate set size:162337 disposed:false
1239 http fetch GET 200 https://registry.npmjs.org/@types%2fd3-scale 60ms (cache revalidated)
1240 silly packumentCache full:https://registry.npmjs.org/@types%2fd3-scale set size:131176 disposed:false
1241 http fetch GET 200 https://registry.npmjs.org/@types%2fd3-timer 59ms (cache revalidated)
1242 silly packumentCache full:https://registry.npmjs.org/@types%2fd3-timer set size:38776 disposed:false
1243 http fetch GET 200 https://registry.npmjs.org/@types%2fd3-shape 62ms (cache revalidated)
1244 silly packumentCache full:https://registry.npmjs.org/@types%2fd3-shape set size:115816 disposed:false
1245 http fetch GET 200 https://registry.npmjs.org/fast-equals 305ms (cache revalidated)
1246 silly packumentCache full:https://registry.npmjs.org/fast-equals set size:341560 disposed:false
1247 http fetch GET 200 https://registry.npmjs.org/@types%2fd3-time 303ms (cache revalidated)
1248 silly packumentCache full:https://registry.npmjs.org/@types%2fd3-time set size:52652 disposed:false
1249 http fetch GET 200 https://registry.npmjs.org/@types%2fd3-array 308ms (cache revalidated)
1250 silly packumentCache full:https://registry.npmjs.org/@types%2fd3-array set size:130543 disposed:false
1251 http fetch GET 200 https://registry.npmjs.org/@types%2fd3-interpolate 309ms (cache revalidated)
1252 silly packumentCache full:https://registry.npmjs.org/@types%2fd3-interpolate set size:56692 disposed:false
1253 silly placeDep ROOT fast-equals@5.2.2 OK for: react-smooth@4.0.4 want: ^5.0.1
1254 silly placeDep ROOT prop-types@15.8.1 OK for: react-smooth@4.0.4 want: ^15.8.1
1255 silly placeDep ROOT react-transition-group@4.4.5 OK for: react-smooth@4.0.4 want: ^4.4.5
1256 silly fetch manifest object-assign@4.1.1
1257 silly packumentCache full:https://registry.npmjs.org/object-assign cache-miss
1258 silly fetch manifest react-is@16.13.1
1259 silly packumentCache full:https://registry.npmjs.org/react-is cache-miss
1260 silly fetch manifest @babel/runtime@7.27.6
1261 silly packumentCache full:https://registry.npmjs.org/@babel%2fruntime cache-miss
1262 silly fetch manifest dom-helpers@5.2.1
1263 silly packumentCache full:https://registry.npmjs.org/dom-helpers cache-miss
1264 http cache https://registry.npmjs.org/react-is 10ms (cache hit)
1265 silly packumentCache full:https://registry.npmjs.org/react-is set size:5388215 disposed:false
1266 http fetch GET 200 https://registry.npmjs.org/dom-helpers 134ms (cache revalidated)
1267 silly packumentCache full:https://registry.npmjs.org/dom-helpers set size:76331 disposed:false
1268 http fetch GET 200 https://registry.npmjs.org/object-assign 142ms (cache revalidated)
1269 silly packumentCache full:https://registry.npmjs.org/object-assign set size:28988 disposed:false
1270 http fetch GET 200 https://registry.npmjs.org/@babel%2fruntime 153ms (cache revalidated)
1271 silly packumentCache full:https://registry.npmjs.org/@babel%2fruntime set size:3455431 disposed:false
1272 silly placeDep ROOT object-assign@4.1.1 OK for: prop-types@15.8.1 want: ^4.1.1
1273 silly placeDep node_modules/prop-types react-is@16.13.1 OK for: prop-types@15.8.1 want: ^16.13.1
1274 silly placeDep ROOT @babel/runtime@7.27.6 OK for: react-transition-group@4.4.5 want: ^7.5.5
1275 silly placeDep ROOT dom-helpers@5.2.1 OK for: react-transition-group@4.4.5 want: ^5.0.1
1276 silly fetch manifest csstype@3.1.3
1277 silly packumentCache full:https://registry.npmjs.org/csstype cache-miss
1278 http fetch GET 200 https://registry.npmjs.org/csstype 45ms (cache revalidated)
1279 silly packumentCache full:https://registry.npmjs.org/csstype set size:274189 disposed:false
1280 silly placeDep ROOT csstype@3.1.3 OK for: dom-helpers@5.2.1 want: ^3.0.2
1281 silly placeDep ROOT decimal.js-light@2.5.1 OK for: recharts-scale@0.4.5 want: ^2.4.1
1282 silly placeDep ROOT memory-pager@1.5.0 OK for: sparse-bitfield@3.0.3 want: ^1.0.2
1283 silly placeDep ROOT client-only@0.0.1 OK for: styled-jsx@5.1.1 want: 0.0.1
1284 silly fetch manifest ts-node@>=9.0.0
1285 silly packumentCache full:https://registry.npmjs.org/ts-node cache-miss
1286 http fetch GET 200 https://registry.npmjs.org/ts-node 50ms (cache revalidated)
1287 silly packumentCache full:https://registry.npmjs.org/ts-node set size:574573 disposed:false
1288 silly fetch manifest @swc/core@>=1.2.50
1289 silly packumentCache full:https://registry.npmjs.org/@swc%2fcore cache-miss
1290 http fetch GET 200 https://registry.npmjs.org/@swc%2fcore 527ms (cache revalidated)
1291 silly packumentCache full:https://registry.npmjs.org/@swc%2fcore set size:4033515 disposed:false
1292 silly fetch manifest @swc/helpers@>=0.5.17
1293 silly packumentCache full:https://registry.npmjs.org/@swc%2fhelpers cache-hit
1294 silly fetch manifest @swc/wasm@>=1.2.50
1295 silly packumentCache full:https://registry.npmjs.org/@swc%2fwasm cache-miss
1296 http fetch GET 200 https://registry.npmjs.org/@swc%2fwasm 316ms (cache revalidated)
1297 silly packumentCache full:https://registry.npmjs.org/@swc%2fwasm set size:1358281 disposed:false
1298 silly fetch manifest @types/node@*
1299 silly packumentCache full:https://registry.npmjs.org/@types%2fnode cache-miss
1300 http fetch GET 200 https://registry.npmjs.org/@types%2fnode 81ms (cache revalidated)
1301 silly packumentCache full:https://registry.npmjs.org/@types%2fnode set size:11015753 disposed:false
1302 silly fetch manifest typescript@>=2.7
1303 silly packumentCache full:https://registry.npmjs.org/typescript cache-miss
1304 http fetch GET 200 https://registry.npmjs.org/typescript 58ms (cache revalidated)
1305 silly packumentCache full:https://registry.npmjs.org/typescript set size:15409943 disposed:false
1306 silly placeDep ROOT @alloc/quick-lru@5.2.0 OK for: tailwindcss@3.4.17 want: ^5.2.0
1307 silly placeDep ROOT arg@5.0.2 OK for: tailwindcss@3.4.17 want: ^5.0.2
1308 silly placeDep ROOT chokidar@3.6.0 OK for: tailwindcss@3.4.17 want: ^3.6.0
1309 silly placeDep ROOT didyoumean@1.2.2 OK for: tailwindcss@3.4.17 want: ^1.2.2
1310 silly placeDep ROOT dlv@1.1.3 OK for: tailwindcss@3.4.17 want: ^1.1.3
1311 silly placeDep ROOT fast-glob@3.3.3 OK for: tailwindcss@3.4.17 want: ^3.3.2
1312 silly placeDep ROOT glob-parent@6.0.2 OK for: tailwindcss@3.4.17 want: ^6.0.2
1313 silly placeDep ROOT is-glob@4.0.3 OK for: tailwindcss@3.4.17 want: ^4.0.3
1314 silly placeDep ROOT jiti@1.21.7 OK for: tailwindcss@3.4.17 want: ^1.21.6
1315 silly placeDep ROOT lilconfig@3.1.3 OK for: tailwindcss@3.4.17 want: ^3.1.3
1316 silly placeDep ROOT micromatch@4.0.8 OK for: tailwindcss@3.4.17 want: ^4.0.8
1317 silly placeDep ROOT normalize-path@3.0.0 OK for: tailwindcss@3.4.17 want: ^3.0.0
1318 silly placeDep ROOT object-hash@3.0.0 OK for: tailwindcss@3.4.17 want: ^3.0.0
1319 silly placeDep ROOT postcss-import@15.1.0 OK for: tailwindcss@3.4.17 want: ^15.1.0
1320 silly placeDep ROOT postcss-js@4.0.1 OK for: tailwindcss@3.4.17 want: ^4.0.1
1321 silly placeDep node_modules/tailwindcss postcss-load-config@4.0.2 OK for: tailwindcss@3.4.17 want: ^4.0.2
1322 silly placeDep ROOT postcss-nested@6.2.0 OK for: tailwindcss@3.4.17 want: ^6.2.0
1323 silly placeDep ROOT postcss-selector-parser@6.1.2 OK for: tailwindcss@3.4.17 want: ^6.1.2
1324 silly placeDep ROOT resolve@1.22.10 OK for: tailwindcss@3.4.17 want: ^1.22.8
1325 silly placeDep ROOT sucrase@3.35.0 OK for: tailwindcss@3.4.17 want: ^3.35.0
1326 silly fetch manifest braces@3.0.3
1327 silly packumentCache full:https://registry.npmjs.org/braces cache-miss
1328 silly fetch manifest anymatch@3.1.3
1329 silly packumentCache full:https://registry.npmjs.org/anymatch cache-miss
1330 silly fetch manifest readdirp@3.6.0
1331 silly packumentCache full:https://registry.npmjs.org/readdirp cache-miss
1332 silly fetch manifest glob-parent@5.1.2
1333 silly packumentCache full:https://registry.npmjs.org/glob-parent cache-hit
1334 silly fetch manifest is-binary-path@2.1.0
1335 silly packumentCache full:https://registry.npmjs.org/is-binary-path cache-miss
1336 silly fetch manifest fsevents@~2.3.2
1337 silly packumentCache full:https://registry.npmjs.org/fsevents cache-miss
1338 silly fetch manifest @nodelib/fs.stat@2.0.5
1339 silly packumentCache full:https://registry.npmjs.org/@nodelib%2ffs.stat cache-miss
1340 silly fetch manifest @nodelib/fs.walk@1.2.8
1341 silly packumentCache full:https://registry.npmjs.org/@nodelib%2ffs.walk cache-miss
1342 silly fetch manifest glob-parent@5.1.2
1343 silly packumentCache full:https://registry.npmjs.org/glob-parent cache-hit
1344 silly fetch manifest merge2@1.4.1
1345 silly packumentCache full:https://registry.npmjs.org/merge2 cache-miss
1346 silly fetch manifest is-extglob@2.1.1
1347 silly packumentCache full:https://registry.npmjs.org/is-extglob cache-miss
1348 silly fetch manifest braces@3.0.3
1349 silly packumentCache full:https://registry.npmjs.org/braces cache-miss
1350 silly fetch manifest picomatch@2.3.1
1351 silly packumentCache full:https://registry.npmjs.org/picomatch cache-miss
1352 http fetch GET 200 https://registry.npmjs.org/anymatch 49ms (cache revalidated)
1353 silly packumentCache full:https://registry.npmjs.org/anymatch set size:42974 disposed:false
1354 silly fetch manifest read-cache@1.0.0
1355 silly packumentCache full:https://registry.npmjs.org/read-cache cache-miss
1356 http fetch GET 200 https://registry.npmjs.org/picomatch 49ms (cache revalidated)
1357 silly packumentCache full:https://registry.npmjs.org/picomatch set size:126376 disposed:false
1358 silly fetch manifest camelcase-css@2.0.1
1359 silly packumentCache full:https://registry.npmjs.org/camelcase-css cache-miss
1360 http fetch GET 200 https://registry.npmjs.org/braces 54ms (cache revalidated)
1361 silly packumentCache full:https://registry.npmjs.org/braces set size:114529 disposed:false
1362 silly fetch manifest yaml@2.8.0
1363 silly packumentCache full:https://registry.npmjs.org/yaml cache-miss
1364 http fetch GET 200 https://registry.npmjs.org/is-binary-path 56ms (cache revalidated)
1365 silly packumentCache full:https://registry.npmjs.org/is-binary-path set size:13475 disposed:false
1366 silly fetch manifest cssesc@3.0.0
1367 silly packumentCache full:https://registry.npmjs.org/cssesc cache-miss
1368 http fetch GET 200 https://registry.npmjs.org/braces 56ms (cache revalidated)
1369 silly packumentCache full:https://registry.npmjs.org/braces set size:114529 disposed:false
1370 silly packumentCache full:https://registry.npmjs.org/braces dispose
1371 silly fetch manifest util-deprecate@1.0.2
1372 silly packumentCache full:https://registry.npmjs.org/util-deprecate cache-miss
1373 http fetch GET 200 https://registry.npmjs.org/readdirp 58ms (cache revalidated)
1374 silly packumentCache full:https://registry.npmjs.org/readdirp set size:107589 disposed:false
1375 silly fetch manifest path-parse@1.0.7
1376 silly packumentCache full:https://registry.npmjs.org/path-parse cache-miss
1377 http fetch GET 200 https://registry.npmjs.org/fsevents 63ms (cache revalidated)
1378 silly packumentCache full:https://registry.npmjs.org/fsevents set size:182472 disposed:false
1379 silly fetch manifest is-core-module@2.16.1
1380 silly packumentCache full:https://registry.npmjs.org/is-core-module cache-miss
1381 http fetch GET 200 https://registry.npmjs.org/is-extglob 64ms (cache revalidated)
1382 silly packumentCache full:https://registry.npmjs.org/is-extglob set size:11766 disposed:false
1383 silly fetch manifest supports-preserve-symlinks-flag@1.0.0
1384 silly packumentCache full:https://registry.npmjs.org/supports-preserve-symlinks-flag cache-miss
1385 http fetch GET 200 https://registry.npmjs.org/@nodelib%2ffs.stat 68ms (cache revalidated)
1386 silly packumentCache full:https://registry.npmjs.org/@nodelib%2ffs.stat set size:36993 disposed:false
1387 silly fetch manifest mz@2.7.0
1388 silly packumentCache full:https://registry.npmjs.org/mz cache-miss
1389 http fetch GET 200 https://registry.npmjs.org/merge2 69ms (cache revalidated)
1390 silly packumentCache full:https://registry.npmjs.org/merge2 set size:46159 disposed:false
1391 silly fetch manifest glob@10.4.5
1392 silly packumentCache full:https://registry.npmjs.org/glob cache-miss
1393 http fetch GET 200 https://registry.npmjs.org/@nodelib%2ffs.walk 82ms (cache revalidated)
1394 silly packumentCache full:https://registry.npmjs.org/@nodelib%2ffs.walk set size:41589 disposed:false
1395 silly fetch manifest pirates@4.0.7
1396 silly packumentCache full:https://registry.npmjs.org/pirates cache-miss
1397 http fetch GET 200 https://registry.npmjs.org/read-cache 43ms (cache revalidated)
1398 silly packumentCache full:https://registry.npmjs.org/read-cache set size:3003 disposed:false
1399 silly fetch manifest commander@4.1.1
1400 silly packumentCache full:https://registry.npmjs.org/commander cache-miss
1401 http fetch GET 200 https://registry.npmjs.org/camelcase-css 43ms (cache revalidated)
1402 silly packumentCache full:https://registry.npmjs.org/camelcase-css set size:9392 disposed:false
1403 silly fetch manifest lines-and-columns@1.2.4
1404 silly packumentCache full:https://registry.npmjs.org/lines-and-columns cache-miss
1405 http fetch GET 200 https://registry.npmjs.org/yaml 52ms (cache revalidated)
1406 silly packumentCache full:https://registry.npmjs.org/yaml set size:385754 disposed:false
1407 silly fetch manifest ts-interface-checker@0.1.13
1408 silly packumentCache full:https://registry.npmjs.org/ts-interface-checker cache-miss
1409 http fetch GET 200 https://registry.npmjs.org/util-deprecate 52ms (cache revalidated)
1410 silly packumentCache full:https://registry.npmjs.org/util-deprecate set size:6674 disposed:false
1411 silly fetch manifest @jridgewell/gen-mapping@0.3.12
1412 silly packumentCache full:https://registry.npmjs.org/@jridgewell%2fgen-mapping cache-miss
1413 http fetch GET 200 https://registry.npmjs.org/cssesc 53ms (cache revalidated)
1414 silly packumentCache full:https://registry.npmjs.org/cssesc set size:18815 disposed:false
1415 http fetch GET 200 https://registry.npmjs.org/path-parse 51ms (cache revalidated)
1416 silly packumentCache full:https://registry.npmjs.org/path-parse set size:14523 disposed:false
1417 http fetch GET 200 https://registry.npmjs.org/mz 43ms (cache revalidated)
1418 silly packumentCache full:https://registry.npmjs.org/mz set size:42731 disposed:false
1419 http fetch GET 200 https://registry.npmjs.org/is-core-module 54ms (cache revalidated)
1420 silly packumentCache full:https://registry.npmjs.org/is-core-module set size:74378 disposed:false
1421 http fetch GET 200 https://registry.npmjs.org/supports-preserve-symlinks-flag 59ms (cache revalidated)
1422 silly packumentCache full:https://registry.npmjs.org/supports-preserve-symlinks-flag set size:6802 disposed:false
1423 http fetch GET 200 https://registry.npmjs.org/glob 63ms (cache revalidated)
1424 silly packumentCache full:https://registry.npmjs.org/glob set size:469465 disposed:false
1425 http fetch GET 200 https://registry.npmjs.org/commander 45ms (cache revalidated)
1426 silly packumentCache full:https://registry.npmjs.org/commander set size:306288 disposed:false
1427 http fetch GET 200 https://registry.npmjs.org/lines-and-columns 46ms (cache revalidated)
1428 silly packumentCache full:https://registry.npmjs.org/lines-and-columns set size:73796 disposed:false
1429 http fetch GET 200 https://registry.npmjs.org/pirates 68ms (cache revalidated)
1430 silly packumentCache full:https://registry.npmjs.org/pirates set size:51327 disposed:false
1431 http fetch GET 200 https://registry.npmjs.org/ts-interface-checker 50ms (cache revalidated)
1432 silly packumentCache full:https://registry.npmjs.org/ts-interface-checker set size:58946 disposed:false
1433 http fetch GET 200 https://registry.npmjs.org/@jridgewell%2fgen-mapping 150ms (cache revalidated)
1434 silly packumentCache full:https://registry.npmjs.org/@jridgewell%2fgen-mapping set size:75941 disposed:false
1435 silly placeDep ROOT anymatch@3.1.3 OK for: chokidar@3.6.0 want: ~3.1.2
1436 silly placeDep ROOT braces@3.0.3 OK for: chokidar@3.6.0 want: ~3.0.2
1437 silly placeDep ROOT fsevents@2.3.3 OK for: chokidar@3.6.0 want: ~2.3.2
1438 silly placeDep node_modules/chokidar glob-parent@5.1.2 OK for: chokidar@3.6.0 want: ~5.1.2
1439 silly placeDep ROOT is-binary-path@2.1.0 OK for: chokidar@3.6.0 want: ~2.1.0
1440 silly placeDep ROOT readdirp@3.6.0 OK for: chokidar@3.6.0 want: ~3.6.0
1441 silly fetch manifest fill-range@7.1.1
1442 silly packumentCache full:https://registry.npmjs.org/fill-range cache-miss
1443 silly fetch manifest binary-extensions@2.3.0
1444 silly packumentCache full:https://registry.npmjs.org/binary-extensions cache-miss
1445 http fetch GET 200 https://registry.npmjs.org/fill-range 55ms (cache revalidated)
1446 silly packumentCache full:https://registry.npmjs.org/fill-range set size:90212 disposed:false
1447 http fetch GET 200 https://registry.npmjs.org/binary-extensions 56ms (cache revalidated)
1448 silly packumentCache full:https://registry.npmjs.org/binary-extensions set size:51551 disposed:false
1449 silly placeDep ROOT picomatch@2.3.1 OK for: anymatch@3.1.3 want: ^2.0.4
1450 silly placeDep ROOT fill-range@7.1.1 OK for: braces@3.0.3 want: ^7.1.1
1451 silly fetch manifest to-regex-range@5.0.1
1452 silly packumentCache full:https://registry.npmjs.org/to-regex-range cache-miss
1453 http fetch GET 200 https://registry.npmjs.org/to-regex-range 42ms (cache revalidated)
1454 silly packumentCache full:https://registry.npmjs.org/to-regex-range set size:61569 disposed:false
1455 silly placeDep ROOT @nodelib/fs.stat@2.0.5 OK for: fast-glob@3.3.3 want: ^2.0.2
1456 silly placeDep ROOT @nodelib/fs.walk@1.2.8 OK for: fast-glob@3.3.3 want: ^1.2.3
1457 silly placeDep node_modules/fast-glob glob-parent@5.1.2 OK for: fast-glob@3.3.3 want: ^5.1.2
1458 silly placeDep ROOT merge2@1.4.1 OK for: fast-glob@3.3.3 want: ^1.3.0
1459 silly fetch manifest fastq@1.19.1
1460 silly packumentCache full:https://registry.npmjs.org/fastq cache-miss
1461 silly fetch manifest @nodelib/fs.scandir@2.1.5
1462 silly packumentCache full:https://registry.npmjs.org/@nodelib%2ffs.scandir cache-miss
1463 http fetch GET 200 https://registry.npmjs.org/fastq 57ms (cache revalidated)
1464 silly packumentCache full:https://registry.npmjs.org/fastq set size:78301 disposed:false
1465 http fetch GET 200 https://registry.npmjs.org/@nodelib%2ffs.scandir 64ms (cache revalidated)
1466 silly packumentCache full:https://registry.npmjs.org/@nodelib%2ffs.scandir set size:49256 disposed:false
1467 silly placeDep ROOT @nodelib/fs.scandir@2.1.5 OK for: @nodelib/fs.walk@1.2.8 want: 2.1.5
1468 silly placeDep ROOT fastq@1.19.1 OK for: @nodelib/fs.walk@1.2.8 want: ^1.6.0
1469 silly fetch manifest run-parallel@1.2.0
1470 silly packumentCache full:https://registry.npmjs.org/run-parallel cache-miss
1471 silly fetch manifest reusify@1.1.0
1472 silly packumentCache full:https://registry.npmjs.org/reusify cache-miss
1473 http fetch GET 200 https://registry.npmjs.org/reusify 43ms (cache revalidated)
1474 silly packumentCache full:https://registry.npmjs.org/reusify set size:14249 disposed:false
1475 http fetch GET 200 https://registry.npmjs.org/run-parallel 62ms (cache revalidated)
1476 silly packumentCache full:https://registry.npmjs.org/run-parallel set size:35172 disposed:false
1477 silly placeDep ROOT run-parallel@1.2.0 OK for: @nodelib/fs.scandir@2.1.5 want: ^1.1.9
1478 silly fetch manifest queue-microtask@1.2.3
1479 silly packumentCache full:https://registry.npmjs.org/queue-microtask cache-miss
1480 http fetch GET 200 https://registry.npmjs.org/queue-microtask 43ms (cache revalidated)
1481 silly packumentCache full:https://registry.npmjs.org/queue-microtask set size:36088 disposed:false
1482 silly placeDep ROOT reusify@1.1.0 OK for: fastq@1.19.1 want: ^1.0.4
1483 silly placeDep ROOT to-regex-range@5.0.1 OK for: fill-range@7.1.1 want: ^5.0.1
1484 silly fetch manifest is-number@7.0.0
1485 silly packumentCache full:https://registry.npmjs.org/is-number cache-miss
1486 http fetch GET 200 https://registry.npmjs.org/is-number 65ms (cache revalidated)
1487 silly packumentCache full:https://registry.npmjs.org/is-number set size:36183 disposed:false
1488 silly placeDep ROOT binary-extensions@2.3.0 OK for: is-binary-path@2.1.0 want: ^2.0.0
1489 silly placeDep ROOT is-extglob@2.1.1 OK for: is-glob@4.0.3 want: ^2.1.1
1490 silly placeDep ROOT read-cache@1.0.0 OK for: postcss-import@15.1.0 want: ^1.0.0
1491 silly fetch manifest pify@2.3.0
1492 silly packumentCache full:https://registry.npmjs.org/pify cache-miss
1493 http fetch GET 200 https://registry.npmjs.org/pify 48ms (cache revalidated)
1494 silly packumentCache full:https://registry.npmjs.org/pify set size:33583 disposed:false
1495 silly placeDep ROOT camelcase-css@2.0.1 OK for: postcss-js@4.0.1 want: ^2.0.1
1496 silly placeDep ROOT cssesc@3.0.0 OK for: postcss-selector-parser@6.1.2 want: ^3.0.0
1497 silly placeDep ROOT util-deprecate@1.0.2 OK for: postcss-selector-parser@6.1.2 want: ^1.0.2
1498 silly placeDep ROOT pify@2.3.0 OK for: read-cache@1.0.0 want: ^2.3.0
1499 silly placeDep ROOT is-core-module@2.16.1 OK for: resolve@1.22.10 want: ^2.16.0
1500 silly placeDep ROOT path-parse@1.0.7 OK for: resolve@1.22.10 want: ^1.0.7
1501 silly placeDep ROOT supports-preserve-symlinks-flag@1.0.0 OK for: resolve@1.22.10 want: ^1.0.0
1502 silly placeDep ROOT queue-microtask@1.2.3 OK for: run-parallel@1.2.0 want: ^1.2.2
1503 silly placeDep ROOT @jridgewell/gen-mapping@0.3.12 OK for: sucrase@3.35.0 want: ^0.3.2
1504 silly placeDep ROOT commander@4.1.1 OK for: sucrase@3.35.0 want: ^4.0.0
1505 silly placeDep ROOT glob@10.4.5 OK for: sucrase@3.35.0 want: ^10.3.10
1506 silly placeDep ROOT lines-and-columns@1.2.4 OK for: sucrase@3.35.0 want: ^1.1.6
1507 silly placeDep ROOT mz@2.7.0 OK for: sucrase@3.35.0 want: ^2.7.0
1508 silly placeDep ROOT pirates@4.0.7 OK for: sucrase@3.35.0 want: ^4.0.1
1509 silly placeDep ROOT ts-interface-checker@0.1.13 OK for: sucrase@3.35.0 want: ^0.1.9
1510 silly fetch manifest @jridgewell/trace-mapping@0.3.29
1511 silly packumentCache full:https://registry.npmjs.org/@jridgewell%2ftrace-mapping cache-miss
1512 silly fetch manifest @jridgewell/sourcemap-codec@1.5.4
1513 silly packumentCache full:https://registry.npmjs.org/@jridgewell%2fsourcemap-codec cache-miss
1514 silly fetch manifest minipass@7.1.2
1515 silly packumentCache full:https://registry.npmjs.org/minipass cache-miss
1516 silly fetch manifest jackspeak@3.4.3
1517 silly packumentCache full:https://registry.npmjs.org/jackspeak cache-miss
1518 silly fetch manifest minimatch@9.0.5
1519 silly packumentCache full:https://registry.npmjs.org/minimatch cache-miss
1520 silly fetch manifest path-scurry@1.11.1
1521 silly packumentCache full:https://registry.npmjs.org/path-scurry cache-miss
1522 silly fetch manifest foreground-child@3.3.1
1523 silly packumentCache full:https://registry.npmjs.org/foreground-child cache-miss
1524 silly fetch manifest package-json-from-dist@1.0.1
1525 silly packumentCache full:https://registry.npmjs.org/package-json-from-dist cache-miss
1526 silly fetch manifest any-promise@1.3.0
1527 silly packumentCache full:https://registry.npmjs.org/any-promise cache-miss
1528 silly fetch manifest thenify-all@1.6.0
1529 silly packumentCache full:https://registry.npmjs.org/thenify-all cache-miss
1530 http fetch GET 200 https://registry.npmjs.org/any-promise 120ms (cache revalidated)
1531 silly packumentCache full:https://registry.npmjs.org/any-promise set size:20233 disposed:false
1532 http fetch GET 200 https://registry.npmjs.org/foreground-child 121ms (cache revalidated)
1533 silly packumentCache full:https://registry.npmjs.org/foreground-child set size:71503 disposed:false
1534 http fetch GET 200 https://registry.npmjs.org/@jridgewell%2fsourcemap-codec 123ms (cache revalidated)
1535 silly packumentCache full:https://registry.npmjs.org/@jridgewell%2fsourcemap-codec set size:51856 disposed:false
1536 http fetch GET 200 https://registry.npmjs.org/thenify-all 122ms (cache revalidated)
1537 silly packumentCache full:https://registry.npmjs.org/thenify-all set size:18488 disposed:false
1538 http fetch GET 200 https://registry.npmjs.org/package-json-from-dist 123ms (cache revalidated)
1539 silly packumentCache full:https://registry.npmjs.org/package-json-from-dist set size:8854 disposed:false
1540 http fetch GET 200 https://registry.npmjs.org/minipass 124ms (cache revalidated)
1541 silly packumentCache full:https://registry.npmjs.org/minipass set size:276925 disposed:false
1542 http fetch GET 200 https://registry.npmjs.org/minimatch 126ms (cache revalidated)
1543 silly packumentCache full:https://registry.npmjs.org/minimatch set size:375282 disposed:false
1544 http fetch GET 200 https://registry.npmjs.org/@jridgewell%2ftrace-mapping 129ms (cache revalidated)
1545 silly packumentCache full:https://registry.npmjs.org/@jridgewell%2ftrace-mapping set size:170909 disposed:false
1546 http fetch GET 200 https://registry.npmjs.org/jackspeak 301ms (cache revalidated)
1547 silly packumentCache full:https://registry.npmjs.org/jackspeak set size:204267 disposed:false
1548 http fetch GET 200 https://registry.npmjs.org/path-scurry 342ms (cache revalidated)
1549 silly packumentCache full:https://registry.npmjs.org/path-scurry set size:117612 disposed:false
1550 silly placeDep ROOT @jridgewell/sourcemap-codec@1.5.4 OK for: @jridgewell/gen-mapping@0.3.12 want: ^1.5.0
1551 silly placeDep ROOT @jridgewell/trace-mapping@0.3.29 OK for: @jridgewell/gen-mapping@0.3.12 want: ^0.3.24
1552 silly fetch manifest @jridgewell/resolve-uri@3.1.2
1553 silly packumentCache full:https://registry.npmjs.org/@jridgewell%2fresolve-uri cache-miss
1554 http fetch GET 200 https://registry.npmjs.org/@jridgewell%2fresolve-uri 61ms (cache revalidated)
1555 silly packumentCache full:https://registry.npmjs.org/@jridgewell%2fresolve-uri set size:57361 disposed:false
1556 silly placeDep ROOT @jridgewell/resolve-uri@3.1.2 OK for: @jridgewell/trace-mapping@0.3.29 want: ^3.1.0
1557 silly placeDep ROOT foreground-child@3.3.1 OK for: glob@10.4.5 want: ^3.1.0
1558 silly placeDep ROOT jackspeak@3.4.3 OK for: glob@10.4.5 want: ^3.1.2
1559 silly placeDep ROOT minimatch@9.0.5 OK for: glob@10.4.5 want: ^9.0.4
1560 silly placeDep ROOT minipass@7.1.2 OK for: glob@10.4.5 want: ^7.1.2
1561 silly placeDep ROOT package-json-from-dist@1.0.1 OK for: glob@10.4.5 want: ^1.0.0
1562 silly placeDep ROOT path-scurry@1.11.1 OK for: glob@10.4.5 want: ^1.11.1
1563 silly fetch manifest cross-spawn@7.0.6
1564 silly packumentCache full:https://registry.npmjs.org/cross-spawn cache-miss
1565 silly fetch manifest signal-exit@4.1.0
1566 silly packumentCache full:https://registry.npmjs.org/signal-exit cache-miss
1567 silly fetch manifest @isaacs/cliui@8.0.2
1568 silly packumentCache full:https://registry.npmjs.org/@isaacs%2fcliui cache-miss
1569 silly fetch manifest @pkgjs/parseargs@0.11.0
1570 silly packumentCache full:https://registry.npmjs.org/@pkgjs%2fparseargs cache-miss
1571 silly fetch manifest brace-expansion@2.0.2
1572 silly packumentCache full:https://registry.npmjs.org/brace-expansion cache-miss
1573 silly fetch manifest lru-cache@10.4.3
1574 silly packumentCache full:https://registry.npmjs.org/lru-cache cache-miss
1575 http fetch GET 200 https://registry.npmjs.org/signal-exit 49ms (cache revalidated)
1576 silly packumentCache full:https://registry.npmjs.org/signal-exit set size:53489 disposed:false
1577 http fetch GET 200 https://registry.npmjs.org/lru-cache 56ms (cache revalidated)
1578 silly packumentCache full:https://registry.npmjs.org/lru-cache set size:456196 disposed:false
1579 http fetch GET 200 https://registry.npmjs.org/@pkgjs%2fparseargs 62ms (cache revalidated)
1580 silly packumentCache full:https://registry.npmjs.org/@pkgjs%2fparseargs set size:51085 disposed:false
1581 http fetch GET 200 https://registry.npmjs.org/cross-spawn 64ms (cache revalidated)
1582 silly packumentCache full:https://registry.npmjs.org/cross-spawn set size:109066 disposed:false
1583 http fetch GET 200 https://registry.npmjs.org/brace-expansion 65ms (cache revalidated)
1584 silly packumentCache full:https://registry.npmjs.org/brace-expansion set size:72152 disposed:false
1585 http fetch GET 200 https://registry.npmjs.org/@isaacs%2fcliui 67ms (cache revalidated)
1586 silly packumentCache full:https://registry.npmjs.org/@isaacs%2fcliui set size:12263 disposed:false
1587 silly placeDep ROOT cross-spawn@7.0.6 OK for: foreground-child@3.3.1 want: ^7.0.6
1588 silly placeDep ROOT signal-exit@4.1.0 OK for: foreground-child@3.3.1 want: ^4.0.1
1589 silly fetch manifest which@2.0.2
1590 silly packumentCache full:https://registry.npmjs.org/which cache-miss
1591 silly fetch manifest path-key@3.1.1
1592 silly packumentCache full:https://registry.npmjs.org/path-key cache-miss
1593 silly fetch manifest shebang-command@2.0.0
1594 silly packumentCache full:https://registry.npmjs.org/shebang-command cache-miss
1595 http fetch GET 200 https://registry.npmjs.org/path-key 50ms (cache revalidated)
1596 silly packumentCache full:https://registry.npmjs.org/path-key set size:16975 disposed:false
1597 http fetch GET 200 https://registry.npmjs.org/which 62ms (cache revalidated)
1598 silly packumentCache full:https://registry.npmjs.org/which set size:70143 disposed:false
1599 http fetch GET 200 https://registry.npmjs.org/shebang-command 64ms (cache revalidated)
1600 silly packumentCache full:https://registry.npmjs.org/shebang-command set size:8525 disposed:false
1601 silly placeDep ROOT path-key@3.1.1 OK for: cross-spawn@7.0.6 want: ^3.1.0
1602 silly placeDep ROOT shebang-command@2.0.0 OK for: cross-spawn@7.0.6 want: ^2.0.0
1603 silly placeDep ROOT which@2.0.2 OK for: cross-spawn@7.0.6 want: ^2.0.1
1604 silly fetch manifest shebang-regex@3.0.0
1605 silly packumentCache full:https://registry.npmjs.org/shebang-regex cache-miss
1606 silly fetch manifest isexe@2.0.0
1607 silly packumentCache full:https://registry.npmjs.org/isexe cache-miss
1608 http fetch GET 200 https://registry.npmjs.org/shebang-regex 140ms (cache revalidated)
1609 silly packumentCache full:https://registry.npmjs.org/shebang-regex set size:9763 disposed:false
1610 http fetch GET 200 https://registry.npmjs.org/isexe 141ms (cache revalidated)
1611 silly packumentCache full:https://registry.npmjs.org/isexe set size:31756 disposed:false
1612 silly placeDep ROOT @isaacs/cliui@8.0.2 OK for: jackspeak@3.4.3 want: ^8.0.2
1613 silly placeDep ROOT @pkgjs/parseargs@0.11.0 OK for: jackspeak@3.4.3 want: ^0.11.0
1614 silly fetch manifest wrap-ansi@8.1.0
1615 silly packumentCache full:https://registry.npmjs.org/wrap-ansi cache-miss
1616 silly fetch manifest strip-ansi@7.1.0
1617 silly packumentCache full:https://registry.npmjs.org/strip-ansi cache-miss
1618 silly fetch manifest string-width@5.1.2
1619 silly packumentCache full:https://registry.npmjs.org/string-width cache-miss
1620 silly fetch manifest wrap-ansi-cjs@npm:wrap-ansi@7.0.0
1621 silly packumentCache full:https://registry.npmjs.org/wrap-ansi cache-miss
1622 silly fetch manifest strip-ansi-cjs@npm:strip-ansi@6.0.1
1623 silly packumentCache full:https://registry.npmjs.org/strip-ansi cache-miss
1624 silly fetch manifest string-width-cjs@npm:string-width@4.2.3
1625 silly packumentCache full:https://registry.npmjs.org/string-width cache-miss
1626 http fetch GET 200 https://registry.npmjs.org/strip-ansi 44ms (cache revalidated)
1627 silly packumentCache full:https://registry.npmjs.org/strip-ansi set size:44998 disposed:false
1628 http fetch GET 200 https://registry.npmjs.org/string-width 47ms (cache revalidated)
1629 silly packumentCache full:https://registry.npmjs.org/string-width set size:70381 disposed:false
1630 http fetch GET 200 https://registry.npmjs.org/strip-ansi 52ms (cache revalidated)
1631 silly packumentCache full:https://registry.npmjs.org/strip-ansi set size:44998 disposed:false
1632 silly packumentCache full:https://registry.npmjs.org/strip-ansi dispose
1633 http fetch GET 200 https://registry.npmjs.org/wrap-ansi 54ms (cache revalidated)
1634 silly packumentCache full:https://registry.npmjs.org/wrap-ansi set size:55299 disposed:false
1635 http fetch GET 200 https://registry.npmjs.org/wrap-ansi 57ms (cache revalidated)
1636 silly packumentCache full:https://registry.npmjs.org/wrap-ansi set size:55299 disposed:false
1637 silly packumentCache full:https://registry.npmjs.org/wrap-ansi dispose
1638 http fetch GET 200 https://registry.npmjs.org/string-width 60ms (cache revalidated)
1639 silly packumentCache full:https://registry.npmjs.org/string-width set size:70381 disposed:false
1640 silly packumentCache full:https://registry.npmjs.org/string-width dispose
1641 silly placeDep ROOT string-width@5.1.2 OK for: @isaacs/cliui@8.0.2 want: ^5.1.2
1642 silly placeDep ROOT string-width-cjs@4.2.3 OK for: @isaacs/cliui@8.0.2 want: npm:string-width@^4.2.0
1643 silly placeDep ROOT strip-ansi@7.1.0 OK for: @isaacs/cliui@8.0.2 want: ^7.0.1
1644 silly placeDep ROOT strip-ansi-cjs@6.0.1 OK for: @isaacs/cliui@8.0.2 want: npm:strip-ansi@^6.0.1
1645 silly placeDep ROOT wrap-ansi@8.1.0 OK for: @isaacs/cliui@8.0.2 want: ^8.1.0
1646 silly placeDep ROOT wrap-ansi-cjs@7.0.0 OK for: @isaacs/cliui@8.0.2 want: npm:wrap-ansi@^7.0.0
1647 silly fetch manifest emoji-regex@9.2.2
1648 silly packumentCache full:https://registry.npmjs.org/emoji-regex cache-miss
1649 silly fetch manifest eastasianwidth@0.2.0
1650 silly packumentCache full:https://registry.npmjs.org/eastasianwidth cache-miss
1651 silly fetch manifest strip-ansi@6.0.1
1652 silly packumentCache full:https://registry.npmjs.org/strip-ansi cache-hit
1653 silly fetch manifest emoji-regex@8.0.0
1654 silly packumentCache full:https://registry.npmjs.org/emoji-regex cache-miss
1655 silly fetch manifest is-fullwidth-code-point@3.0.0
1656 silly packumentCache full:https://registry.npmjs.org/is-fullwidth-code-point cache-miss
1657 silly fetch manifest ansi-regex@6.1.0
1658 silly packumentCache full:https://registry.npmjs.org/ansi-regex cache-miss
1659 silly fetch manifest ansi-regex@5.0.1
1660 silly packumentCache full:https://registry.npmjs.org/ansi-regex cache-miss
1661 silly fetch manifest ansi-styles@6.2.1
1662 silly packumentCache full:https://registry.npmjs.org/ansi-styles cache-miss
1663 silly fetch manifest strip-ansi@6.0.1
1664 silly packumentCache full:https://registry.npmjs.org/strip-ansi cache-hit
1665 silly fetch manifest ansi-styles@4.3.0
1666 silly packumentCache full:https://registry.npmjs.org/ansi-styles cache-miss
1667 silly fetch manifest string-width@4.2.3
1668 silly packumentCache full:https://registry.npmjs.org/string-width cache-hit
1669 http fetch GET 200 https://registry.npmjs.org/ansi-regex 47ms (cache revalidated)
1670 silly packumentCache full:https://registry.npmjs.org/ansi-regex set size:43572 disposed:false
1671 http fetch GET 200 https://registry.npmjs.org/ansi-regex 49ms (cache revalidated)
1672 silly packumentCache full:https://registry.npmjs.org/ansi-regex set size:43572 disposed:false
1673 silly packumentCache full:https://registry.npmjs.org/ansi-regex dispose
1674 http fetch GET 200 https://registry.npmjs.org/ansi-styles 51ms (cache revalidated)
1675 silly packumentCache full:https://registry.npmjs.org/ansi-styles set size:63233 disposed:false
1676 http fetch GET 200 https://registry.npmjs.org/ansi-styles 52ms (cache revalidated)
1677 silly packumentCache full:https://registry.npmjs.org/ansi-styles set size:63233 disposed:false
1678 silly packumentCache full:https://registry.npmjs.org/ansi-styles dispose
1679 http fetch GET 200 https://registry.npmjs.org/emoji-regex 57ms (cache revalidated)
1680 silly packumentCache full:https://registry.npmjs.org/emoji-regex set size:89064 disposed:false
1681 http fetch GET 200 https://registry.npmjs.org/emoji-regex 57ms (cache revalidated)
1682 silly packumentCache full:https://registry.npmjs.org/emoji-regex set size:89064 disposed:false
1683 silly packumentCache full:https://registry.npmjs.org/emoji-regex dispose
1684 http fetch GET 200 https://registry.npmjs.org/eastasianwidth 66ms (cache revalidated)
1685 silly packumentCache full:https://registry.npmjs.org/eastasianwidth set size:7890 disposed:false
1686 http fetch GET 200 https://registry.npmjs.org/is-fullwidth-code-point 74ms (cache revalidated)
1687 silly packumentCache full:https://registry.npmjs.org/is-fullwidth-code-point set size:14578 disposed:false
1688 silly placeDep ROOT brace-expansion@2.0.2 OK for: minimatch@9.0.5 want: ^2.0.1
1689 silly fetch manifest balanced-match@1.0.2
1690 silly packumentCache full:https://registry.npmjs.org/balanced-match cache-miss
1691 http fetch GET 200 https://registry.npmjs.org/balanced-match 52ms (cache revalidated)
1692 silly packumentCache full:https://registry.npmjs.org/balanced-match set size:39082 disposed:false
1693 silly placeDep ROOT balanced-match@1.0.2 OK for: brace-expansion@2.0.2 want: ^1.0.0
1694 silly placeDep ROOT any-promise@1.3.0 OK for: mz@2.7.0 want: ^1.0.0
1695 silly placeDep ROOT thenify-all@1.6.0 OK for: mz@2.7.0 want: ^1.0.0
1696 silly fetch manifest thenify@3.3.1
1697 silly packumentCache full:https://registry.npmjs.org/thenify cache-miss
1698 http fetch GET 200 https://registry.npmjs.org/thenify 60ms (cache revalidated)
1699 silly packumentCache full:https://registry.npmjs.org/thenify set size:21379 disposed:false
1700 silly placeDep ROOT lru-cache@10.4.3 OK for: path-scurry@1.11.1 want: ^10.2.0
1701 silly placeDep ROOT shebang-regex@3.0.0 OK for: shebang-command@2.0.0 want: ^3.0.0
1702 silly placeDep ROOT eastasianwidth@0.2.0 OK for: string-width@5.1.2 want: ^0.2.0
1703 silly placeDep ROOT emoji-regex@9.2.2 OK for: string-width@5.1.2 want: ^9.2.2
1704 silly placeDep node_modules/string-width-cjs emoji-regex@8.0.0 OK for: string-width@4.2.3 want: ^8.0.0
1705 silly placeDep ROOT is-fullwidth-code-point@3.0.0 OK for: string-width@4.2.3 want: ^3.0.0
1706 silly placeDep node_modules/string-width-cjs strip-ansi@6.0.1 OK for: string-width@4.2.3 want: ^6.0.1
1707 silly placeDep ROOT ansi-regex@6.1.0 OK for: strip-ansi@7.1.0 want: ^6.0.1
1708 silly placeDep node_modules/strip-ansi-cjs ansi-regex@5.0.1 OK for: strip-ansi@6.0.1 want: ^5.0.1
1709 silly placeDep ROOT thenify@3.3.1 OK for: thenify-all@1.6.0 want: >= 3.1.0 < 4
1710 silly placeDep ROOT is-number@7.0.0 OK for: to-regex-range@5.0.1 want: ^7.0.0
1711 silly placeDep ROOT escalade@3.2.0 OK for: update-browserslist-db@1.1.3 want: ^3.2.0
1712 silly placeDep ROOT detect-node-es@1.1.0 OK for: use-sidecar@1.1.3 want: ^1.1.0
1713 silly placeDep ROOT @types/d3-array@3.2.1 OK for: victory-vendor@36.9.2 want: ^3.0.3
1714 silly placeDep ROOT @types/d3-ease@3.0.2 OK for: victory-vendor@36.9.2 want: ^3.0.0
1715 silly placeDep ROOT @types/d3-interpolate@3.0.4 OK for: victory-vendor@36.9.2 want: ^3.0.1
1716 silly placeDep ROOT @types/d3-scale@4.0.9 OK for: victory-vendor@36.9.2 want: ^4.0.2
1717 silly placeDep ROOT @types/d3-shape@3.1.7 OK for: victory-vendor@36.9.2 want: ^3.1.0
1718 silly placeDep ROOT @types/d3-time@3.0.4 OK for: victory-vendor@36.9.2 want: ^3.0.0
1719 silly placeDep ROOT @types/d3-timer@3.0.2 OK for: victory-vendor@36.9.2 want: ^3.0.0
1720 silly placeDep ROOT d3-array@3.2.4 OK for: victory-vendor@36.9.2 want: ^3.1.6
1721 silly placeDep ROOT d3-ease@3.0.1 OK for: victory-vendor@36.9.2 want: ^3.0.1
1722 silly placeDep ROOT d3-interpolate@3.0.1 OK for: victory-vendor@36.9.2 want: ^3.0.1
1723 silly placeDep ROOT d3-scale@4.0.2 OK for: victory-vendor@36.9.2 want: ^4.0.2
1724 silly placeDep ROOT d3-shape@3.2.0 OK for: victory-vendor@36.9.2 want: ^3.1.0
1725 silly placeDep ROOT d3-time@3.1.0 OK for: victory-vendor@36.9.2 want: ^3.0.0
1726 silly placeDep ROOT d3-timer@3.0.1 OK for: victory-vendor@36.9.2 want: ^3.0.1
1727 silly fetch manifest @types/d3-color@3.1.3
1728 silly packumentCache full:https://registry.npmjs.org/@types%2fd3-color cache-miss
1729 silly fetch manifest @types/d3-path@3.1.1
1730 silly packumentCache full:https://registry.npmjs.org/@types%2fd3-path cache-miss
1731 silly fetch manifest internmap@2.0.3
1732 silly packumentCache full:https://registry.npmjs.org/internmap cache-miss
1733 silly fetch manifest d3-color@3.1.0
1734 silly packumentCache full:https://registry.npmjs.org/d3-color cache-miss
1735 silly fetch manifest d3-format@3.1.0
1736 silly packumentCache full:https://registry.npmjs.org/d3-format cache-miss
1737 silly fetch manifest d3-time-format@4.1.0
1738 silly packumentCache full:https://registry.npmjs.org/d3-time-format cache-miss
1739 silly fetch manifest d3-path@3.1.0
1740 silly packumentCache full:https://registry.npmjs.org/d3-path cache-miss
1741 http fetch GET 200 https://registry.npmjs.org/d3-path 44ms (cache revalidated)
1742 silly packumentCache full:https://registry.npmjs.org/d3-path set size:77883 disposed:false
1743 http fetch GET 200 https://registry.npmjs.org/d3-format 53ms (cache revalidated)
1744 silly packumentCache full:https://registry.npmjs.org/d3-format set size:107249 disposed:false
1745 http fetch GET 200 https://registry.npmjs.org/@types%2fd3-color 55ms (cache revalidated)
1746 silly packumentCache full:https://registry.npmjs.org/@types%2fd3-color set size:69998 disposed:false
1747 http fetch GET 200 https://registry.npmjs.org/d3-color 55ms (cache revalidated)
1748 silly packumentCache full:https://registry.npmjs.org/d3-color set size:142335 disposed:false
1749 http fetch GET 200 https://registry.npmjs.org/@types%2fd3-path 57ms (cache revalidated)
1750 silly packumentCache full:https://registry.npmjs.org/@types%2fd3-path set size:41268 disposed:false
1751 http fetch GET 200 https://registry.npmjs.org/d3-time-format 58ms (cache revalidated)
1752 silly packumentCache full:https://registry.npmjs.org/d3-time-format set size:124514 disposed:false
1753 http fetch GET 200 https://registry.npmjs.org/internmap 62ms (cache revalidated)
1754 silly packumentCache full:https://registry.npmjs.org/internmap set size:19637 disposed:false
1755 silly placeDep ROOT @types/d3-color@3.1.3 OK for: @types/d3-interpolate@3.0.4 want: *
1756 silly placeDep ROOT @types/d3-path@3.1.1 OK for: @types/d3-shape@3.1.7 want: *
1757 silly placeDep ROOT internmap@2.0.3 OK for: d3-array@3.2.4 want: 1 - 2
1758 silly placeDep ROOT d3-color@3.1.0 OK for: d3-interpolate@3.0.1 want: 1 - 3
1759 silly placeDep ROOT d3-format@3.1.0 OK for: d3-scale@4.0.2 want: 1 - 3
1760 silly placeDep ROOT d3-time-format@4.1.0 OK for: d3-scale@4.0.2 want: 2 - 4
1761 silly placeDep ROOT d3-path@3.1.0 OK for: d3-shape@3.2.0 want: ^3.1.0
1762 silly placeDep ROOT tr46@5.1.1 OK for: whatwg-url@14.2.0 want: ^5.1.0
1763 silly placeDep ROOT webidl-conversions@7.0.0 OK for: whatwg-url@14.2.0 want: ^7.0.0
1764 silly fetch manifest punycode@2.3.1
1765 silly packumentCache full:https://registry.npmjs.org/punycode cache-miss
1766 http fetch GET 200 https://registry.npmjs.org/punycode 128ms (cache revalidated)
1767 silly packumentCache full:https://registry.npmjs.org/punycode set size:61278 disposed:false
1768 silly placeDep ROOT punycode@2.3.1 OK for: tr46@5.1.1 want: ^2.3.1
1769 silly placeDep ROOT isexe@2.0.0 OK for: which@2.0.2 want: ^2.0.0
1770 silly placeDep ROOT ansi-styles@6.2.1 OK for: wrap-ansi@8.1.0 want: ^6.1.0
1771 silly placeDep node_modules/wrap-ansi-cjs ansi-styles@4.3.0 OK for: wrap-ansi@7.0.0 want: ^4.0.0
1772 silly placeDep node_modules/wrap-ansi-cjs string-width@4.2.3 OK for: wrap-ansi@7.0.0 want: ^4.1.0
1773 silly placeDep node_modules/wrap-ansi-cjs strip-ansi@6.0.1 OK for: wrap-ansi@7.0.0 want: ^6.0.0
1774 silly fetch manifest color-convert@2.0.1
1775 silly packumentCache full:https://registry.npmjs.org/color-convert cache-miss
1776 http fetch GET 200 https://registry.npmjs.org/color-convert 70ms (cache revalidated)
1777 silly packumentCache full:https://registry.npmjs.org/color-convert set size:72663 disposed:false
1778 silly placeDep node_modules/string-width-cjs ansi-regex@5.0.1 OK for: strip-ansi@6.0.1 want: ^5.0.1
1779 silly placeDep ROOT yaml@2.8.0 OK for: postcss-load-config@4.0.2 want: ^2.3.4
1780 silly placeDep ROOT color-convert@2.0.1 OK for: ansi-styles@4.3.0 want: ^2.0.1
1781 silly fetch manifest color-name@1.1.4
1782 silly packumentCache full:https://registry.npmjs.org/color-name cache-miss
1783 http fetch GET 200 https://registry.npmjs.org/color-name 56ms (cache revalidated)
1784 silly packumentCache full:https://registry.npmjs.org/color-name set size:19467 disposed:false
1785 silly placeDep ROOT color-name@1.1.4 OK for: color-convert@2.0.1 want: ~1.1.4
1786 silly placeDep node_modules/wrap-ansi-cjs emoji-regex@8.0.0 OK for: string-width@4.2.3 want: ^8.0.0
1787 silly placeDep node_modules/wrap-ansi-cjs ansi-regex@5.0.1 OK for: strip-ansi@6.0.1 want: ^5.0.1
1788 silly reify moves {}
1789 silly audit bulk request {
1789 silly audit   '@hookform/resolvers': [ '5.1.1' ],
1789 silly audit   'react-hook-form': [ '7.60.0' ],
1789 silly audit   react: [ '18.3.1' ],
1789 silly audit   '@radix-ui/react-accordion': [ '1.2.11' ],
1789 silly audit   'react-dom': [ '18.3.1' ],
1789 silly audit   '@radix-ui/react-alert-dialog': [ '1.1.14' ],
1789 silly audit   '@radix-ui/react-aspect-ratio': [ '1.1.7' ],
1789 silly audit   '@radix-ui/react-avatar': [ '1.1.10' ],
1789 silly audit   '@radix-ui/react-checkbox': [ '1.3.2' ],
1789 silly audit   '@radix-ui/react-collapsible': [ '1.1.11' ],
1789 silly audit   '@radix-ui/react-context-menu': [ '2.2.15' ],
1789 silly audit   '@radix-ui/react-dialog': [ '1.1.14' ],
1789 silly audit   '@radix-ui/react-dropdown-menu': [ '2.1.15' ],
1789 silly audit   '@radix-ui/react-hover-card': [ '1.1.14' ],
1789 silly audit   '@radix-ui/react-label': [ '2.1.7' ],
1789 silly audit   '@radix-ui/react-menubar': [ '1.1.15' ],
1789 silly audit   '@radix-ui/react-navigation-menu': [ '1.2.13' ],
1789 silly audit   '@radix-ui/react-popover': [ '1.1.14' ],
1789 silly audit   '@radix-ui/react-progress': [ '1.1.7' ],
1789 silly audit   '@radix-ui/react-radio-group': [ '1.3.7' ],
1789 silly audit   '@radix-ui/react-scroll-area': [ '1.2.9' ],
1789 silly audit   '@radix-ui/react-select': [ '2.2.5' ],
1789 silly audit   '@radix-ui/react-separator': [ '1.1.7' ],
1789 silly audit   '@radix-ui/react-slider': [ '1.3.5' ],
1789 silly audit   '@radix-ui/react-slot': [ '1.2.3' ],
1789 silly audit   '@radix-ui/react-switch': [ '1.2.5' ],
1789 silly audit   '@radix-ui/react-tabs': [ '1.1.12' ],
1789 silly audit   '@radix-ui/react-toast': [ '1.2.14' ],
1789 silly audit   '@radix-ui/react-toggle': [ '1.1.9' ],
1789 silly audit   '@radix-ui/react-toggle-group': [ '1.1.10' ],
1789 silly audit   '@radix-ui/react-tooltip': [ '1.2.7' ],
1789 silly audit   '@tanstack/react-table': [ '8.21.3' ],
1789 silly audit   autoprefixer: [ '10.4.21' ],
1789 silly audit   postcss: [ '8.5.6', '8.4.31' ],
1789 silly audit   axios: [ '1.10.0' ],
1789 silly audit   'class-variance-authority': [ '0.7.1' ],
1789 silly audit   clsx: [ '2.1.1' ],
1789 silly audit   cmdk: [ '1.1.1' ],
1789 silly audit   'date-fns': [ '4.1.0' ],
1789 silly audit   'embla-carousel-react': [ '8.6.0' ],
1789 silly audit   'framer-motion': [ '12.40.0' ],
1789 silly audit   globals: [ '16.3.0' ],
1789 silly audit   'input-otp': [ '1.4.2' ],
1789 silly audit   'lucide-react': [ '0.516.0' ],
1789 silly audit   mongodb: [ '6.17.0' ],
1789 silly audit   next: [ '14.2.3' ],
1789 silly audit   'next-themes': [ '0.4.6' ],
1789 silly audit   'react-day-picker': [ '9.8.0' ],
1789 silly audit   'react-resizable-panels': [ '3.0.3' ],
1789 silly audit   recharts: [ '2.15.4' ],
1789 silly audit   sonner: [ '2.0.6' ],
1789 silly audit   'tailwind-merge': [ '3.3.1' ],
1789 silly audit   tailwindcss: [ '3.4.17' ],
1789 silly audit   'tailwindcss-animate': [ '1.0.7' ],
1789 silly audit   uuid: [ '9.0.1' ],
1789 silly audit   vaul: [ '1.1.2' ],
1789 silly audit   zod: [ '3.25.76' ],
1789 silly audit   '@standard-schema/utils': [ '0.3.0' ],
1789 silly audit   '@radix-ui/primitive': [ '1.1.2' ],
1789 silly audit   '@radix-ui/react-collection': [ '1.1.7' ],
1789 silly audit   '@radix-ui/react-compose-refs': [ '1.1.2' ],
1789 silly audit   '@radix-ui/react-context': [ '1.1.2' ],
1789 silly audit   '@radix-ui/react-direction': [ '1.1.1' ],
1789 silly audit   '@radix-ui/react-id': [ '1.1.1' ],
1789 silly audit   '@radix-ui/react-primitive': [ '2.1.3' ],
1789 silly audit   '@radix-ui/react-use-controllable-state': [ '1.2.2' ],
1789 silly audit   '@radix-ui/react-use-callback-ref': [ '1.1.1' ],
1789 silly audit   '@radix-ui/react-use-is-hydrated': [ '0.1.0' ],
1789 silly audit   '@radix-ui/react-use-layout-effect': [ '1.1.1' ],
1789 silly audit   '@radix-ui/react-presence': [ '1.1.4' ],
1789 silly audit   '@radix-ui/react-use-previous': [ '1.1.1' ],
1789 silly audit   '@radix-ui/react-use-size': [ '1.1.1' ],
1789 silly audit   '@radix-ui/react-menu': [ '2.1.15' ],
1789 silly audit   '@radix-ui/react-dismissable-layer': [ '1.1.10' ],
1789 silly audit   '@radix-ui/react-focus-guards': [ '1.1.2' ],
1789 silly audit   '@radix-ui/react-focus-scope': [ '1.1.7' ],
1789 silly audit   '@radix-ui/react-portal': [ '1.1.9' ],
1789 silly audit   'aria-hidden': [ '1.2.6' ],
1789 silly audit   'react-remove-scroll': [ '2.7.1' ],
1789 silly audit   '@radix-ui/react-use-escape-keydown': [ '1.1.1' ],
1789 silly audit   '@radix-ui/react-popper': [ '1.2.7' ],
1789 silly audit   '@radix-ui/react-roving-focus': [ '1.1.10' ],
1789 silly audit   '@radix-ui/react-visually-hidden': [ '1.2.3' ],
1789 silly audit   '@floating-ui/react-dom': [ '2.1.4' ],
1789 silly audit   '@radix-ui/react-arrow': [ '1.1.7' ],
1789 silly audit   '@radix-ui/react-use-rect': [ '1.1.1' ],
1789 silly audit   '@radix-ui/rect': [ '1.1.1' ],
1789 silly audit   '@floating-ui/dom': [ '1.7.2' ],
1789 silly audit   '@floating-ui/core': [ '1.7.2' ],
1789 silly audit   '@floating-ui/utils': [ '0.2.10' ],
1789 silly audit   '@radix-ui/number': [ '1.1.1' ],
1789 silly audit   '@radix-ui/react-use-effect-event': [ '0.0.2' ],
1789 silly audit   'use-sync-external-store': [ '1.5.0' ],
1789 silly audit   '@tanstack/table-core': [ '8.21.3' ],
1789 silly audit   tslib: [ '2.8.1' ],
1789 silly audit   browserslist: [ '4.25.1' ],
1789 silly audit   'caniuse-lite': [ '1.0.30001727' ],
1789 silly audit   'fraction.js': [ '4.3.7' ],
1789 silly audit   'normalize-range': [ '0.1.2' ],
1789 silly audit   picocolors: [ '1.1.1' ],
1789 silly audit   'postcss-value-parser': [ '4.2.0' ],
1789 silly audit   'follow-redirects': [ '1.15.9' ],
1789 silly audit   'form-data': [ '4.0.3' ],
1789 silly audit   'proxy-from-env': [ '1.1.0' ],
1789 silly audit   'electron-to-chromium': [ '1.5.180' ],
1789 silly audit   'node-releases': [ '2.0.19' ],
1789 silly audit   'update-browserslist-db': [ '1.1.3' ],
1789 silly audit   'embla-carousel': [ '8.6.0' ],
1789 silly audit   'embla-carousel-reactive-utils': [ '8.6.0' ],
1789 silly audit   asynckit: [ '0.4.0' ],
1789 silly audit   'combined-stream': [ '1.0.8' ],
1789 silly audit   'es-set-tostringtag': [ '2.1.0' ],
1789 silly audit   hasown: [ '2.0.2' ],
1789 silly audit   'mime-types': [ '2.1.35' ],
1789 silly audit   'delayed-stream': [ '1.0.0' ],
1789 silly audit   'es-errors': [ '1.3.0' ],
1789 silly audit   'get-intrinsic': [ '1.3.0' ],
1789 silly audit   'has-tostringtag': [ '1.0.2' ],
1789 silly audit   'motion-dom': [ '12.40.0' ],
1789 silly audit   'motion-utils': [ '12.39.0' ],
1789 silly audit   'call-bind-apply-helpers': [ '1.0.2' ],
1789 silly audit   'es-define-property': [ '1.0.1' ],
1789 silly audit   'es-object-atoms': [ '1.1.1' ],
1789 silly audit   'function-bind': [ '1.1.2' ],
1789 silly audit   'get-proto': [ '1.0.1' ],
1789 silly audit   gopd: [ '1.2.0' ],
1789 silly audit   'has-symbols': [ '1.1.0' ],
1789 silly audit   'math-intrinsics': [ '1.1.0' ],
1789 silly audit   'dunder-proto': [ '1.0.1' ],
1789 silly audit   'mime-db': [ '1.52.0' ],
1789 silly audit   '@mongodb-js/saslprep': [ '1.3.0' ],
1789 silly audit   bson: [ '6.10.4' ],
1789 silly audit   'mongodb-connection-string-url': [ '3.0.2' ],
1789 silly audit   'sparse-bitfield': [ '3.0.3' ],
1789 silly audit   '@types/whatwg-url': [ '11.0.5' ],
1789 silly audit   'whatwg-url': [ '14.2.0' ],
1789 silly audit   '@types/webidl-conversions': [ '7.0.3' ],
1789 silly audit   '@next/env': [ '14.2.3' ],
1789 silly audit   '@next/swc-darwin-arm64': [ '14.2.3' ],
1789 silly audit   '@next/swc-darwin-x64': [ '14.2.3' ],
1789 silly audit   '@next/swc-linux-arm64-gnu': [ '14.2.3' ],
1789 silly audit   '@next/swc-linux-arm64-musl': [ '14.2.3' ],
1789 silly audit   '@next/swc-linux-x64-gnu': [ '14.2.3' ],
1789 silly audit   '@next/swc-linux-x64-musl': [ '14.2.3' ],
1789 silly audit   '@next/swc-win32-arm64-msvc': [ '14.2.3' ],
1789 silly audit   '@next/swc-win32-ia32-msvc': [ '14.2.3' ],
1789 silly audit   '@next/swc-win32-x64-msvc': [ '14.2.3' ],
1789 silly audit   '@swc/helpers': [ '0.5.5' ],
1789 silly audit   busboy: [ '1.6.0' ],
1789 silly audit   'graceful-fs': [ '4.2.11' ],
1789 silly audit   'styled-jsx': [ '5.1.1' ],
1789 silly audit   '@swc/counter': [ '0.1.3' ],
1789 silly audit   streamsearch: [ '1.1.0' ],
1789 silly audit   nanoid: [ '3.3.11' ],
1789 silly audit   'source-map-js': [ '1.2.1' ],
1789 silly audit   'loose-envify': [ '1.4.0' ],
1789 silly audit   'js-tokens': [ '4.0.0' ],
1789 silly audit   '@date-fns/tz': [ '1.2.0' ],
1789 silly audit   'date-fns-jalali': [ '4.1.0-0' ],
1789 silly audit   scheduler: [ '0.23.2' ],
1789 silly audit   'react-remove-scroll-bar': [ '2.3.8' ],
1789 silly audit   'react-style-singleton': [ '2.2.3' ],
1789 silly audit   'use-callback-ref': [ '1.3.3' ],
1789 silly audit   'use-sidecar': [ '1.1.3' ],
1789 silly audit   'get-nonce': [ '1.0.1' ],
1789 silly audit   eventemitter3: [ '4.0.7' ],
1789 silly audit   lodash: [ '4.17.21' ],
1789 silly audit   'react-is': [ '18.3.1', '16.13.1' ],
1789 silly audit   'react-smooth': [ '4.0.4' ],
1789 silly audit   'recharts-scale': [ '0.4.5' ],
1789 silly audit   'tiny-invariant': [ '1.3.3' ],
1789 silly audit   'victory-vendor': [ '36.9.2' ],
1789 silly audit   'fast-equals': [ '5.2.2' ],
1789 silly audit   'prop-types': [ '15.8.1' ],
1789 silly audit   'react-transition-group': [ '4.4.5' ],
1789 silly audit   'object-assign': [ '4.1.1' ],
1789 silly audit   '@babel/runtime': [ '7.27.6' ],
1789 silly audit   'dom-helpers': [ '5.2.1' ],
1789 silly audit   csstype: [ '3.1.3' ],
1789 silly audit   'decimal.js-light': [ '2.5.1' ],
1789 silly audit   'memory-pager': [ '1.5.0' ],
1789 silly audit   'client-only': [ '0.0.1' ],
1789 silly audit   '@alloc/quick-lru': [ '5.2.0' ],
1789 silly audit   arg: [ '5.0.2' ],
1789 silly audit   chokidar: [ '3.6.0' ],
1789 silly audit   didyoumean: [ '1.2.2' ],
1789 silly audit   dlv: [ '1.1.3' ],
1789 silly audit   'fast-glob': [ '3.3.3' ],
1789 silly audit   'glob-parent': [ '6.0.2', '5.1.2' ],
1789 silly audit   'is-glob': [ '4.0.3' ],
1789 silly audit   jiti: [ '1.21.7' ],
1789 silly audit   lilconfig: [ '3.1.3' ],
1789 silly audit   micromatch: [ '4.0.8' ],
1789 silly audit   'normalize-path': [ '3.0.0' ],
1789 silly audit   'object-hash': [ '3.0.0' ],
1789 silly audit   'postcss-import': [ '15.1.0' ],
1789 silly audit   'postcss-js': [ '4.0.1' ],
1789 silly audit   'postcss-load-config': [ '4.0.2' ],
1789 silly audit   'postcss-nested': [ '6.2.0' ],
1789 silly audit   'postcss-selector-parser': [ '6.1.2' ],
1789 silly audit   resolve: [ '1.22.10' ],
1789 silly audit   sucrase: [ '3.35.0' ],
1789 silly audit   anymatch: [ '3.1.3' ],
1789 silly audit   braces: [ '3.0.3' ],
1789 silly audit   fsevents: [ '2.3.3' ],
1789 silly audit   'is-binary-path': [ '2.1.0' ],
1789 silly audit   readdirp: [ '3.6.0' ],
1789 silly audit   picomatch: [ '2.3.1' ],
1789 silly audit   'fill-range': [ '7.1.1' ],
1789 silly audit   '@nodelib/fs.stat': [ '2.0.5' ],
1789 silly audit   '@nodelib/fs.walk': [ '1.2.8' ],
1789 silly audit   merge2: [ '1.4.1' ],
1789 silly audit   '@nodelib/fs.scandir': [ '2.1.5' ],
1789 silly audit   fastq: [ '1.19.1' ],
1789 silly audit   'run-parallel': [ '1.2.0' ],
1789 silly audit   reusify: [ '1.1.0' ],
1789 silly audit   'to-regex-range': [ '5.0.1' ],
1789 silly audit   'binary-extensions': [ '2.3.0' ],
1789 silly audit   'is-extglob': [ '2.1.1' ],
1789 silly audit   'read-cache': [ '1.0.0' ],
1789 silly audit   'camelcase-css': [ '2.0.1' ],
1789 silly audit   cssesc: [ '3.0.0' ],
1789 silly audit   'util-deprecate': [ '1.0.2' ],
1789 silly audit   pify: [ '2.3.0' ],
1789 silly audit   'is-core-module': [ '2.16.1' ],
1789 silly audit   'path-parse': [ '1.0.7' ],
1789 silly audit   'supports-preserve-symlinks-flag': [ '1.0.0' ],
1789 silly audit   'queue-microtask': [ '1.2.3' ],
1789 silly audit   '@jridgewell/gen-mapping': [ '0.3.12' ],
1789 silly audit   commander: [ '4.1.1' ],
1789 silly audit   glob: [ '10.4.5' ],
1789 silly audit   'lines-and-columns': [ '1.2.4' ],
1789 silly audit   mz: [ '2.7.0' ],
1789 silly audit   pirates: [ '4.0.7' ],
1789 silly audit   'ts-interface-checker': [ '0.1.13' ],
1789 silly audit   '@jridgewell/sourcemap-codec': [ '1.5.4' ],
1789 silly audit   '@jridgewell/trace-mapping': [ '0.3.29' ],
1789 silly audit   '@jridgewell/resolve-uri': [ '3.1.2' ],
1789 silly audit   'foreground-child': [ '3.3.1' ],
1789 silly audit   jackspeak: [ '3.4.3' ],
1789 silly audit   minimatch: [ '9.0.5' ],
1789 silly audit   minipass: [ '7.1.2' ],
1789 silly audit   'package-json-from-dist': [ '1.0.1' ],
1789 silly audit   'path-scurry': [ '1.11.1' ],
1789 silly audit   'cross-spawn': [ '7.0.6' ],
1789 silly audit   'signal-exit': [ '4.1.0' ],
1789 silly audit   'path-key': [ '3.1.1' ],
1789 silly audit   'shebang-command': [ '2.0.0' ],
1789 silly audit   which: [ '2.0.2' ],
1789 silly audit   '@isaacs/cliui': [ '8.0.2' ],
1789 silly audit   '@pkgjs/parseargs': [ '0.11.0' ],
1789 silly audit   'string-width': [ '5.1.2', '4.2.3' ],
1789 silly audit   'strip-ansi': [ '7.1.0', '6.0.1' ],
1789 silly audit   'wrap-ansi': [ '8.1.0', '7.0.0' ],
1789 silly audit   'brace-expansion': [ '2.0.2' ],
1789 silly audit   'balanced-match': [ '1.0.2' ],
1789 silly audit   'any-promise': [ '1.3.0' ],
1789 silly audit   'thenify-all': [ '1.6.0' ],
1789 silly audit   'lru-cache': [ '10.4.3' ],
1789 silly audit   'shebang-regex': [ '3.0.0' ],
1789 silly audit   eastasianwidth: [ '0.2.0' ],
1789 silly audit   'emoji-regex': [ '9.2.2', '8.0.0' ],
1789 silly audit   'is-fullwidth-code-point': [ '3.0.0' ],
1789 silly audit   'ansi-regex': [ '6.1.0', '5.0.1' ],
1789 silly audit   thenify: [ '3.3.1' ],
1789 silly audit   'is-number': [ '7.0.0' ],
1789 silly audit   escalade: [ '3.2.0' ],
1789 silly audit   'detect-node-es': [ '1.1.0' ],
1789 silly audit   '@types/d3-array': [ '3.2.1' ],
1789 silly audit   '@types/d3-ease': [ '3.0.2' ],
1789 silly audit   '@types/d3-interpolate': [ '3.0.4' ],
1789 silly audit   '@types/d3-scale': [ '4.0.9' ],
1789 silly audit   '@types/d3-shape': [ '3.1.7' ],
1789 silly audit   '@types/d3-time': [ '3.0.4' ],
1789 silly audit   '@types/d3-timer': [ '3.0.2' ],
1789 silly audit   'd3-array': [ '3.2.4' ],
1789 silly audit   'd3-ease': [ '3.0.1' ],
1789 silly audit   'd3-interpolate': [ '3.0.1' ],
1789 silly audit   'd3-scale': [ '4.0.2' ],
1789 silly audit   'd3-shape': [ '3.2.0' ],
1789 silly audit   'd3-time': [ '3.1.0' ],
1789 silly audit   'd3-timer': [ '3.0.1' ],
1789 silly audit   '@types/d3-color': [ '3.1.3' ],
1789 silly audit   '@types/d3-path': [ '3.1.1' ],
1789 silly audit   internmap: [ '2.0.3' ],
1789 silly audit   'd3-color': [ '3.1.0' ],
1789 silly audit   'd3-format': [ '3.1.0' ],
1789 silly audit   'd3-time-format': [ '4.1.0' ],
1789 silly audit   'd3-path': [ '3.1.0' ],
1789 silly audit   tr46: [ '5.1.1' ],
1789 silly audit   'webidl-conversions': [ '7.0.0' ],
1789 silly audit   punycode: [ '2.3.1' ],
1789 silly audit   isexe: [ '2.0.0' ],
1789 silly audit   'ansi-styles': [ '6.2.1', '4.3.0' ],
1789 silly audit   yaml: [ '2.8.0' ],
1789 silly audit   'color-convert': [ '2.0.1' ],
1789 silly audit   'color-name': [ '1.1.4' ]
1789 silly audit }
1790 verbose reify failed optional dependency /Users/redakaleem/Downloads/wsc-healthcare 2/node_modules/@next/swc-win32-x64-msvc
1791 silly reify mark deleted [
1791 silly reify   '/Users/redakaleem/Downloads/wsc-healthcare 2/node_modules/@next/swc-win32-x64-msvc'
1791 silly reify ]
1792 verbose reify failed optional dependency /Users/redakaleem/Downloads/wsc-healthcare 2/node_modules/@next/swc-win32-ia32-msvc
1793 silly reify mark deleted [
1793 silly reify   '/Users/redakaleem/Downloads/wsc-healthcare 2/node_modules/@next/swc-win32-ia32-msvc'
1793 silly reify ]
1794 verbose reify failed optional dependency /Users/redakaleem/Downloads/wsc-healthcare 2/node_modules/@next/swc-win32-arm64-msvc
1795 silly reify mark deleted [
1795 silly reify   '/Users/redakaleem/Downloads/wsc-healthcare 2/node_modules/@next/swc-win32-arm64-msvc'
1795 silly reify ]
1796 verbose reify failed optional dependency /Users/redakaleem/Downloads/wsc-healthcare 2/node_modules/@next/swc-linux-x64-musl
1797 silly reify mark deleted [
1797 silly reify   '/Users/redakaleem/Downloads/wsc-healthcare 2/node_modules/@next/swc-linux-x64-musl'
1797 silly reify ]
1798 verbose reify failed optional dependency /Users/redakaleem/Downloads/wsc-healthcare 2/node_modules/@next/swc-linux-x64-gnu
1799 silly reify mark deleted [
1799 silly reify   '/Users/redakaleem/Downloads/wsc-healthcare 2/node_modules/@next/swc-linux-x64-gnu'
1799 silly reify ]
1800 verbose reify failed optional dependency /Users/redakaleem/Downloads/wsc-healthcare 2/node_modules/@next/swc-linux-arm64-musl
1801 silly reify mark deleted [
1801 silly reify   '/Users/redakaleem/Downloads/wsc-healthcare 2/node_modules/@next/swc-linux-arm64-musl'
1801 silly reify ]
1802 verbose reify failed optional dependency /Users/redakaleem/Downloads/wsc-healthcare 2/node_modules/@next/swc-linux-arm64-gnu
1803 silly reify mark deleted [
1803 silly reify   '/Users/redakaleem/Downloads/wsc-healthcare 2/node_modules/@next/swc-linux-arm64-gnu'
1803 silly reify ]
1804 verbose reify failed optional dependency /Users/redakaleem/Downloads/wsc-healthcare 2/node_modules/@next/swc-darwin-x64
1805 silly reify mark deleted [
1805 silly reify   '/Users/redakaleem/Downloads/wsc-healthcare 2/node_modules/@next/swc-darwin-x64'
1805 silly reify ]
1806 http cache color-convert@https://registry.npmjs.org/color-convert/-/color-convert-2.0.1.tgz 0ms (cache hit)
1807 http cache yaml@https://registry.npmjs.org/yaml/-/yaml-2.8.0.tgz 0ms (cache hit)
1808 http cache punycode@https://registry.npmjs.org/punycode/-/punycode-2.3.1.tgz 0ms (cache hit)
1809 http cache color-name@https://registry.npmjs.org/color-name/-/color-name-1.1.4.tgz 0ms (cache hit)
1810 http cache webidl-conversions@https://registry.npmjs.org/webidl-conversions/-/webidl-conversions-7.0.0.tgz 0ms (cache hit)
1811 http cache isexe@https://registry.npmjs.org/isexe/-/isexe-2.0.0.tgz 0ms (cache hit)
1812 http cache tr46@https://registry.npmjs.org/tr46/-/tr46-5.1.1.tgz 0ms (cache hit)
1813 http cache d3-path@https://registry.npmjs.org/d3-path/-/d3-path-3.1.0.tgz 0ms (cache hit)
1814 http cache d3-time-format@https://registry.npmjs.org/d3-time-format/-/d3-time-format-4.1.0.tgz 0ms (cache hit)
1815 http cache d3-format@https://registry.npmjs.org/d3-format/-/d3-format-3.1.0.tgz 0ms (cache hit)
1816 http cache ansi-styles@https://registry.npmjs.org/ansi-styles/-/ansi-styles-6.2.1.tgz 0ms (cache hit)
1817 http cache @types/d3-path@https://registry.npmjs.org/@types/d3-path/-/d3-path-3.1.1.tgz 0ms (cache hit)
1818 http cache internmap@https://registry.npmjs.org/internmap/-/internmap-2.0.3.tgz 0ms (cache hit)
1819 http cache d3-time@https://registry.npmjs.org/d3-time/-/d3-time-3.1.0.tgz 0ms (cache hit)
1820 http cache d3-timer@https://registry.npmjs.org/d3-timer/-/d3-timer-3.0.1.tgz 0ms (cache hit)
1821 http cache @types/d3-color@https://registry.npmjs.org/@types/d3-color/-/d3-color-3.1.3.tgz 0ms (cache hit)
1822 http cache d3-color@https://registry.npmjs.org/d3-color/-/d3-color-3.1.0.tgz 0ms (cache hit)
1823 http cache d3-ease@https://registry.npmjs.org/d3-ease/-/d3-ease-3.0.1.tgz 0ms (cache hit)
1824 http cache d3-shape@https://registry.npmjs.org/d3-shape/-/d3-shape-3.2.0.tgz 0ms (cache hit)
1825 http cache d3-array@https://registry.npmjs.org/d3-array/-/d3-array-3.2.4.tgz 0ms (cache hit)
1826 http cache d3-scale@https://registry.npmjs.org/d3-scale/-/d3-scale-4.0.2.tgz 0ms (cache hit)
1827 http cache @types/d3-time@https://registry.npmjs.org/@types/d3-time/-/d3-time-3.0.4.tgz 0ms (cache hit)
1828 http cache @types/d3-shape@https://registry.npmjs.org/@types/d3-shape/-/d3-shape-3.1.7.tgz 0ms (cache hit)
1829 http cache d3-interpolate@https://registry.npmjs.org/d3-interpolate/-/d3-interpolate-3.0.1.tgz 0ms (cache hit)
1830 http cache @types/d3-timer@https://registry.npmjs.org/@types/d3-timer/-/d3-timer-3.0.2.tgz 0ms (cache hit)
1831 http cache @types/d3-array@https://registry.npmjs.org/@types/d3-array/-/d3-array-3.2.1.tgz 0ms (cache hit)
1832 http cache @types/d3-interpolate@https://registry.npmjs.org/@types/d3-interpolate/-/d3-interpolate-3.0.4.tgz 0ms (cache hit)
1833 http cache @types/d3-ease@https://registry.npmjs.org/@types/d3-ease/-/d3-ease-3.0.2.tgz 0ms (cache hit)
1834 http cache detect-node-es@https://registry.npmjs.org/detect-node-es/-/detect-node-es-1.1.0.tgz 0ms (cache hit)
1835 http cache escalade@https://registry.npmjs.org/escalade/-/escalade-3.2.0.tgz 0ms (cache hit)
1836 http cache is-number@https://registry.npmjs.org/is-number/-/is-number-7.0.0.tgz 0ms (cache hit)
1837 http cache @types/d3-scale@https://registry.npmjs.org/@types/d3-scale/-/d3-scale-4.0.9.tgz 0ms (cache hit)
1838 http cache thenify@https://registry.npmjs.org/thenify/-/thenify-3.3.1.tgz 0ms (cache hit)
1839 http cache ansi-regex@https://registry.npmjs.org/ansi-regex/-/ansi-regex-6.1.0.tgz 0ms (cache hit)
1840 http cache emoji-regex@https://registry.npmjs.org/emoji-regex/-/emoji-regex-9.2.2.tgz 0ms (cache hit)
1841 http cache is-fullwidth-code-point@https://registry.npmjs.org/is-fullwidth-code-point/-/is-fullwidth-code-point-3.0.0.tgz 0ms (cache hit)
1842 http cache eastasianwidth@https://registry.npmjs.org/eastasianwidth/-/eastasianwidth-0.2.0.tgz 0ms (cache hit)
1843 http cache thenify-all@https://registry.npmjs.org/thenify-all/-/thenify-all-1.6.0.tgz 0ms (cache hit)
1844 http cache shebang-regex@https://registry.npmjs.org/shebang-regex/-/shebang-regex-3.0.0.tgz 0ms (cache hit)
1845 http cache any-promise@https://registry.npmjs.org/any-promise/-/any-promise-1.3.0.tgz 0ms (cache hit)
1846 http cache lru-cache@https://registry.npmjs.org/lru-cache/-/lru-cache-10.4.3.tgz 0ms (cache hit)
1847 http cache balanced-match@https://registry.npmjs.org/balanced-match/-/balanced-match-1.0.2.tgz 0ms (cache hit)
1848 http cache brace-expansion@https://registry.npmjs.org/brace-expansion/-/brace-expansion-2.0.2.tgz 0ms (cache hit)
1849 http cache wrap-ansi-cjs@https://registry.npmjs.org/wrap-ansi/-/wrap-ansi-7.0.0.tgz 0ms (cache hit)
1850 http cache strip-ansi-cjs@https://registry.npmjs.org/strip-ansi/-/strip-ansi-6.0.1.tgz 0ms (cache hit)
1851 http cache wrap-ansi@https://registry.npmjs.org/wrap-ansi/-/wrap-ansi-8.1.0.tgz 0ms (cache hit)
1852 http cache strip-ansi@https://registry.npmjs.org/strip-ansi/-/strip-ansi-7.1.0.tgz 0ms (cache hit)
1853 http cache string-width@https://registry.npmjs.org/string-width/-/string-width-5.1.2.tgz 0ms (cache hit)
1854 http cache string-width-cjs@https://registry.npmjs.org/string-width/-/string-width-4.2.3.tgz 0ms (cache hit)
1855 http cache @pkgjs/parseargs@https://registry.npmjs.org/@pkgjs/parseargs/-/parseargs-0.11.0.tgz 0ms (cache hit)
1856 http cache @isaacs/cliui@https://registry.npmjs.org/@isaacs/cliui/-/cliui-8.0.2.tgz 0ms (cache hit)
1857 http cache which@https://registry.npmjs.org/which/-/which-2.0.2.tgz 0ms (cache hit)
1858 http cache shebang-command@https://registry.npmjs.org/shebang-command/-/shebang-command-2.0.0.tgz 0ms (cache hit)
1859 http cache signal-exit@https://registry.npmjs.org/signal-exit/-/signal-exit-4.1.0.tgz 0ms (cache hit)
1860 http cache cross-spawn@https://registry.npmjs.org/cross-spawn/-/cross-spawn-7.0.6.tgz 0ms (cache hit)
1861 http cache path-key@https://registry.npmjs.org/path-key/-/path-key-3.1.1.tgz 0ms (cache hit)
1862 http cache path-scurry@https://registry.npmjs.org/path-scurry/-/path-scurry-1.11.1.tgz 1ms (cache hit)
1863 http cache minipass@https://registry.npmjs.org/minipass/-/minipass-7.1.2.tgz 0ms (cache hit)
1864 http cache minimatch@https://registry.npmjs.org/minimatch/-/minimatch-9.0.5.tgz 0ms (cache hit)
1865 http cache jackspeak@https://registry.npmjs.org/jackspeak/-/jackspeak-3.4.3.tgz 0ms (cache hit)
1866 http cache foreground-child@https://registry.npmjs.org/foreground-child/-/foreground-child-3.3.1.tgz 0ms (cache hit)
1867 http cache @jridgewell/resolve-uri@https://registry.npmjs.org/@jridgewell/resolve-uri/-/resolve-uri-3.1.2.tgz 0ms (cache hit)
1868 http cache package-json-from-dist@https://registry.npmjs.org/package-json-from-dist/-/package-json-from-dist-1.0.1.tgz 0ms (cache hit)
1869 http cache @jridgewell/trace-mapping@https://registry.npmjs.org/@jridgewell/trace-mapping/-/trace-mapping-0.3.29.tgz 0ms (cache hit)
1870 http cache @jridgewell/sourcemap-codec@https://registry.npmjs.org/@jridgewell/sourcemap-codec/-/sourcemap-codec-1.5.4.tgz 0ms (cache hit)
1871 http cache pirates@https://registry.npmjs.org/pirates/-/pirates-4.0.7.tgz 0ms (cache hit)
1872 http cache mz@https://registry.npmjs.org/mz/-/mz-2.7.0.tgz 0ms (cache hit)
1873 http cache ts-interface-checker@https://registry.npmjs.org/ts-interface-checker/-/ts-interface-checker-0.1.13.tgz 0ms (cache hit)
1874 http cache lines-and-columns@https://registry.npmjs.org/lines-and-columns/-/lines-and-columns-1.2.4.tgz 0ms (cache hit)
1875 http cache glob@https://registry.npmjs.org/glob/-/glob-10.4.5.tgz 0ms (cache hit)
1876 http cache @jridgewell/gen-mapping@https://registry.npmjs.org/@jridgewell/gen-mapping/-/gen-mapping-0.3.12.tgz 0ms (cache hit)
1877 http cache commander@https://registry.npmjs.org/commander/-/commander-4.1.1.tgz 0ms (cache hit)
1878 http cache queue-microtask@https://registry.npmjs.org/queue-microtask/-/queue-microtask-1.2.3.tgz 0ms (cache hit)
1879 http cache supports-preserve-symlinks-flag@https://registry.npmjs.org/supports-preserve-symlinks-flag/-/supports-preserve-symlinks-flag-1.0.0.tgz 0ms (cache hit)
1880 http cache path-parse@https://registry.npmjs.org/path-parse/-/path-parse-1.0.7.tgz 0ms (cache hit)
1881 http cache is-core-module@https://registry.npmjs.org/is-core-module/-/is-core-module-2.16.1.tgz 0ms (cache hit)
1882 http cache pify@https://registry.npmjs.org/pify/-/pify-2.3.0.tgz 0ms (cache hit)
1883 http cache util-deprecate@https://registry.npmjs.org/util-deprecate/-/util-deprecate-1.0.2.tgz 0ms (cache hit)
1884 http cache cssesc@https://registry.npmjs.org/cssesc/-/cssesc-3.0.0.tgz 0ms (cache hit)
1885 http cache read-cache@https://registry.npmjs.org/read-cache/-/read-cache-1.0.0.tgz 0ms (cache hit)
1886 http cache binary-extensions@https://registry.npmjs.org/binary-extensions/-/binary-extensions-2.3.0.tgz 0ms (cache hit)
1887 http cache camelcase-css@https://registry.npmjs.org/camelcase-css/-/camelcase-css-2.0.1.tgz 0ms (cache hit)
1888 http cache is-extglob@https://registry.npmjs.org/is-extglob/-/is-extglob-2.1.1.tgz 0ms (cache hit)
1889 http cache to-regex-range@https://registry.npmjs.org/to-regex-range/-/to-regex-range-5.0.1.tgz 0ms (cache hit)
1890 http cache run-parallel@https://registry.npmjs.org/run-parallel/-/run-parallel-1.2.0.tgz 0ms (cache hit)
1891 http cache fastq@https://registry.npmjs.org/fastq/-/fastq-1.19.1.tgz 0ms (cache hit)
1892 http cache merge2@https://registry.npmjs.org/merge2/-/merge2-1.4.1.tgz 0ms (cache hit)
1893 http cache @nodelib/fs.scandir@https://registry.npmjs.org/@nodelib/fs.scandir/-/fs.scandir-2.1.5.tgz 0ms (cache hit)
1894 http cache reusify@https://registry.npmjs.org/reusify/-/reusify-1.1.0.tgz 0ms (cache hit)
1895 http cache @nodelib/fs.walk@https://registry.npmjs.org/@nodelib/fs.walk/-/fs.walk-1.2.8.tgz 0ms (cache hit)
1896 http cache picomatch@https://registry.npmjs.org/picomatch/-/picomatch-2.3.1.tgz 0ms (cache hit)
1897 http cache @nodelib/fs.stat@https://registry.npmjs.org/@nodelib/fs.stat/-/fs.stat-2.0.5.tgz 0ms (cache hit)
1898 http cache is-binary-path@https://registry.npmjs.org/is-binary-path/-/is-binary-path-2.1.0.tgz 0ms (cache hit)
1899 http cache readdirp@https://registry.npmjs.org/readdirp/-/readdirp-3.6.0.tgz 0ms (cache hit)
1900 http cache braces@https://registry.npmjs.org/braces/-/braces-3.0.3.tgz 0ms (cache hit)
1901 http cache fill-range@https://registry.npmjs.org/fill-range/-/fill-range-7.1.1.tgz 0ms (cache hit)
1902 http cache fsevents@https://registry.npmjs.org/fsevents/-/fsevents-2.3.3.tgz 0ms (cache hit)
1903 http cache sucrase@https://registry.npmjs.org/sucrase/-/sucrase-3.35.0.tgz 0ms (cache hit)
1904 http cache anymatch@https://registry.npmjs.org/anymatch/-/anymatch-3.1.3.tgz 0ms (cache hit)
1905 http cache resolve@https://registry.npmjs.org/resolve/-/resolve-1.22.10.tgz 0ms (cache hit)
1906 http cache postcss-selector-parser@https://registry.npmjs.org/postcss-selector-parser/-/postcss-selector-parser-6.1.2.tgz 0ms (cache hit)
1907 http cache postcss-js@https://registry.npmjs.org/postcss-js/-/postcss-js-4.0.1.tgz 0ms (cache hit)
1908 http cache postcss-nested@https://registry.npmjs.org/postcss-nested/-/postcss-nested-6.2.0.tgz 0ms (cache hit)
1909 http cache object-hash@https://registry.npmjs.org/object-hash/-/object-hash-3.0.0.tgz 0ms (cache hit)
1910 http cache postcss-import@https://registry.npmjs.org/postcss-import/-/postcss-import-15.1.0.tgz 0ms (cache hit)
1911 http cache micromatch@https://registry.npmjs.org/micromatch/-/micromatch-4.0.8.tgz 0ms (cache hit)
1912 http cache lilconfig@https://registry.npmjs.org/lilconfig/-/lilconfig-3.1.3.tgz 0ms (cache hit)
1913 http cache normalize-path@https://registry.npmjs.org/normalize-path/-/normalize-path-3.0.0.tgz 0ms (cache hit)
1914 http cache is-glob@https://registry.npmjs.org/is-glob/-/is-glob-4.0.3.tgz 0ms (cache hit)
1915 http cache jiti@https://registry.npmjs.org/jiti/-/jiti-1.21.7.tgz 0ms (cache hit)
1916 http cache glob-parent@https://registry.npmjs.org/glob-parent/-/glob-parent-6.0.2.tgz 0ms (cache hit)
1917 http cache dlv@https://registry.npmjs.org/dlv/-/dlv-1.1.3.tgz 0ms (cache hit)
1918 http cache didyoumean@https://registry.npmjs.org/didyoumean/-/didyoumean-1.2.2.tgz 0ms (cache hit)
1919 http cache fast-glob@https://registry.npmjs.org/fast-glob/-/fast-glob-3.3.3.tgz 0ms (cache hit)
1920 http cache chokidar@https://registry.npmjs.org/chokidar/-/chokidar-3.6.0.tgz 0ms (cache hit)
1921 http cache arg@https://registry.npmjs.org/arg/-/arg-5.0.2.tgz 0ms (cache hit)
1922 http cache client-only@https://registry.npmjs.org/client-only/-/client-only-0.0.1.tgz 0ms (cache hit)
1923 http cache @alloc/quick-lru@https://registry.npmjs.org/@alloc/quick-lru/-/quick-lru-5.2.0.tgz 0ms (cache hit)
1924 http cache memory-pager@https://registry.npmjs.org/memory-pager/-/memory-pager-1.5.0.tgz 0ms (cache hit)
1925 http cache decimal.js-light@https://registry.npmjs.org/decimal.js-light/-/decimal.js-light-2.5.1.tgz 0ms (cache hit)
1926 http cache @babel/runtime@https://registry.npmjs.org/@babel/runtime/-/runtime-7.27.6.tgz 0ms (cache hit)
1927 http cache csstype@https://registry.npmjs.org/csstype/-/csstype-3.1.3.tgz 0ms (cache hit)
1928 http cache dom-helpers@https://registry.npmjs.org/dom-helpers/-/dom-helpers-5.2.1.tgz 0ms (cache hit)
1929 http cache object-assign@https://registry.npmjs.org/object-assign/-/object-assign-4.1.1.tgz 0ms (cache hit)
1930 http cache react-transition-group@https://registry.npmjs.org/react-transition-group/-/react-transition-group-4.4.5.tgz 0ms (cache hit)
1931 http cache prop-types@https://registry.npmjs.org/prop-types/-/prop-types-15.8.1.tgz 0ms (cache hit)
1932 http cache fast-equals@https://registry.npmjs.org/fast-equals/-/fast-equals-5.2.2.tgz 0ms (cache hit)
1933 http cache tiny-invariant@https://registry.npmjs.org/tiny-invariant/-/tiny-invariant-1.3.3.tgz 0ms (cache hit)
1934 http cache victory-vendor@https://registry.npmjs.org/victory-vendor/-/victory-vendor-36.9.2.tgz 0ms (cache hit)
1935 http cache react-smooth@https://registry.npmjs.org/react-smooth/-/react-smooth-4.0.4.tgz 0ms (cache hit)
1936 http cache react-is@https://registry.npmjs.org/react-is/-/react-is-18.3.1.tgz 0ms (cache hit)
1937 http cache lodash@https://registry.npmjs.org/lodash/-/lodash-4.17.21.tgz 0ms (cache hit)
1938 http cache eventemitter3@https://registry.npmjs.org/eventemitter3/-/eventemitter3-4.0.7.tgz 0ms (cache hit)
1939 http cache recharts-scale@https://registry.npmjs.org/recharts-scale/-/recharts-scale-0.4.5.tgz 0ms (cache hit)
1940 http cache get-nonce@https://registry.npmjs.org/get-nonce/-/get-nonce-1.0.1.tgz 0ms (cache hit)
1941 http cache use-sidecar@https://registry.npmjs.org/use-sidecar/-/use-sidecar-1.1.3.tgz 0ms (cache hit)
1942 http cache use-callback-ref@https://registry.npmjs.org/use-callback-ref/-/use-callback-ref-1.3.3.tgz 0ms (cache hit)
1943 http cache react-style-singleton@https://registry.npmjs.org/react-style-singleton/-/react-style-singleton-2.2.3.tgz 0ms (cache hit)
1944 http cache date-fns-jalali@https://registry.npmjs.org/date-fns-jalali/-/date-fns-jalali-4.1.0-0.tgz 0ms (cache hit)
1945 http cache scheduler@https://registry.npmjs.org/scheduler/-/scheduler-0.23.2.tgz 0ms (cache hit)
1946 http cache @date-fns/tz@https://registry.npmjs.org/@date-fns/tz/-/tz-1.2.0.tgz 0ms (cache hit)
1947 http cache js-tokens@https://registry.npmjs.org/js-tokens/-/js-tokens-4.0.0.tgz 0ms (cache hit)
1948 http cache loose-envify@https://registry.npmjs.org/loose-envify/-/loose-envify-1.4.0.tgz 0ms (cache hit)
1949 http cache source-map-js@https://registry.npmjs.org/source-map-js/-/source-map-js-1.2.1.tgz 0ms (cache hit)
1950 http cache nanoid@https://registry.npmjs.org/nanoid/-/nanoid-3.3.11.tgz 0ms (cache hit)
1951 http cache react-remove-scroll-bar@https://registry.npmjs.org/react-remove-scroll-bar/-/react-remove-scroll-bar-2.3.8.tgz 0ms (cache hit)
1952 http cache streamsearch@https://registry.npmjs.org/streamsearch/-/streamsearch-1.1.0.tgz 0ms (cache hit)
1953 http cache styled-jsx@https://registry.npmjs.org/styled-jsx/-/styled-jsx-5.1.1.tgz 0ms (cache hit)
1954 http cache graceful-fs@https://registry.npmjs.org/graceful-fs/-/graceful-fs-4.2.11.tgz 0ms (cache hit)
1955 http cache busboy@https://registry.npmjs.org/busboy/-/busboy-1.6.0.tgz 0ms (cache hit)
1956 http cache @swc/helpers@https://registry.npmjs.org/@swc/helpers/-/helpers-0.5.5.tgz 0ms (cache hit)
1957 http cache @next/swc-darwin-arm64@https://registry.npmjs.org/@next/swc-darwin-arm64/-/swc-darwin-arm64-14.2.3.tgz 0ms (cache hit)
1958 http cache whatwg-url@https://registry.npmjs.org/whatwg-url/-/whatwg-url-14.2.0.tgz 0ms (cache hit)
1959 http cache @types/webidl-conversions@https://registry.npmjs.org/@types/webidl-conversions/-/webidl-conversions-7.0.3.tgz 0ms (cache hit)
1960 http cache @swc/counter@https://registry.npmjs.org/@swc/counter/-/counter-0.1.3.tgz 0ms (cache hit)
1961 http cache @next/env@https://registry.npmjs.org/@next/env/-/env-14.2.3.tgz 0ms (cache hit)
1962 http cache @types/whatwg-url@https://registry.npmjs.org/@types/whatwg-url/-/whatwg-url-11.0.5.tgz 0ms (cache hit)
1963 http cache sparse-bitfield@https://registry.npmjs.org/sparse-bitfield/-/sparse-bitfield-3.0.3.tgz 0ms (cache hit)
1964 http cache bson@https://registry.npmjs.org/bson/-/bson-6.10.4.tgz 0ms (cache hit)
1965 http cache mongodb-connection-string-url@https://registry.npmjs.org/mongodb-connection-string-url/-/mongodb-connection-string-url-3.0.2.tgz 0ms (cache hit)
1966 http cache @mongodb-js/saslprep@https://registry.npmjs.org/@mongodb-js/saslprep/-/saslprep-1.3.0.tgz 0ms (cache hit)
1967 http cache mime-db@https://registry.npmjs.org/mime-db/-/mime-db-1.52.0.tgz 0ms (cache hit)
1968 http cache dunder-proto@https://registry.npmjs.org/dunder-proto/-/dunder-proto-1.0.1.tgz 0ms (cache hit)
1969 http cache math-intrinsics@https://registry.npmjs.org/math-intrinsics/-/math-intrinsics-1.1.0.tgz 0ms (cache hit)
1970 http cache has-symbols@https://registry.npmjs.org/has-symbols/-/has-symbols-1.1.0.tgz 0ms (cache hit)
1971 http cache get-proto@https://registry.npmjs.org/get-proto/-/get-proto-1.0.1.tgz 0ms (cache hit)
1972 http cache gopd@https://registry.npmjs.org/gopd/-/gopd-1.2.0.tgz 0ms (cache hit)
1973 http cache function-bind@https://registry.npmjs.org/function-bind/-/function-bind-1.1.2.tgz 0ms (cache hit)
1974 http cache es-object-atoms@https://registry.npmjs.org/es-object-atoms/-/es-object-atoms-1.1.1.tgz 0ms (cache hit)
1975 http cache es-define-property@https://registry.npmjs.org/es-define-property/-/es-define-property-1.0.1.tgz 0ms (cache hit)
1976 http cache call-bind-apply-helpers@https://registry.npmjs.org/call-bind-apply-helpers/-/call-bind-apply-helpers-1.0.2.tgz 0ms (cache hit)
1977 http cache motion-utils@https://registry.npmjs.org/motion-utils/-/motion-utils-12.39.0.tgz 0ms (cache hit)
1978 http cache motion-dom@https://registry.npmjs.org/motion-dom/-/motion-dom-12.40.0.tgz 0ms (cache hit)
1979 http cache has-tostringtag@https://registry.npmjs.org/has-tostringtag/-/has-tostringtag-1.0.2.tgz 0ms (cache hit)
1980 http cache get-intrinsic@https://registry.npmjs.org/get-intrinsic/-/get-intrinsic-1.3.0.tgz 0ms (cache hit)
1981 http cache es-errors@https://registry.npmjs.org/es-errors/-/es-errors-1.3.0.tgz 0ms (cache hit)
1982 http cache mime-types@https://registry.npmjs.org/mime-types/-/mime-types-2.1.35.tgz 0ms (cache hit)
1983 http cache delayed-stream@https://registry.npmjs.org/delayed-stream/-/delayed-stream-1.0.0.tgz 0ms (cache hit)
1984 http cache hasown@https://registry.npmjs.org/hasown/-/hasown-2.0.2.tgz 0ms (cache hit)
1985 http cache es-set-tostringtag@https://registry.npmjs.org/es-set-tostringtag/-/es-set-tostringtag-2.1.0.tgz 0ms (cache hit)
1986 http cache combined-stream@https://registry.npmjs.org/combined-stream/-/combined-stream-1.0.8.tgz 0ms (cache hit)
1987 http cache asynckit@https://registry.npmjs.org/asynckit/-/asynckit-0.4.0.tgz 0ms (cache hit)
1988 http cache embla-carousel-reactive-utils@https://registry.npmjs.org/embla-carousel-reactive-utils/-/embla-carousel-reactive-utils-8.6.0.tgz 0ms (cache hit)
1989 http cache embla-carousel@https://registry.npmjs.org/embla-carousel/-/embla-carousel-8.6.0.tgz 0ms (cache hit)
1990 http cache update-browserslist-db@https://registry.npmjs.org/update-browserslist-db/-/update-browserslist-db-1.1.3.tgz 0ms (cache hit)
1991 http cache electron-to-chromium@https://registry.npmjs.org/electron-to-chromium/-/electron-to-chromium-1.5.180.tgz 0ms (cache hit)
1992 http cache node-releases@https://registry.npmjs.org/node-releases/-/node-releases-2.0.19.tgz 0ms (cache hit)
1993 http cache form-data@https://registry.npmjs.org/form-data/-/form-data-4.0.3.tgz 0ms (cache hit)
1994 http cache follow-redirects@https://registry.npmjs.org/follow-redirects/-/follow-redirects-1.15.9.tgz 0ms (cache hit)
1995 http cache postcss-value-parser@https://registry.npmjs.org/postcss-value-parser/-/postcss-value-parser-4.2.0.tgz 0ms (cache hit)
1996 http cache picocolors@https://registry.npmjs.org/picocolors/-/picocolors-1.1.1.tgz 0ms (cache hit)
1997 http cache normalize-range@https://registry.npmjs.org/normalize-range/-/normalize-range-0.1.2.tgz 0ms (cache hit)
1998 http cache fraction.js@https://registry.npmjs.org/fraction.js/-/fraction.js-4.3.7.tgz 0ms (cache hit)
1999 http cache caniuse-lite@https://registry.npmjs.org/caniuse-lite/-/caniuse-lite-1.0.30001727.tgz 0ms (cache hit)
2000 http cache proxy-from-env@https://registry.npmjs.org/proxy-from-env/-/proxy-from-env-1.1.0.tgz 0ms (cache hit)
2001 http cache browserslist@https://registry.npmjs.org/browserslist/-/browserslist-4.25.1.tgz 0ms (cache hit)
2002 http cache tslib@https://registry.npmjs.org/tslib/-/tslib-2.8.1.tgz 0ms (cache hit)
2003 http cache @tanstack/table-core@https://registry.npmjs.org/@tanstack/table-core/-/table-core-8.21.3.tgz 0ms (cache hit)
2004 http cache use-sync-external-store@https://registry.npmjs.org/use-sync-external-store/-/use-sync-external-store-1.5.0.tgz 0ms (cache hit)
2005 http cache @radix-ui/react-use-effect-event@https://registry.npmjs.org/@radix-ui/react-use-effect-event/-/react-use-effect-event-0.0.2.tgz 0ms (cache hit)
2006 http cache @radix-ui/number@https://registry.npmjs.org/@radix-ui/number/-/number-1.1.1.tgz 0ms (cache hit)
2007 http cache @floating-ui/utils@https://registry.npmjs.org/@floating-ui/utils/-/utils-0.2.10.tgz 0ms (cache hit)
2008 http cache @floating-ui/dom@https://registry.npmjs.org/@floating-ui/dom/-/dom-1.7.2.tgz 0ms (cache hit)
2009 http cache @floating-ui/core@https://registry.npmjs.org/@floating-ui/core/-/core-1.7.2.tgz 0ms (cache hit)
2010 http cache @radix-ui/rect@https://registry.npmjs.org/@radix-ui/rect/-/rect-1.1.1.tgz 0ms (cache hit)
2011 http cache @radix-ui/react-use-rect@https://registry.npmjs.org/@radix-ui/react-use-rect/-/react-use-rect-1.1.1.tgz 0ms (cache hit)
2012 http cache @radix-ui/react-arrow@https://registry.npmjs.org/@radix-ui/react-arrow/-/react-arrow-1.1.7.tgz 0ms (cache hit)
2013 http cache @floating-ui/react-dom@https://registry.npmjs.org/@floating-ui/react-dom/-/react-dom-2.1.4.tgz 0ms (cache hit)
2014 http cache @radix-ui/react-visually-hidden@https://registry.npmjs.org/@radix-ui/react-visually-hidden/-/react-visually-hidden-1.2.3.tgz 0ms (cache hit)
2015 http cache @radix-ui/react-use-escape-keydown@https://registry.npmjs.org/@radix-ui/react-use-escape-keydown/-/react-use-escape-keydown-1.1.1.tgz 0ms (cache hit)
2016 http cache @radix-ui/react-popper@https://registry.npmjs.org/@radix-ui/react-popper/-/react-popper-1.2.7.tgz 0ms (cache hit)
2017 http cache react-remove-scroll@https://registry.npmjs.org/react-remove-scroll/-/react-remove-scroll-2.7.1.tgz 0ms (cache hit)
2018 http cache aria-hidden@https://registry.npmjs.org/aria-hidden/-/aria-hidden-1.2.6.tgz 0ms (cache hit)
2019 http cache @radix-ui/react-portal@https://registry.npmjs.org/@radix-ui/react-portal/-/react-portal-1.1.9.tgz 0ms (cache hit)
2020 http cache @radix-ui/react-roving-focus@https://registry.npmjs.org/@radix-ui/react-roving-focus/-/react-roving-focus-1.1.10.tgz 0ms (cache hit)
2021 http cache @radix-ui/react-focus-scope@https://registry.npmjs.org/@radix-ui/react-focus-scope/-/react-focus-scope-1.1.7.tgz 0ms (cache hit)
2022 http cache @radix-ui/react-focus-guards@https://registry.npmjs.org/@radix-ui/react-focus-guards/-/react-focus-guards-1.1.2.tgz 0ms (cache hit)
2023 http cache @radix-ui/react-dismissable-layer@https://registry.npmjs.org/@radix-ui/react-dismissable-layer/-/react-dismissable-layer-1.1.10.tgz 0ms (cache hit)
2024 http cache @radix-ui/react-menu@https://registry.npmjs.org/@radix-ui/react-menu/-/react-menu-2.1.15.tgz 0ms (cache hit)
2025 http cache @radix-ui/react-use-size@https://registry.npmjs.org/@radix-ui/react-use-size/-/react-use-size-1.1.1.tgz 0ms (cache hit)
2026 http cache @radix-ui/react-use-previous@https://registry.npmjs.org/@radix-ui/react-use-previous/-/react-use-previous-1.1.1.tgz 0ms (cache hit)
2027 http cache @radix-ui/react-use-is-hydrated@https://registry.npmjs.org/@radix-ui/react-use-is-hydrated/-/react-use-is-hydrated-0.1.0.tgz 0ms (cache hit)
2028 http cache @radix-ui/react-presence@https://registry.npmjs.org/@radix-ui/react-presence/-/react-presence-1.1.4.tgz 0ms (cache hit)
2029 http cache @radix-ui/react-use-layout-effect@https://registry.npmjs.org/@radix-ui/react-use-layout-effect/-/react-use-layout-effect-1.1.1.tgz 0ms (cache hit)
2030 http cache @radix-ui/react-use-callback-ref@https://registry.npmjs.org/@radix-ui/react-use-callback-ref/-/react-use-callback-ref-1.1.1.tgz 0ms (cache hit)
2031 http cache @radix-ui/react-use-controllable-state@https://registry.npmjs.org/@radix-ui/react-use-controllable-state/-/react-use-controllable-state-1.2.2.tgz 0ms (cache hit)
2032 http cache @radix-ui/react-primitive@https://registry.npmjs.org/@radix-ui/react-primitive/-/react-primitive-2.1.3.tgz 0ms (cache hit)
2033 http cache @radix-ui/react-direction@https://registry.npmjs.org/@radix-ui/react-direction/-/react-direction-1.1.1.tgz 0ms (cache hit)
2034 http cache @radix-ui/react-id@https://registry.npmjs.org/@radix-ui/react-id/-/react-id-1.1.1.tgz 0ms (cache hit)
2035 http cache @radix-ui/react-context@https://registry.npmjs.org/@radix-ui/react-context/-/react-context-1.1.2.tgz 0ms (cache hit)
2036 http cache @radix-ui/react-compose-refs@https://registry.npmjs.org/@radix-ui/react-compose-refs/-/react-compose-refs-1.1.2.tgz 0ms (cache hit)
2037 http cache @radix-ui/react-collection@https://registry.npmjs.org/@radix-ui/react-collection/-/react-collection-1.1.7.tgz 0ms (cache hit)
2038 http cache @radix-ui/primitive@https://registry.npmjs.org/@radix-ui/primitive/-/primitive-1.1.2.tgz 0ms (cache hit)
2039 http cache @standard-schema/utils@https://registry.npmjs.org/@standard-schema/utils/-/utils-0.3.0.tgz 0ms (cache hit)
2040 http cache zod@https://registry.npmjs.org/zod/-/zod-3.25.76.tgz 0ms (cache hit)
2041 http cache vaul@https://registry.npmjs.org/vaul/-/vaul-1.1.2.tgz 0ms (cache hit)
2042 http cache uuid@https://registry.npmjs.org/uuid/-/uuid-9.0.1.tgz 0ms (cache hit)
2043 http cache tailwindcss-animate@https://registry.npmjs.org/tailwindcss-animate/-/tailwindcss-animate-1.0.7.tgz 0ms (cache hit)
2044 http cache tailwind-merge@https://registry.npmjs.org/tailwind-merge/-/tailwind-merge-3.3.1.tgz 0ms (cache hit)
2045 http cache sonner@https://registry.npmjs.org/sonner/-/sonner-2.0.6.tgz 0ms (cache hit)
2046 http cache recharts@https://registry.npmjs.org/recharts/-/recharts-2.15.4.tgz 0ms (cache hit)
2047 http cache react-resizable-panels@https://registry.npmjs.org/react-resizable-panels/-/react-resizable-panels-3.0.3.tgz 0ms (cache hit)
2048 http cache tailwindcss@https://registry.npmjs.org/tailwindcss/-/tailwindcss-3.4.17.tgz 0ms (cache hit)
2049 http cache next-themes@https://registry.npmjs.org/next-themes/-/next-themes-0.4.6.tgz 0ms (cache hit)
2050 http cache next@https://registry.npmjs.org/next/-/next-14.2.3.tgz 0ms (cache hit)
2051 http cache lucide-react@https://registry.npmjs.org/lucide-react/-/lucide-react-0.516.0.tgz 0ms (cache hit)
2052 http cache mongodb@https://registry.npmjs.org/mongodb/-/mongodb-6.17.0.tgz 0ms (cache hit)
2053 http cache input-otp@https://registry.npmjs.org/input-otp/-/input-otp-1.4.2.tgz 0ms (cache hit)
2054 http cache react-day-picker@https://registry.npmjs.org/react-day-picker/-/react-day-picker-9.8.0.tgz 0ms (cache hit)
2055 http cache embla-carousel-react@https://registry.npmjs.org/embla-carousel-react/-/embla-carousel-react-8.6.0.tgz 0ms (cache hit)
2056 http cache framer-motion@https://registry.npmjs.org/framer-motion/-/framer-motion-12.40.0.tgz 0ms (cache hit)
2057 http cache globals@https://registry.npmjs.org/globals/-/globals-16.3.0.tgz 0ms (cache hit)
2058 http cache clsx@https://registry.npmjs.org/clsx/-/clsx-2.1.1.tgz 0ms (cache hit)
2059 http cache class-variance-authority@https://registry.npmjs.org/class-variance-authority/-/class-variance-authority-0.7.1.tgz 0ms (cache hit)
2060 http cache cmdk@https://registry.npmjs.org/cmdk/-/cmdk-1.1.1.tgz 0ms (cache hit)
2061 http cache axios@https://registry.npmjs.org/axios/-/axios-1.10.0.tgz 0ms (cache hit)
2062 http cache postcss@https://registry.npmjs.org/postcss/-/postcss-8.5.6.tgz 0ms (cache hit)
2063 http cache autoprefixer@https://registry.npmjs.org/autoprefixer/-/autoprefixer-10.4.21.tgz 0ms (cache hit)
2064 http cache date-fns@https://registry.npmjs.org/date-fns/-/date-fns-4.1.0.tgz 0ms (cache hit)
2065 http cache @radix-ui/react-tooltip@https://registry.npmjs.org/@radix-ui/react-tooltip/-/react-tooltip-1.2.7.tgz 0ms (cache hit)
2066 http cache @tanstack/react-table@https://registry.npmjs.org/@tanstack/react-table/-/react-table-8.21.3.tgz 0ms (cache hit)
2067 http cache @radix-ui/react-toggle-group@https://registry.npmjs.org/@radix-ui/react-toggle-group/-/react-toggle-group-1.1.10.tgz 0ms (cache hit)
2068 http cache @radix-ui/react-toggle@https://registry.npmjs.org/@radix-ui/react-toggle/-/react-toggle-1.1.9.tgz 0ms (cache hit)
2069 http cache @radix-ui/react-tabs@https://registry.npmjs.org/@radix-ui/react-tabs/-/react-tabs-1.1.12.tgz 0ms (cache hit)
2070 http cache @radix-ui/react-toast@https://registry.npmjs.org/@radix-ui/react-toast/-/react-toast-1.2.14.tgz 0ms (cache hit)
2071 http cache @radix-ui/react-switch@https://registry.npmjs.org/@radix-ui/react-switch/-/react-switch-1.2.5.tgz 0ms (cache hit)
2072 http cache @radix-ui/react-slider@https://registry.npmjs.org/@radix-ui/react-slider/-/react-slider-1.3.5.tgz 0ms (cache hit)
2073 http cache @radix-ui/react-separator@https://registry.npmjs.org/@radix-ui/react-separator/-/react-separator-1.1.7.tgz 0ms (cache hit)
2074 http cache @radix-ui/react-select@https://registry.npmjs.org/@radix-ui/react-select/-/react-select-2.2.5.tgz 0ms (cache hit)
2075 http cache @radix-ui/react-scroll-area@https://registry.npmjs.org/@radix-ui/react-scroll-area/-/react-scroll-area-1.2.9.tgz 0ms (cache hit)
2076 http cache @radix-ui/react-slot@https://registry.npmjs.org/@radix-ui/react-slot/-/react-slot-1.2.3.tgz 0ms (cache hit)
2077 http cache @radix-ui/react-radio-group@https://registry.npmjs.org/@radix-ui/react-radio-group/-/react-radio-group-1.3.7.tgz 0ms (cache hit)
2078 http cache @radix-ui/react-progress@https://registry.npmjs.org/@radix-ui/react-progress/-/react-progress-1.1.7.tgz 0ms (cache hit)
2079 http cache @radix-ui/react-popover@https://registry.npmjs.org/@radix-ui/react-popover/-/react-popover-1.1.14.tgz 0ms (cache hit)
2080 http cache @radix-ui/react-navigation-menu@https://registry.npmjs.org/@radix-ui/react-navigation-menu/-/react-navigation-menu-1.2.13.tgz 0ms (cache hit)
2081 http cache @radix-ui/react-menubar@https://registry.npmjs.org/@radix-ui/react-menubar/-/react-menubar-1.1.15.tgz 0ms (cache hit)
2082 http cache @radix-ui/react-label@https://registry.npmjs.org/@radix-ui/react-label/-/react-label-2.1.7.tgz 0ms (cache hit)
2083 http cache @radix-ui/react-hover-card@https://registry.npmjs.org/@radix-ui/react-hover-card/-/react-hover-card-1.1.14.tgz 0ms (cache hit)
2084 http cache @radix-ui/react-dropdown-menu@https://registry.npmjs.org/@radix-ui/react-dropdown-menu/-/react-dropdown-menu-2.1.15.tgz 0ms (cache hit)
2085 http cache @radix-ui/react-dialog@https://registry.npmjs.org/@radix-ui/react-dialog/-/react-dialog-1.1.14.tgz 0ms (cache hit)
2086 http cache @radix-ui/react-context-menu@https://registry.npmjs.org/@radix-ui/react-context-menu/-/react-context-menu-2.2.15.tgz 0ms (cache hit)
2087 http cache @radix-ui/react-collapsible@https://registry.npmjs.org/@radix-ui/react-collapsible/-/react-collapsible-1.1.11.tgz 0ms (cache hit)
2088 http cache @radix-ui/react-checkbox@https://registry.npmjs.org/@radix-ui/react-checkbox/-/react-checkbox-1.3.2.tgz 0ms (cache hit)
2089 http cache @radix-ui/react-avatar@https://registry.npmjs.org/@radix-ui/react-avatar/-/react-avatar-1.1.10.tgz 0ms (cache hit)
2090 http cache @radix-ui/react-aspect-ratio@https://registry.npmjs.org/@radix-ui/react-aspect-ratio/-/react-aspect-ratio-1.1.7.tgz 0ms (cache hit)
2091 http cache @radix-ui/react-alert-dialog@https://registry.npmjs.org/@radix-ui/react-alert-dialog/-/react-alert-dialog-1.1.14.tgz 0ms (cache hit)
2092 http cache react-dom@https://registry.npmjs.org/react-dom/-/react-dom-18.3.1.tgz 0ms (cache hit)
2093 http cache @radix-ui/react-accordion@https://registry.npmjs.org/@radix-ui/react-accordion/-/react-accordion-1.2.11.tgz 0ms (cache hit)
2094 http cache react-hook-form@https://registry.npmjs.org/react-hook-form/-/react-hook-form-7.60.0.tgz 0ms (cache hit)
2095 http cache @hookform/resolvers@https://registry.npmjs.org/@hookform/resolvers/-/resolvers-5.1.1.tgz 0ms (cache hit)
2096 http cache emoji-regex@https://registry.npmjs.org/emoji-regex/-/emoji-regex-8.0.0.tgz 0ms (cache hit)
2097 http cache string-width@https://registry.npmjs.org/string-width/-/string-width-4.2.3.tgz 0ms (cache hit)
2098 http cache ansi-styles@https://registry.npmjs.org/ansi-styles/-/ansi-styles-4.3.0.tgz 0ms (cache hit)
2099 http cache react@https://registry.npmjs.org/react/-/react-18.3.1.tgz 0ms (cache hit)
2100 http cache ansi-regex@https://registry.npmjs.org/ansi-regex/-/ansi-regex-5.0.1.tgz 0ms (cache hit)
2101 http cache strip-ansi@https://registry.npmjs.org/strip-ansi/-/strip-ansi-6.0.1.tgz 0ms (cache hit)
2102 http cache ansi-regex@https://registry.npmjs.org/ansi-regex/-/ansi-regex-5.0.1.tgz 0ms (cache hit)
2103 http cache glob-parent@https://registry.npmjs.org/glob-parent/-/glob-parent-5.1.2.tgz 0ms (cache hit)
2104 http cache ansi-regex@https://registry.npmjs.org/ansi-regex/-/ansi-regex-5.0.1.tgz 0ms (cache hit)
2105 http cache strip-ansi@https://registry.npmjs.org/strip-ansi/-/strip-ansi-6.0.1.tgz 0ms (cache hit)
2106 http cache glob-parent@https://registry.npmjs.org/glob-parent/-/glob-parent-5.1.2.tgz 0ms (cache hit)
2107 http cache emoji-regex@https://registry.npmjs.org/emoji-regex/-/emoji-regex-8.0.0.tgz 0ms (cache hit)
2108 http cache react-is@https://registry.npmjs.org/react-is/-/react-is-16.13.1.tgz 0ms (cache hit)
2109 http cache postcss@https://registry.npmjs.org/postcss/-/postcss-8.4.31.tgz 0ms (cache hit)
2110 http cache postcss-load-config@https://registry.npmjs.org/postcss-load-config/-/postcss-load-config-4.0.2.tgz 0ms (cache hit)
2111 silly tarball no local data for next@https://registry.npmjs.org/next/-/next-14.2.3.tgz. Extracting by manifest.
2112 http fetch POST 200 https://registry.npmjs.org/-/npm/v1/security/advisories/bulk 740ms
2113 silly audit report {
2113 silly audit report   postcss: [
2113 silly audit report     {
2113 silly audit report       id: 1117015,
2113 silly audit report       url: 'https://github.com/advisories/GHSA-qx2v-qp2m-jg93',
2113 silly audit report       title: 'PostCSS has XSS via Unescaped </style> in its CSS Stringify Output',
2113 silly audit report       severity: 'moderate',
2113 silly audit report       vulnerable_versions: '<8.5.10',
2113 silly audit report       cwe: [Array],
2113 silly audit report       cvss: [Object]
2113 silly audit report     }
2113 silly audit report   ],
2113 silly audit report   axios: [
2113 silly audit report     {
2113 silly audit report       id: 1118607,
2113 silly audit report       url: 'https://github.com/advisories/GHSA-q8qp-cvcw-x6jj',
2113 silly audit report       title: 'Axios has prototype pollution read-side gadgets in HTTP adapter that allow credential injection and request hijacking',
2113 silly audit report       severity: 'high',
2113 silly audit report       vulnerable_versions: '>=1.0.0 <1.15.2',
2113 silly audit report       cwe: [Array],
2113 silly audit report       cvss: [Object]
2113 silly audit report     },
2113 silly audit report     {
2113 silly audit report       id: 1112195,
2113 silly audit report       url: 'https://github.com/advisories/GHSA-4hjh-wcwx-xvwj',
2113 silly audit report       title: 'Axios is vulnerable to DoS attack through lack of data size check',
2113 silly audit report       severity: 'high',
2113 silly audit report       vulnerable_versions: '>=1.0.0 <1.12.0',
2113 silly audit report       cwe: [Array],
2113 silly audit report       cvss: [Object]
2113 silly audit report     },
2113 silly audit report     {
2113 silly audit report       id: 1119404,
2113 silly audit report       url: 'https://github.com/advisories/GHSA-fvcv-3m26-pcqx',
2113 silly audit report       title: 'Axios has Unrestricted Cloud Metadata Exfiltration via Header Injection Chain',
2113 silly audit report       severity: 'moderate',
2113 silly audit report       vulnerable_versions: '>=1.0.0 <1.15.0',
2113 silly audit report       cwe: [Array],
2113 silly audit report       cvss: [Object]
2113 silly audit report     },
2113 silly audit report     {
2113 silly audit report       id: 1116673,
2113 silly audit report       url: 'https://github.com/advisories/GHSA-3p68-rc4w-qgx5',
2113 silly audit report       title: 'Axios has a NO_PROXY Hostname Normalization Bypass that Leads to SSRF',
2113 silly audit report       severity: 'moderate',
2113 silly audit report       vulnerable_versions: '>=1.0.0 <1.15.0',
2113 silly audit report       cwe: [Array],
2113 silly audit report       cvss: [Object]
2113 silly audit report     },
2113 silly audit report     {
2113 silly audit report       id: 1117574,
2113 silly audit report       url: 'https://github.com/advisories/GHSA-w9j2-pvgh-6h63',
2113 silly audit report       title: 'Axios: Authentication Bypass via Prototype Pollution Gadget in `validateStatus` Merge Strategy',
2113 silly audit report       severity: 'moderate',
2113 silly audit report       vulnerable_versions: '>=1.0.0 <1.15.1',
2113 silly audit report       cwe: [Array],
2113 silly audit report       cvss: [Object]
2113 silly audit report     },
2113 silly audit report     {
2113 silly audit report       id: 1117576,
2113 silly audit report       url: 'https://github.com/advisories/GHSA-pmwg-cvhr-8vh7',
2113 silly audit report       title: 'Axios: Incomplete Fix for CVE-2025-62718 — NO_PROXY Protection Bypassed via RFC 1122 Loopback Subnet (127.0.0.0/8) in Axios 1.15.0',
2113 silly audit report       severity: 'high',
2113 silly audit report       vulnerable_versions: '>=1.0.0 <1.15.1',
2113 silly audit report       cwe: [Array],
2113 silly audit report       cvss: [Object]
2113 silly audit report     },
2113 silly audit report     {
2113 silly audit report       id: 1117577,
2113 silly audit report       url: 'https://github.com/advisories/GHSA-3w6x-2g7m-8v23',
2113 silly audit report       title: 'Axios: Invisible JSON Response Tampering via Prototype Pollution Gadget in `parseReviver`',
2113 silly audit report       severity: 'moderate',
2113 silly audit report       vulnerable_versions: '>=1.0.0 <1.15.2',
2113 silly audit report       cwe: [Array],
2113 silly audit report       cvss: [Object]
2113 silly audit report     },
2113 silly audit report     {
2113 silly audit report       id: 1117580,
2113 silly audit report       url: 'https://github.com/advisories/GHSA-xhjh-pmcv-23jw',
2113 silly audit report       title: 'Axios: Null Byte Injection via Reverse-Encoding in AxiosURLSearchParams',
2113 silly audit report       severity: 'low',
2113 silly audit report       vulnerable_versions: '>=1.0.0 <1.15.1',
2113 silly audit report       cwe: [Array],
2113 silly audit report       cvss: [Object]
2113 silly audit report     },
2113 silly audit report     {
2113 silly audit report       id: 1117581,
2113 silly audit report       url: 'https://github.com/advisories/GHSA-445q-vr5w-6q77',
2113 silly audit report       title: 'Axios: CRLF Injection in multipart/form-data body via unsanitized blob.type in formDataToStream',
2113 silly audit report       severity: 'moderate',
2113 silly audit report       vulnerable_versions: '>=1.0.0 <1.15.1',
2113 silly audit report       cwe: [Array],
2113 silly audit report       cvss: [Object]
2113 silly audit report     },
2113 silly audit report     {
2113 silly audit report       id: 1117583,
2113 silly audit report       url: 'https://github.com/advisories/GHSA-m7pr-hjqh-92cm',
2113 silly audit report       title: 'Axios: no_proxy bypass via IP alias allows SSRF',
2113 silly audit report       severity: 'moderate',
2113 silly audit report       vulnerable_versions: '>=1.0.0 <1.15.1',
2113 silly audit report       cwe: [Array],
2113 silly audit report       cvss: [Object]
2113 silly audit report     },
2113 silly audit report     {
2113 silly audit report       id: 1117585,
2113 silly audit report       url: 'https://github.com/advisories/GHSA-62hf-57xw-28j9',
2113 silly audit report       title: 'Axios: unbounded recursion in toFormData causes DoS via deeply nested request data',
2113 silly audit report       severity: 'moderate',
2113 silly audit report       vulnerable_versions: '>=1.0.0 <1.15.1',
2113 silly audit report       cwe: [Array],
2113 silly audit report       cvss: [Object]
2113 silly audit report     },
2113 silly audit report     {
2113 silly audit report       id: 1117587,
2113 silly audit report       url: 'https://github.com/advisories/GHSA-5c9x-8gcm-mpgx',
2113 silly audit report       title: "Axios' HTTP adapter-streamed uploads bypass maxBodyLength when maxRedirects: 0",
2113 silly audit report       severity: 'moderate',
2113 silly audit report       vulnerable_versions: '>=1.0.0 <1.15.1',
2113 silly audit report       cwe: [Array],
2113 silly audit report       cvss: [Object]
2113 silly audit report     },
2113 silly audit report     {
2113 silly audit report       id: 1117589,
2113 silly audit report       url: 'https://github.com/advisories/GHSA-vf2m-468p-8v99',
2113 silly audit report       title: 'Axios: HTTP adapter streamed responses bypass maxContentLength',
2113 silly audit report       severity: 'moderate',
2113 silly audit report       vulnerable_versions: '>=1.0.0 <1.15.1',
2113 silly audit report       cwe: [Array],
2113 silly audit report       cvss: [Object]
2113 silly audit report     },
2113 silly audit report     {
2113 silly audit report       id: 1117591,
2113 silly audit report       url: 'https://github.com/advisories/GHSA-pf86-5x62-jrwf',
2113 silly audit report       title: 'Axios: Prototype Pollution Gadgets - Response Tampering, Data Exfiltration, and Request Hijacking',
2113 silly audit report       severity: 'high',
2113 silly audit report       vulnerable_versions: '>=1.0.0 <1.15.1',
2113 silly audit report       cwe: [Array],
2113 silly audit report       cvss: [Object]
2113 silly audit report     },
2113 silly audit report     {
2113 silly audit report       id: 1117593,
2113 silly audit report       url: 'https://github.com/advisories/GHSA-6chq-wfr3-2hj9',
2113 silly audit report       title: 'Axios: Header Injection via Prototype Pollution',
2113 silly audit report       severity: 'high',
2113 silly audit report       vulnerable_versions: '>=1.0.0 <1.15.1',
2113 silly audit report       cwe: [Array],
2113 silly audit report       cvss: [Object]
2113 silly audit report     },
2113 silly audit report     {
2113 silly audit report       id: 1117595,
2113 silly audit report       url: 'https://github.com/advisories/GHSA-xx6v-rp6x-q39c',
2113 silly audit report       title: 'Axios: XSRF Token Cross-Origin Leakage via Prototype Pollution Gadget in `withXSRFToken` Boolean Coercion',
2113 silly audit report       severity: 'moderate',
2113 silly audit report       vulnerable_versions: '>=1.0.0 <1.15.1',
2113 silly audit report       cwe: [Array],
2113 silly audit report       cvss: [Object]
2113 silly audit report     },
2113 silly audit report     {
2113 silly audit report       id: 1117858,
2113 silly audit report       url: 'https://github.com/advisories/GHSA-43fc-jf86-j433',
2113 silly audit report       title: 'Axios is Vulnerable to Denial of Service via __proto__ Key in mergeConfig',
2113 silly audit report       severity: 'high',
2113 silly audit report       vulnerable_versions: '>=1.0.0 <=1.13.4',
2113 silly audit report       cwe: [Array],
2113 silly audit report       cvss: [Object]
2113 silly audit report     }
2113 silly audit report   ],
2113 silly audit report   next: [
2113 silly audit report     {
2113 silly audit report       id: 1099638,
2113 silly audit report       url: 'https://github.com/advisories/GHSA-gp8f-8m3g-qvj9',
2113 silly audit report       title: 'Next.js Cache Poisoning',
2113 silly audit report       severity: 'high',
2113 silly audit report       vulnerable_versions: '>=14.0.0 <14.2.10',
2113 silly audit report       cwe: [Array],
2113 silly audit report       cvss: [Object]
2113 silly audit report     },
2113 silly audit report     {
2113 silly audit report       id: 1100421,
2113 silly audit report       url: 'https://github.com/advisories/GHSA-g77x-44xx-532m',
2113 silly audit report       title: 'Denial of Service condition in Next.js image optimization',
2113 silly audit report       severity: 'moderate',
2113 silly audit report       vulnerable_versions: '>=10.0.0 <14.2.7',
2113 silly audit report       cwe: [Array],
2113 silly audit report       cvss: [Object]
2113 silly audit report     },
2113 silly audit report     {
2113 silly audit report       id: 1117931,
2113 silly audit report       url: 'https://github.com/advisories/GHSA-8h8q-6873-q5fj',
2113 silly audit report       title: 'Next.js Vulnerable to Denial of Service with Server Components',
2113 silly audit report       severity: 'high',
2113 silly audit report       vulnerable_versions: '>=13.0.0 <15.5.16',
2113 silly audit report       cwe: [Array],
2113 silly audit report       cvss: [Object]
2113 silly audit report     },
2113 silly audit report     {
2113 silly audit report       id: 1101438,
2113 silly audit report       url: 'https://github.com/advisories/GHSA-7m27-7ghc-44w9',
2113 silly audit report       title: 'Next.js Allows a Denial of Service (DoS) with Server Actions',
2113 silly audit report       severity: 'moderate',
2113 silly audit report       vulnerable_versions: '>=14.0.0 <14.2.21',
2113 silly audit report       cwe: [Array],
2113 silly audit report       cvss: [Object]
2113 silly audit report     },
2113 silly audit report     {
2113 silly audit report       id: 1105461,
2113 silly audit report       url: 'https://github.com/advisories/GHSA-3h52-269p-cp9r',
2113 silly audit report       title: 'Information exposure in Next.js dev server due to lack of origin verification',
2113 silly audit report       severity: 'low',
2113 silly audit report       vulnerable_versions: '>=13.0 <14.2.30',
2113 silly audit report       cwe: [Array],
2113 silly audit report       cvss: [Object]
2113 silly audit report     },
2113 silly audit report     {
2113 silly audit report       id: 1111391,
2113 silly audit report       url: 'https://github.com/advisories/GHSA-mwv6-3258-q52c',
2113 silly audit report       title: 'Next Vulnerable to Denial of Service with Server Components',
2113 silly audit report       severity: 'high',
2113 silly audit report       vulnerable_versions: '>=13.3.0 <14.2.34',
2113 silly audit report       cwe: [Array],
2113 silly audit report       cvss: [Object]
2113 silly audit report     },
2113 silly audit report     {
2113 silly audit report       id: 1107226,
2113 silly audit report       url: 'https://github.com/advisories/GHSA-g5qg-72qw-gw5v',
2113 silly audit report       title: 'Next.js Affected by Cache Key Confusion for Image Optimization API Routes',
2113 silly audit report       severity: 'moderate',
2113 silly audit report       vulnerable_versions: '>=0.9.9 <14.2.31',
2113 silly audit report       cwe: [Array],
2113 silly audit report       cvss: [Object]
2113 silly audit report     },
2113 silly audit report     {
2113 silly audit report       id: 1107420,
2113 silly audit report       url: 'https://github.com/advisories/GHSA-7gfc-8cq8-jh5f',
2113 silly audit report       title: 'Next.js authorization bypass vulnerability',
2113 silly audit report       severity: 'high',
2113 silly audit report       vulnerable_versions: '>=9.5.5 <14.2.15',
2113 silly audit report       cwe: [Array],
2113 silly audit report       cvss: [Object]
2113 silly audit report     },
2113 silly audit report     {
2113 silly audit report       id: 1107512,
2113 silly audit report       url: 'https://github.com/advisories/GHSA-4342-x723-ch2f',
2113 silly audit report       title: 'Next.js Improper Middleware Redirect Handling Leads to SSRF',
2113 silly audit report       severity: 'moderate',
2113 silly audit report       vulnerable_versions: '>=0.9.9 <14.2.32',
2113 silly audit report       cwe: [Array],
2113 silly audit report       cvss: [Object]
2113 silly audit report     },
2113 silly audit report     {
2113 silly audit report       id: 1107513,
2113 silly audit report       url: 'https://github.com/advisories/GHSA-xv57-4mr9-wg8v',
2113 silly audit report       title: 'Next.js Content Injection Vulnerability for Image Optimization',
2113 silly audit report       severity: 'moderate',
2113 silly audit report       vulnerable_versions: '>=0.9.9 <14.2.31',
2113 silly audit report       cwe: [Array],
2113 silly audit report       cvss: [Object]
2113 silly audit report     },
2113 silly audit report     {
2113 silly audit report       id: 1112182,
2113 silly audit report       url: 'https://github.com/advisories/GHSA-5j59-xgg2-r9c4',
2113 silly audit report       title: 'Next has a Denial of Service with Server Components - Incomplete Fix Follow-Up',
2113 silly audit report       severity: 'high',
2113 silly audit report       vulnerable_versions: '>=13.3.1-canary.0 <14.2.35',
2113 silly audit report       cwe: [Array],
2113 silly audit report       cvss: [Object]
2113 silly audit report     },
2113 silly audit report     {
2113 silly audit report       id: 1108291,
2113 silly audit report       url: 'https://github.com/advisories/GHSA-qpjv-v59x-3qc4',
2113 silly audit report       title: 'Next.js Race Condition to Cache Poisoning',
2113 silly audit report       severity: 'low',
2113 silly audit report       vulnerable_versions: '>=0.9.9 <14.2.24',
2113 silly audit report       cwe: [Array],
2113 silly audit report       cvss: [Object]
2113 silly audit report     },
2113 silly audit report     {
2113 silly audit report       id: 1118942,
2113 silly audit report       url: 'https://github.com/advisories/GHSA-3g8h-86w9-wvmq',
2113 silly audit report       title: "Next.js's Middleware / Proxy redirects can be cache-poisoned",
2113 silly audit report       severity: 'low',
2113 silly audit report       vulnerable_versions: '>=12.2.0 <15.5.16',
2113 silly audit report       cwe: [Array],
2113 silly audit report       cvss: [Object]
2113 silly audit report     },
2113 silly audit report     {
2113 silly audit report       id: 1118944,
2113 silly audit report       url: 'https://github.com/advisories/GHSA-ffhc-5mcf-pf4q',
2113 silly audit report       title: 'Next.js vulnerable to cross-site scripting in App Router applications using CSP nonces',
2113 silly audit report       severity: 'moderate',
2113 silly audit report       vulnerable_versions: '>=13.4.0 <15.5.16',
2113 silly audit report       cwe: [Array],
2113 silly audit report       cvss: [Object]
2113 silly audit report     },
2113 silly audit report     {
2113 silly audit report       id: 1118946,
2113 silly audit report       url: 'https://github.com/advisories/GHSA-vfv6-92ff-j949',
2113 silly audit report       title: 'Next.js vulnerable to cache poisoning via collisions in React Server Component cache-busting',
2113 silly audit report       severity: 'low',
2113 silly audit report       vulnerable_versions: '>=13.4.6 <15.5.16',
2113 silly audit report       cwe: [Array],
2113 silly audit report       cvss: [Object]
2113 silly audit report     },
2113 silly audit report     {
2113 silly audit report       id: 1118948,
2113 silly audit report       url: 'https://github.com/advisories/GHSA-gx5p-jg67-6x7h',
2113 silly audit report       title: 'Next.js has cross-site scripting in beforeInteractive scripts with untrusted input',
2113 silly audit report       severity: 'moderate',
2113 silly audit report       vulnerable_versions: '>=13.0.0 <15.5.16',
2113 silly audit report       cwe: [Array],
2113 silly audit report       cvss: [Object]
2113 silly audit report     },
2113 silly audit report     {
2113 silly audit report       id: 1118952,
2113 silly audit report       url: 'https://github.com/advisories/GHSA-h64f-5h5j-jqjh',
2113 silly audit report       title: 'Next.js has a Denial of Service in the Image Optimization API',
2113 silly audit report       severity: 'moderate',
2113 silly audit report       vulnerable_versions: '>=10.0.0 <15.5.16',
2113 silly audit report       cwe: [Array],
2113 silly audit report       cvss: [Object]
2113 silly audit report     },
2113 silly audit report     {
2113 silly audit report       id: 1118954,
2113 silly audit report       url: 'https://github.com/advisories/GHSA-c4j6-fc7j-m34r',
2113 silly audit report       title: 'Next.js vulnerable to server-side request forgery in applications using WebSocket upgrades',
2113 silly audit report       severity: 'high',
2113 silly audit report       vulnerable_versions: '>=13.4.13 <15.5.16',
2113 silly audit report       cwe: [Array],
2113 silly audit report       cvss: [Object]
2113 silly audit report     },
2113 silly audit report     {
2113 silly audit report       id: 1118958,
2113 silly audit report       url: 'https://github.com/advisories/GHSA-wfc6-r584-vfw7',
2113 silly audit report       title: 'Next.js vulnerable to cache poisoning in React Server Component responses',
2113 silly audit report       severity: 'moderate',
2113 silly audit report       vulnerable_versions: '>=14.2.0 <15.5.16',
2113 silly audit report       cwe: [Array],
2113 silly audit report       cvss: [Object]
2113 silly audit report     },
2113 silly audit report     {
2113 silly audit report       id: 1118962,
2113 silly audit report       url: 'https://github.com/advisories/GHSA-36qx-fr4f-26g5',
2113 silly audit report       title: 'Next.js has a Middleware / Proxy bypass in Pages Router applications using i18n',
2113 silly audit report       severity: 'high',
2113 silly audit report       vulnerable_versions: '>=12.2.0 <15.5.16',
2113 silly audit report       cwe: [Array],
2113 silly audit report       cvss: [Object]
2113 silly audit report     },
2113 silly audit report     {
2113 silly audit report       id: 1112593,
2113 silly audit report       url: 'https://github.com/advisories/GHSA-9g9p-9gw9-jx7f',
2113 silly audit report       title: 'Next.js self-hosted applications vulnerable to DoS via Image Optimizer remotePatterns configuration',
2113 silly audit report       severity: 'moderate',
2113 silly audit report       vulnerable_versions: '>=10.0.0 <15.5.10',
2113 silly audit report       cwe: [Array],
2113 silly audit report       cvss: [Object]
2113 silly audit report     },
2113 silly audit report     {
2113 silly audit report       id: 1112653,
2113 silly audit report       url: 'https://github.com/advisories/GHSA-h25m-26qc-wcjf',
2113 silly audit report       title: 'Next.js HTTP request deserialization can lead to DoS when using insecure React Server Components',
2113 silly audit report       severity: 'high',
2113 silly audit report       vulnerable_versions: '>=13.0.0 <15.0.8',
2113 silly audit report       cwe: [Array],
2113 silly audit report       cvss: [Object]
2113 silly audit report     },
2113 silly audit report     {
2113 silly audit report       id: 1113689,
2113 silly audit report       url: 'https://github.com/advisories/GHSA-f82v-jwr5-mffw',
2113 silly audit report       title: 'Authorization Bypass in Next.js Middleware',
2113 silly audit report       severity: 'critical',
2113 silly audit report       vulnerable_versions: '>=14.0.0 <14.2.25',
2113 silly audit report       cwe: [Array],
2113 silly audit report       cvss: [Object]
2113 silly audit report     },
2113 silly audit report     {
2113 silly audit report       id: 1114897,
2113 silly audit report       url: 'https://github.com/advisories/GHSA-ggv3-7p47-pfv8',
2113 silly audit report       title: 'Next.js: HTTP request smuggling in rewrites',
2113 silly audit report       severity: 'moderate',
2113 silly audit report       vulnerable_versions: '>=9.5.0 <15.5.13',
2113 silly audit report       cwe: [Array],
2113 silly audit report       cvss: [Object]
2113 silly audit report     },
2113 silly audit report     {
2113 silly audit report       id: 1114940,
2113 silly audit report       url: 'https://github.com/advisories/GHSA-3x4c-7xq6-9pq8',
2113 silly audit report       title: 'Next.js: Unbounded next/image disk cache growth can exhaust storage',
2113 silly audit report       severity: 'moderate',
2113 silly audit report       vulnerable_versions: '>=10.0.0 <15.5.14',
2113 silly audit report       cwe: [Array],
2113 silly audit report       cvss: [Object]
2113 silly audit report     },
2113 silly audit report     {
2113 silly audit report       id: 1116376,
2113 silly audit report       url: 'https://github.com/advisories/GHSA-q4gf-8mx6-v5v3',
2113 silly audit report       title: 'Next.js has a Denial of Service with Server Components',
2113 silly audit report       severity: 'high',
2113 silly audit report       vulnerable_versions: '>=13.0.0 <15.5.15',
2113 silly audit report       cwe: [Array],
2113 silly audit report       cvss: [Object]
2113 silly audit report     }
2113 silly audit report   ],
2113 silly audit report   uuid: [
2113 silly audit report     {
2113 silly audit report       id: 1119441,
2113 silly audit report       url: 'https://github.com/advisories/GHSA-w5hq-g745-h8pq',
2113 silly audit report       title: 'uuid: Missing buffer bounds check in v3/v5/v6 when buf is provided',
2113 silly audit report       severity: 'moderate',
2113 silly audit report       vulnerable_versions: '<11.1.1',
2113 silly audit report       cwe: [Array],
2113 silly audit report       cvss: [Object]
2113 silly audit report     }
2113 silly audit report   ],
2113 silly audit report   'follow-redirects': [
2113 silly audit report     {
2113 silly audit report       id: 1116560,
2113 silly audit report       url: 'https://github.com/advisories/GHSA-r4q5-vmmm-2653',
2113 silly audit report       title: 'follow-redirects leaks Custom Authentication Headers to Cross-Domain Redirect Targets',
2113 silly audit report       severity: 'moderate',
2113 silly audit report       vulnerable_versions: '<=1.15.11',
2113 silly audit report       cwe: [Array],
2113 silly audit report       cvss: [Object]
2113 silly audit report     }
2113 silly audit report   ],
2113 silly audit report   'form-data': [
2113 silly audit report     {
2113 silly audit report       id: 1109538,
2113 silly audit report       url: 'https://github.com/advisories/GHSA-fjxv-7rqg-78g4',
2113 silly audit report       title: 'form-data uses unsafe random function in form-data for choosing boundary',
2113 silly audit report       severity: 'critical',
2113 silly audit report       vulnerable_versions: '>=4.0.0 <4.0.4',
2113 silly audit report       cwe: [Array],
2113 silly audit report       cvss: [Object]
2113 silly audit report     }
2113 silly audit report   ],
2113 silly audit report   lodash: [
2113 silly audit report     {
2113 silly audit report       id: 1112455,
2113 silly audit report       url: 'https://github.com/advisories/GHSA-xxjr-mmjv-4gpg',
2113 silly audit report       title: 'Lodash has Prototype Pollution Vulnerability in `_.unset` and `_.omit` functions',
2113 silly audit report       severity: 'moderate',
2113 silly audit report       vulnerable_versions: '>=4.0.0 <=4.17.22',
2113 silly audit report       cwe: [Array],
2113 silly audit report       cvss: [Object]
2113 silly audit report     },
2113 silly audit report     {
2113 silly audit report       id: 1115806,
2113 silly audit report       url: 'https://github.com/advisories/GHSA-r5fr-rjxr-66jc',
2113 silly audit report       title: 'lodash vulnerable to Code Injection via `_.template` imports key names',
2113 silly audit report       severity: 'high',
2113 silly audit report       vulnerable_versions: '>=4.0.0 <=4.17.23',
2113 silly audit report       cwe: [Array],
2113 silly audit report       cvss: [Object]
2113 silly audit report     },
2113 silly audit report     {
2113 silly audit report       id: 1115810,
2113 silly audit report       url: 'https://github.com/advisories/GHSA-f23m-r3pf-42rh',
2113 silly audit report       title: 'lodash vulnerable to Prototype Pollution via array path bypass in `_.unset` and `_.omit`',
2113 silly audit report       severity: 'moderate',
2113 silly audit report       vulnerable_versions: '<=4.17.23',
2113 silly audit report       cwe: [Array],
2113 silly audit report       cvss: [Object]
2113 silly audit report     }
2113 silly audit report   ],
2113 silly audit report   picomatch: [
2113 silly audit report     {
2113 silly audit report       id: 1115549,
2113 silly audit report       url: 'https://github.com/advisories/GHSA-3v7f-55p6-f55p',
2113 silly audit report       title: 'Picomatch: Method Injection in POSIX Character Classes causes incorrect Glob Matching',
2113 silly audit report       severity: 'moderate',
2113 silly audit report       vulnerable_versions: '<2.3.2',
2113 silly audit report       cwe: [Array],
2113 silly audit report       cvss: [Object]
2113 silly audit report     },
2113 silly audit report     {
2113 silly audit report       id: 1115552,
2113 silly audit report       url: 'https://github.com/advisories/GHSA-c2c7-rcm5-vvqj',
2113 silly audit report       title: 'Picomatch has a ReDoS vulnerability via extglob quantifiers',
2113 silly audit report       severity: 'high',
2113 silly audit report       vulnerable_versions: '<2.3.2',
2113 silly audit report       cwe: [Array],
2113 silly audit report       cvss: [Object]
2113 silly audit report     }
2113 silly audit report   ],
2113 silly audit report   glob: [
2113 silly audit report     {
2113 silly audit report       id: 1109842,
2113 silly audit report       url: 'https://github.com/advisories/GHSA-5j98-mcp5-4vw2',
2113 silly audit report       title: 'glob CLI: Command injection via -c/--cmd executes matches with shell:true',
2113 silly audit report       severity: 'high',
2113 silly audit report       vulnerable_versions: '>=10.2.0 <10.5.0',
2113 silly audit report       cwe: [Array],
2113 silly audit report       cvss: [Object]
2113 silly audit report     }
2113 silly audit report   ],
2113 silly audit report   minimatch: [
2113 silly audit report     {
2113 silly audit report       id: 1113465,
2113 silly audit report       url: 'https://github.com/advisories/GHSA-3ppc-4f35-3m26',
2113 silly audit report       title: 'minimatch has a ReDoS via repeated wildcards with non-matching literal in pattern',
2113 silly audit report       severity: 'high',
2113 silly audit report       vulnerable_versions: '>=9.0.0 <9.0.6',
2113 silly audit report       cwe: [Array],
2113 silly audit report       cvss: [Object]
2113 silly audit report     },
2113 silly audit report     {
2113 silly audit report       id: 1113544,
2113 silly audit report       url: 'https://github.com/advisories/GHSA-7r86-cg39-jmmj',
2113 silly audit report       title: 'minimatch has ReDoS: matchOne() combinatorial backtracking via multiple non-adjacent GLOBSTAR segments',
2113 silly audit report       severity: 'high',
2113 silly audit report       vulnerable_versions: '>=9.0.0 <9.0.7',
2113 silly audit report       cwe: [Array],
2113 silly audit report       cvss: [Object]
2113 silly audit report     },
2113 silly audit report     {
2113 silly audit report       id: 1113552,
2113 silly audit report       url: 'https://github.com/advisories/GHSA-23c5-xmqv-rm74',
2113 silly audit report       title: 'minimatch ReDoS: nested *() extglobs generate catastrophically backtracking regular expressions',
2113 silly audit report       severity: 'high',
2113 silly audit report       vulnerable_versions: '>=9.0.0 <9.0.7',
2113 silly audit report       cwe: [Array],
2113 silly audit report       cvss: [Object]
2113 silly audit report     }
2113 silly audit report   ],
2113 silly audit report   'brace-expansion': [
2113 silly audit report     {
2113 silly audit report       id: 1115541,
2113 silly audit report       url: 'https://github.com/advisories/GHSA-f886-m6hf-6m8v',
2113 silly audit report       title: 'brace-expansion: Zero-step sequence causes process hang and memory exhaustion',
2113 silly audit report       severity: 'moderate',
2113 silly audit report       vulnerable_versions: '>=2.0.0 <2.0.3',
2113 silly audit report       cwe: [Array],
2113 silly audit report       cvss: [Object]
2113 silly audit report     }
2113 silly audit report   ],
2113 silly audit report   yaml: [
2113 silly audit report     {
2113 silly audit report       id: 1115556,
2113 silly audit report       url: 'https://github.com/advisories/GHSA-48c2-rrv3-qjmp',
2113 silly audit report       title: 'yaml is vulnerable to Stack Overflow via deeply nested YAML collections',
2113 silly audit report       severity: 'moderate',
2113 silly audit report       vulnerable_versions: '>=2.0.0 <2.8.3',
2113 silly audit report       cwe: [Array],
2113 silly audit report       cvss: [Object]
2113 silly audit report     }
2113 silly audit report   ]
2113 silly audit report }
2114 silly packumentCache corgi:https://registry.npmjs.org/postcss cache-miss
2115 silly packumentCache corgi:https://registry.npmjs.org/axios cache-miss
2116 silly packumentCache corgi:https://registry.npmjs.org/next cache-miss
2117 silly packumentCache corgi:https://registry.npmjs.org/uuid cache-miss
2118 silly packumentCache corgi:https://registry.npmjs.org/follow-redirects cache-miss
2119 silly packumentCache corgi:https://registry.npmjs.org/form-data cache-miss
2120 silly packumentCache corgi:https://registry.npmjs.org/lodash cache-miss
2121 silly packumentCache corgi:https://registry.npmjs.org/picomatch cache-miss
2122 silly packumentCache corgi:https://registry.npmjs.org/glob cache-miss
2123 silly packumentCache corgi:https://registry.npmjs.org/minimatch cache-miss
2124 silly packumentCache corgi:https://registry.npmjs.org/brace-expansion cache-miss
2125 silly packumentCache corgi:https://registry.npmjs.org/yaml cache-miss
2126 http fetch GET 200 https://registry.npmjs.org/brace-expansion 232ms (cache revalidated)
2127 silly packumentCache corgi:https://registry.npmjs.org/brace-expansion set size:24623 disposed:false
2128 http fetch GET 200 https://registry.npmjs.org/picomatch 233ms (cache revalidated)
2129 silly packumentCache corgi:https://registry.npmjs.org/picomatch set size:44414 disposed:false
2130 http fetch GET 200 https://registry.npmjs.org/minimatch 234ms (cache revalidated)
2131 silly packumentCache corgi:https://registry.npmjs.org/minimatch set size:168441 disposed:false
2132 http fetch GET 200 https://registry.npmjs.org/uuid 236ms (cache revalidated)
2133 silly packumentCache corgi:https://registry.npmjs.org/uuid set size:81812 disposed:false
2134 http fetch GET 200 https://registry.npmjs.org/glob 236ms (cache revalidated)
2135 silly packumentCache corgi:https://registry.npmjs.org/glob set size:199194 disposed:false
2136 http fetch GET 200 https://registry.npmjs.org/follow-redirects 238ms (cache revalidated)
2137 silly packumentCache corgi:https://registry.npmjs.org/follow-redirects set size:88479 disposed:false
2138 http fetch GET 200 https://registry.npmjs.org/axios 242ms (cache revalidated)
2139 silly packumentCache corgi:https://registry.npmjs.org/axios set size:290630 disposed:false
2140 http fetch GET 200 https://registry.npmjs.org/lodash 249ms (cache revalidated)
2141 silly packumentCache corgi:https://registry.npmjs.org/lodash set size:69555 disposed:false
2142 http fetch GET 200 https://registry.npmjs.org/postcss 255ms (cache revalidated)
2143 silly packumentCache corgi:https://registry.npmjs.org/postcss set size:344717 disposed:false
2144 http fetch GET 200 https://registry.npmjs.org/yaml 261ms (cache revalidated)
2145 silly packumentCache corgi:https://registry.npmjs.org/yaml set size:163878 disposed:false
2146 warn deprecated uuid@9.0.1: uuid@10 and below is no longer supported.  For ESM codebases, update to uuid@latest.  For CommonJS codebases, use uuid@11 (but be aware this version will likely be deprecated in 2028).
2147 warn deprecated glob@10.4.5: Old versions of glob are not supported, and contain widely publicized security vulnerabilities, which have been fixed in the current version. Please update. Support for old versions may be purchased (at exorbitant rates) by contacting i@izs.me
2148 warn deprecated recharts@2.15.4: 1.x and 2.x branches are no longer active. Bump to Recharts v3 to receive latest features and bugfixes. See https://github.com/recharts/recharts/wiki/3.0-migration-guide
2149 http fetch GET 200 https://registry.npmjs.org/form-data 1288ms (cache revalidated)
2150 silly packumentCache corgi:https://registry.npmjs.org/form-data set size:51426 disposed:false
2151 http fetch GET 200 https://registry.npmjs.org/next 2400ms (cache revalidated)
2152 silly packumentCache corgi:https://registry.npmjs.org/next set size:25042011 disposed:false
2153 silly packumentCache corgi:https://registry.npmjs.org/autoprefixer cache-miss
2154 silly packumentCache corgi:https://registry.npmjs.org/tailwindcss cache-miss
2155 silly packumentCache corgi:https://registry.npmjs.org/postcss-import cache-miss
2156 silly packumentCache corgi:https://registry.npmjs.org/postcss-js cache-miss
2157 silly packumentCache corgi:https://registry.npmjs.org/postcss-load-config cache-miss
2158 silly packumentCache corgi:https://registry.npmjs.org/postcss-nested cache-miss
2159 http fetch GET 200 https://registry.npmjs.org/postcss-import 79ms (cache revalidated)
2160 silly packumentCache corgi:https://registry.npmjs.org/postcss-import set size:52251 disposed:false
2161 http fetch GET 200 https://registry.npmjs.org/tailwindcss 88ms (cache revalidated)
2162 silly packumentCache corgi:https://registry.npmjs.org/tailwindcss set size:4715267 disposed:false
2163 http fetch GET 200 https://registry.npmjs.org/postcss-nested 120ms (cache revalidated)
2164 silly packumentCache corgi:https://registry.npmjs.org/postcss-nested set size:41645 disposed:false
2165 http fetch GET 200 https://registry.npmjs.org/postcss-load-config 121ms (cache revalidated)
2166 silly packumentCache corgi:https://registry.npmjs.org/postcss-load-config set size:37999 disposed:false
2167 http fetch GET 200 https://registry.npmjs.org/postcss-js 122ms (cache revalidated)
2168 silly packumentCache corgi:https://registry.npmjs.org/postcss-js set size:25314 disposed:false
2169 http fetch GET 200 https://registry.npmjs.org/autoprefixer 123ms (cache revalidated)
2170 silly packumentCache corgi:https://registry.npmjs.org/autoprefixer set size:298545 disposed:false
2171 silly packumentCache corgi:https://registry.npmjs.org/recharts cache-miss
2172 http fetch GET 200 https://registry.npmjs.org/recharts 59ms (cache revalidated)
2173 silly packumentCache corgi:https://registry.npmjs.org/recharts set size:834079 disposed:false
2174 silly packumentCache corgi:https://registry.npmjs.org/micromatch cache-miss
2175 silly packumentCache corgi:https://registry.npmjs.org/anymatch cache-miss
2176 silly packumentCache corgi:https://registry.npmjs.org/readdirp cache-miss
2177 http fetch GET 200 https://registry.npmjs.org/anymatch 62ms (cache revalidated)
2178 silly packumentCache corgi:https://registry.npmjs.org/anymatch set size:18345 disposed:false
2179 http fetch GET 200 https://registry.npmjs.org/micromatch 116ms (cache revalidated)
2180 silly packumentCache corgi:https://registry.npmjs.org/micromatch set size:71776 disposed:false
2181 http fetch GET 200 https://registry.npmjs.org/readdirp 118ms (cache revalidated)
2182 silly packumentCache corgi:https://registry.npmjs.org/readdirp set size:47123 disposed:false
2183 silly packumentCache corgi:https://registry.npmjs.org/sucrase cache-miss
2184 http fetch GET 200 https://registry.npmjs.org/sucrase 61ms (cache revalidated)
2185 silly packumentCache corgi:https://registry.npmjs.org/sucrase set size:163085 disposed:false
2186 http fetch GET 200 https://registry.npmjs.org/next/-/next-14.2.3.tgz 4782ms (cache miss)
2187 warn deprecated next@14.2.3: This version has a security vulnerability. Please upgrade to a patched version. See https://nextjs.org/blog/security-update-2025-12-11 for more details.
2188 info run fsevents@2.3.3 install node_modules/fsevents node-gyp rebuild
2189 info run fsevents@2.3.3 install { code: 1, signal: null }
2190 verbose reify failed optional dependency /Users/redakaleem/Downloads/wsc-healthcare 2/node_modules/fsevents
2191 silly reify mark deleted [
2191 silly reify   '/Users/redakaleem/Downloads/wsc-healthcare 2/node_modules/fsevents'
2191 silly reify ]
2192 silly ADD node_modules/color-name
2193 silly ADD node_modules/color-convert
2194 silly ADD node_modules/yaml
2195 silly ADD node_modules/ansi-styles
2196 silly ADD node_modules/isexe
2197 silly ADD node_modules/punycode
2198 silly ADD node_modules/webidl-conversions
2199 silly ADD node_modules/tr46
2200 silly ADD node_modules/d3-path
2201 silly ADD node_modules/d3-time-format
2202 silly ADD node_modules/d3-format
2203 silly ADD node_modules/d3-color
2204 silly ADD node_modules/internmap
2205 silly ADD node_modules/@types/d3-path
2206 silly ADD node_modules/@types/d3-color
2207 silly ADD node_modules/d3-timer
2208 silly ADD node_modules/d3-time
2209 silly ADD node_modules/d3-shape
2210 silly ADD node_modules/d3-scale
2211 silly ADD node_modules/d3-interpolate
2212 silly ADD node_modules/d3-ease
2213 silly ADD node_modules/d3-array
2214 silly ADD node_modules/@types/d3-timer
2215 silly ADD node_modules/@types/d3-time
2216 silly ADD node_modules/@types/d3-shape
2217 silly ADD node_modules/@types/d3-scale
2218 silly ADD node_modules/@types/d3-interpolate
2219 silly ADD node_modules/@types/d3-ease
2220 silly ADD node_modules/@types/d3-array
2221 silly ADD node_modules/detect-node-es
2222 silly ADD node_modules/escalade
2223 silly ADD node_modules/is-number
2224 silly ADD node_modules/thenify
2225 silly ADD node_modules/ansi-regex
2226 silly ADD node_modules/is-fullwidth-code-point
2227 silly ADD node_modules/emoji-regex
2228 silly ADD node_modules/eastasianwidth
2229 silly ADD node_modules/shebang-regex
2230 silly ADD node_modules/lru-cache
2231 silly ADD node_modules/thenify-all
2232 silly ADD node_modules/any-promise
2233 silly ADD node_modules/balanced-match
2234 silly ADD node_modules/brace-expansion
2235 silly ADD node_modules/wrap-ansi-cjs
2236 silly ADD node_modules/wrap-ansi-cjs/node_modules/ansi-regex
2237 silly ADD node_modules/wrap-ansi-cjs/node_modules/emoji-regex
2238 silly ADD node_modules/wrap-ansi-cjs/node_modules/strip-ansi
2239 silly ADD node_modules/wrap-ansi-cjs/node_modules/string-width
2240 silly ADD node_modules/wrap-ansi-cjs/node_modules/ansi-styles
2241 silly ADD node_modules/wrap-ansi
2242 silly ADD node_modules/strip-ansi-cjs
2243 silly ADD node_modules/strip-ansi-cjs/node_modules/ansi-regex
2244 silly ADD node_modules/strip-ansi
2245 silly ADD node_modules/string-width-cjs
2246 silly ADD node_modules/string-width-cjs/node_modules/ansi-regex
2247 silly ADD node_modules/string-width-cjs/node_modules/strip-ansi
2248 silly ADD node_modules/string-width-cjs/node_modules/emoji-regex
2249 silly ADD node_modules/string-width
2250 silly ADD node_modules/@pkgjs/parseargs
2251 silly ADD node_modules/@isaacs/cliui
2252 silly ADD node_modules/which
2253 silly ADD node_modules/shebang-command
2254 silly ADD node_modules/path-key
2255 silly ADD node_modules/signal-exit
2256 silly ADD node_modules/cross-spawn
2257 silly ADD node_modules/path-scurry
2258 silly ADD node_modules/package-json-from-dist
2259 silly ADD node_modules/minipass
2260 silly ADD node_modules/minimatch
2261 silly ADD node_modules/jackspeak
2262 silly ADD node_modules/foreground-child
2263 silly ADD node_modules/@jridgewell/resolve-uri
2264 silly ADD node_modules/@jridgewell/trace-mapping
2265 silly ADD node_modules/@jridgewell/sourcemap-codec
2266 silly ADD node_modules/ts-interface-checker
2267 silly ADD node_modules/pirates
2268 silly ADD node_modules/mz
2269 silly ADD node_modules/lines-and-columns
2270 silly ADD node_modules/glob
2271 silly ADD node_modules/commander
2272 silly ADD node_modules/@jridgewell/gen-mapping
2273 silly ADD node_modules/queue-microtask
2274 silly ADD node_modules/supports-preserve-symlinks-flag
2275 silly ADD node_modules/path-parse
2276 silly ADD node_modules/is-core-module
2277 silly ADD node_modules/pify
2278 silly ADD node_modules/util-deprecate
2279 silly ADD node_modules/cssesc
2280 silly ADD node_modules/camelcase-css
2281 silly ADD node_modules/read-cache
2282 silly ADD node_modules/is-extglob
2283 silly ADD node_modules/binary-extensions
2284 silly ADD node_modules/to-regex-range
2285 silly ADD node_modules/reusify
2286 silly ADD node_modules/run-parallel
2287 silly ADD node_modules/fastq
2288 silly ADD node_modules/@nodelib/fs.scandir
2289 silly ADD node_modules/merge2
2290 silly ADD node_modules/@nodelib/fs.walk
2291 silly ADD node_modules/@nodelib/fs.stat
2292 silly ADD node_modules/fill-range
2293 silly ADD node_modules/picomatch
2294 silly ADD node_modules/readdirp
2295 silly ADD node_modules/is-binary-path
2296 silly ADD
2297 silly ADD node_modules/braces
2298 silly ADD node_modules/anymatch
2299 silly ADD node_modules/sucrase
2300 silly ADD node_modules/resolve
2301 silly ADD node_modules/postcss-selector-parser
2302 silly ADD node_modules/postcss-nested
2303 silly ADD node_modules/postcss-js
2304 silly ADD node_modules/postcss-import
2305 silly ADD node_modules/object-hash
2306 silly ADD node_modules/normalize-path
2307 silly ADD node_modules/micromatch
2308 silly ADD node_modules/lilconfig
2309 silly ADD node_modules/jiti
2310 silly ADD node_modules/is-glob
2311 silly ADD node_modules/glob-parent
2312 silly ADD node_modules/fast-glob
2313 silly ADD node_modules/fast-glob/node_modules/glob-parent
2314 silly ADD node_modules/dlv
2315 silly ADD node_modules/didyoumean
2316 silly ADD node_modules/chokidar
2317 silly ADD node_modules/chokidar/node_modules/glob-parent
2318 silly ADD node_modules/arg
2319 silly ADD node_modules/@alloc/quick-lru
2320 silly ADD node_modules/client-only
2321 silly ADD node_modules/memory-pager
2322 silly ADD node_modules/decimal.js-light
2323 silly ADD node_modules/csstype
2324 silly ADD node_modules/dom-helpers
2325 silly ADD node_modules/@babel/runtime
2326 silly ADD node_modules/object-assign
2327 silly ADD node_modules/react-transition-group
2328 silly ADD node_modules/prop-types
2329 silly ADD node_modules/prop-types/node_modules/react-is
2330 silly ADD node_modules/fast-equals
2331 silly ADD node_modules/victory-vendor
2332 silly ADD node_modules/tiny-invariant
2333 silly ADD node_modules/recharts-scale
2334 silly ADD node_modules/react-smooth
2335 silly ADD node_modules/react-is
2336 silly ADD node_modules/lodash
2337 silly ADD node_modules/eventemitter3
2338 silly ADD node_modules/get-nonce
2339 silly ADD node_modules/use-sidecar
2340 silly ADD node_modules/use-callback-ref
2341 silly ADD node_modules/react-style-singleton
2342 silly ADD node_modules/react-remove-scroll-bar
2343 silly ADD node_modules/scheduler
2344 silly ADD node_modules/date-fns-jalali
2345 silly ADD node_modules/@date-fns/tz
2346 silly ADD node_modules/js-tokens
2347 silly ADD node_modules/loose-envify
2348 silly ADD node_modules/source-map-js
2349 silly ADD node_modules/nanoid
2350 silly ADD node_modules/streamsearch
2351 silly ADD node_modules/@swc/counter
2352 silly ADD node_modules/styled-jsx
2353 silly ADD node_modules/graceful-fs
2354 silly ADD node_modules/busboy
2355 silly ADD node_modules/@swc/helpers
2356 silly ADD
2357 silly ADD
2358 silly ADD
2359 silly ADD
2360 silly ADD
2361 silly ADD
2362 silly ADD
2363 silly ADD
2364 silly ADD node_modules/@next/swc-darwin-arm64
2365 silly ADD node_modules/@next/env
2366 silly ADD node_modules/@types/webidl-conversions
2367 silly ADD node_modules/whatwg-url
2368 silly ADD node_modules/@types/whatwg-url
2369 silly ADD node_modules/sparse-bitfield
2370 silly ADD node_modules/mongodb-connection-string-url
2371 silly ADD node_modules/bson
2372 silly ADD node_modules/@mongodb-js/saslprep
2373 silly ADD node_modules/mime-db
2374 silly ADD node_modules/dunder-proto
2375 silly ADD node_modules/math-intrinsics
2376 silly ADD node_modules/has-symbols
2377 silly ADD node_modules/gopd
2378 silly ADD node_modules/get-proto
2379 silly ADD node_modules/function-bind
2380 silly ADD node_modules/es-object-atoms
2381 silly ADD node_modules/es-define-property
2382 silly ADD node_modules/call-bind-apply-helpers
2383 silly ADD node_modules/motion-utils
2384 silly ADD node_modules/motion-dom
2385 silly ADD node_modules/has-tostringtag
2386 silly ADD node_modules/get-intrinsic
2387 silly ADD node_modules/es-errors
2388 silly ADD node_modules/delayed-stream
2389 silly ADD node_modules/mime-types
2390 silly ADD node_modules/hasown
2391 silly ADD node_modules/es-set-tostringtag
2392 silly ADD node_modules/combined-stream
2393 silly ADD node_modules/asynckit
2394 silly ADD node_modules/embla-carousel-reactive-utils
2395 silly ADD node_modules/embla-carousel
2396 silly ADD node_modules/update-browserslist-db
2397 silly ADD node_modules/node-releases
2398 silly ADD node_modules/electron-to-chromium
2399 silly ADD node_modules/proxy-from-env
2400 silly ADD node_modules/form-data
2401 silly ADD node_modules/follow-redirects
2402 silly ADD node_modules/postcss-value-parser
2403 silly ADD node_modules/picocolors
2404 silly ADD node_modules/normalize-range
2405 silly ADD node_modules/fraction.js
2406 silly ADD node_modules/caniuse-lite
2407 silly ADD node_modules/browserslist
2408 silly ADD node_modules/tslib
2409 silly ADD node_modules/@tanstack/table-core
2410 silly ADD node_modules/use-sync-external-store
2411 silly ADD node_modules/@radix-ui/react-use-effect-event
2412 silly ADD node_modules/@radix-ui/number
2413 silly ADD node_modules/@floating-ui/utils
2414 silly ADD node_modules/@floating-ui/core
2415 silly ADD node_modules/@floating-ui/dom
2416 silly ADD node_modules/@radix-ui/rect
2417 silly ADD node_modules/@radix-ui/react-use-rect
2418 silly ADD node_modules/@radix-ui/react-arrow
2419 silly ADD node_modules/@floating-ui/react-dom
2420 silly ADD node_modules/@radix-ui/react-visually-hidden
2421 silly ADD node_modules/@radix-ui/react-roving-focus
2422 silly ADD node_modules/@radix-ui/react-popper
2423 silly ADD node_modules/@radix-ui/react-use-escape-keydown
2424 silly ADD node_modules/react-remove-scroll
2425 silly ADD node_modules/aria-hidden
2426 silly ADD node_modules/@radix-ui/react-portal
2427 silly ADD node_modules/@radix-ui/react-focus-scope
2428 silly ADD node_modules/@radix-ui/react-focus-guards
2429 silly ADD node_modules/@radix-ui/react-dismissable-layer
2430 silly ADD node_modules/@radix-ui/react-menu
2431 silly ADD node_modules/@radix-ui/react-use-size
2432 silly ADD node_modules/@radix-ui/react-use-previous
2433 silly ADD node_modules/@radix-ui/react-presence
2434 silly ADD node_modules/@radix-ui/react-use-layout-effect
2435 silly ADD node_modules/@radix-ui/react-use-is-hydrated
2436 silly ADD node_modules/@radix-ui/react-use-callback-ref
2437 silly ADD node_modules/@radix-ui/react-use-controllable-state
2438 silly ADD node_modules/@radix-ui/react-primitive
2439 silly ADD node_modules/@radix-ui/react-id
2440 silly ADD node_modules/@radix-ui/react-direction
2441 silly ADD node_modules/@radix-ui/react-context
2442 silly ADD node_modules/@radix-ui/react-compose-refs
2443 silly ADD node_modules/@radix-ui/react-collection
2444 silly ADD node_modules/@radix-ui/primitive
2445 silly ADD node_modules/@standard-schema/utils
2446 silly ADD node_modules/zod
2447 silly ADD node_modules/vaul
2448 silly ADD node_modules/uuid
2449 silly ADD node_modules/tailwindcss-animate
2450 silly ADD node_modules/tailwindcss
2451 silly ADD node_modules/tailwindcss/node_modules/postcss-load-config
2452 silly ADD node_modules/tailwind-merge
2453 silly ADD node_modules/sonner
2454 silly ADD node_modules/recharts
2455 silly ADD node_modules/react-resizable-panels
2456 silly ADD node_modules/react-day-picker
2457 silly ADD node_modules/next-themes
2458 silly ADD node_modules/next
2459 silly ADD node_modules/next/node_modules/postcss
2460 silly ADD node_modules/mongodb
2461 silly ADD node_modules/lucide-react
2462 silly ADD node_modules/input-otp
2463 silly ADD node_modules/globals
2464 silly ADD node_modules/framer-motion
2465 silly ADD node_modules/embla-carousel-react
2466 silly ADD node_modules/date-fns
2467 silly ADD node_modules/cmdk
2468 silly ADD node_modules/clsx
2469 silly ADD node_modules/class-variance-authority
2470 silly ADD node_modules/axios
2471 silly ADD node_modules/postcss
2472 silly ADD node_modules/autoprefixer
2473 silly ADD node_modules/@tanstack/react-table
2474 silly ADD node_modules/@radix-ui/react-tooltip
2475 silly ADD node_modules/@radix-ui/react-toggle-group
2476 silly ADD node_modules/@radix-ui/react-toggle
2477 silly ADD node_modules/@radix-ui/react-toast
2478 silly ADD node_modules/@radix-ui/react-tabs
2479 silly ADD node_modules/@radix-ui/react-switch
2480 silly ADD node_modules/@radix-ui/react-slot
2481 silly ADD node_modules/@radix-ui/react-slider
2482 silly ADD node_modules/@radix-ui/react-separator
2483 silly ADD node_modules/@radix-ui/react-select
2484 silly ADD node_modules/@radix-ui/react-scroll-area
2485 silly ADD node_modules/@radix-ui/react-radio-group
2486 silly ADD node_modules/@radix-ui/react-progress
2487 silly ADD node_modules/@radix-ui/react-popover
2488 silly ADD node_modules/@radix-ui/react-navigation-menu
2489 silly ADD node_modules/@radix-ui/react-menubar
2490 silly ADD node_modules/@radix-ui/react-label
2491 silly ADD node_modules/@radix-ui/react-hover-card
2492 silly ADD node_modules/@radix-ui/react-dropdown-menu
2493 silly ADD node_modules/@radix-ui/react-dialog
2494 silly ADD node_modules/@radix-ui/react-context-menu
2495 silly ADD node_modules/@radix-ui/react-collapsible
2496 silly ADD node_modules/@radix-ui/react-checkbox
2497 silly ADD node_modules/@radix-ui/react-avatar
2498 silly ADD node_modules/@radix-ui/react-aspect-ratio
2499 silly ADD node_modules/@radix-ui/react-alert-dialog
2500 silly ADD node_modules/react-dom
2501 silly ADD node_modules/@radix-ui/react-accordion
2502 silly ADD node_modules/react
2503 silly ADD node_modules/react-hook-form
2504 silly ADD node_modules/@hookform/resolvers
2505 verbose cwd /Users/redakaleem/Downloads/wsc-healthcare 2
2506 verbose os Darwin 25.2.0
2507 verbose node v22.15.0
2508 verbose npm  v10.9.2
2509 verbose exit 0
2510 info ok
