0 verbose cli /usr/local/bin/node /usr/local/bin/npm
1 info using npm@10.9.2
2 info using node@v22.15.0
3 silly config load:file:/usr/local/lib/node_modules/npm/npmrc
4 silly config load:file:/Users/redakaleem/Downloads/wsc-healthcare 2/.npmrc
5 silly config load:file:/Users/redakaleem/.npmrc
6 silly config load:file:/usr/local/etc/npmrc
7 verbose title npm install
8 verbose argv "install" "--cache" ".npm-cache"
9 verbose logfile logs-max:10 dir:/Users/redakaleem/Downloads/wsc-healthcare 2/.npm-cache/_logs/2026-05-27T19_01_46_915Z-
10 verbose logfile /Users/redakaleem/Downloads/wsc-healthcare 2/.npm-cache/_logs/2026-05-27T19_01_46_915Z-debug-0.log
11 silly logfile done cleaning log files
12 silly packumentCache heap:4345298944 maxSize:1086324736 maxEntrySize:543162368
13 silly idealTree buildDeps
14 silly fetch manifest @hookform/resolvers@5.1.1
15 silly packumentCache full:https://registry.npmjs.org/@hookform%2fresolvers cache-miss
16 http fetch GET 200 https://registry.npmjs.org/@hookform%2fresolvers 218ms (cache miss)
17 silly packumentCache full:https://registry.npmjs.org/@hookform%2fresolvers set size:undefined disposed:false
18 silly fetch manifest react-hook-form@7.60.0
19 silly packumentCache full:https://registry.npmjs.org/react-hook-form cache-miss
20 http fetch GET 200 https://registry.npmjs.org/npm 278ms
21 http fetch GET 200 https://registry.npmjs.org/react-hook-form 147ms (cache miss)
22 silly packumentCache full:https://registry.npmjs.org/react-hook-form set size:undefined disposed:false
23 silly fetch manifest react@18.3.1
24 silly packumentCache full:https://registry.npmjs.org/react cache-miss
25 http fetch GET 200 https://registry.npmjs.org/react 215ms (cache miss)
26 silly packumentCache full:https://registry.npmjs.org/react set size:undefined disposed:false
27 silly fetch manifest @radix-ui/react-accordion@1.2.11
28 silly packumentCache full:https://registry.npmjs.org/@radix-ui%2freact-accordion cache-miss
29 http fetch GET 200 https://registry.npmjs.org/@radix-ui%2freact-accordion 276ms (cache miss)
30 silly packumentCache full:https://registry.npmjs.org/@radix-ui%2freact-accordion set size:undefined disposed:false
31 silly fetch manifest @types/react@*
32 silly packumentCache full:https://registry.npmjs.org/@types%2freact cache-miss
33 http fetch GET 200 https://registry.npmjs.org/@types%2freact 80ms (cache miss)
34 silly packumentCache full:https://registry.npmjs.org/@types%2freact set size:undefined disposed:false
35 silly fetch manifest @types/react-dom@*
36 silly packumentCache full:https://registry.npmjs.org/@types%2freact-dom cache-miss
37 http fetch GET 200 https://registry.npmjs.org/@types%2freact-dom 135ms (cache miss)
38 silly packumentCache full:https://registry.npmjs.org/@types%2freact-dom set size:undefined disposed:false
39 silly fetch manifest react-dom@18.3.1
40 silly packumentCache full:https://registry.npmjs.org/react-dom cache-miss
41 http fetch GET 200 https://registry.npmjs.org/react-dom 154ms (cache miss)
42 silly packumentCache full:https://registry.npmjs.org/react-dom set size:undefined disposed:false
43 silly fetch manifest @radix-ui/react-alert-dialog@1.1.14
44 silly packumentCache full:https://registry.npmjs.org/@radix-ui%2freact-alert-dialog cache-miss
45 http fetch GET 200 https://registry.npmjs.org/@radix-ui%2freact-alert-dialog 485ms (cache miss)
46 silly packumentCache full:https://registry.npmjs.org/@radix-ui%2freact-alert-dialog set size:undefined disposed:false
47 silly fetch manifest @radix-ui/react-aspect-ratio@1.1.7
48 silly packumentCache full:https://registry.npmjs.org/@radix-ui%2freact-aspect-ratio cache-miss
49 http fetch GET 200 https://registry.npmjs.org/@radix-ui%2freact-aspect-ratio 465ms (cache miss)
50 silly packumentCache full:https://registry.npmjs.org/@radix-ui%2freact-aspect-ratio set size:undefined disposed:false
51 silly fetch manifest @radix-ui/react-avatar@1.1.10
52 silly packumentCache full:https://registry.npmjs.org/@radix-ui%2freact-avatar cache-miss
53 http fetch GET 200 https://registry.npmjs.org/@radix-ui%2freact-avatar 105ms (cache miss)
54 silly packumentCache full:https://registry.npmjs.org/@radix-ui%2freact-avatar set size:undefined disposed:false
55 silly fetch manifest @radix-ui/react-checkbox@1.3.2
56 silly packumentCache full:https://registry.npmjs.org/@radix-ui%2freact-checkbox cache-miss
57 http fetch GET 200 https://registry.npmjs.org/@radix-ui%2freact-checkbox 276ms (cache miss)
58 silly packumentCache full:https://registry.npmjs.org/@radix-ui%2freact-checkbox set size:undefined disposed:false
59 silly fetch manifest @radix-ui/react-collapsible@1.1.11
60 silly packumentCache full:https://registry.npmjs.org/@radix-ui%2freact-collapsible cache-miss
61 http fetch GET 200 https://registry.npmjs.org/@radix-ui%2freact-collapsible 615ms (cache miss)
62 silly packumentCache full:https://registry.npmjs.org/@radix-ui%2freact-collapsible set size:undefined disposed:false
63 silly fetch manifest @radix-ui/react-context-menu@2.2.15
64 silly packumentCache full:https://registry.npmjs.org/@radix-ui%2freact-context-menu cache-miss
65 http fetch GET 200 https://registry.npmjs.org/@radix-ui%2freact-context-menu 264ms (cache miss)
66 silly packumentCache full:https://registry.npmjs.org/@radix-ui%2freact-context-menu set size:undefined disposed:false
67 silly fetch manifest @radix-ui/react-dialog@1.1.14
68 silly packumentCache full:https://registry.npmjs.org/@radix-ui%2freact-dialog cache-miss
69 http fetch GET 200 https://registry.npmjs.org/@radix-ui%2freact-dialog 555ms (cache miss)
70 silly packumentCache full:https://registry.npmjs.org/@radix-ui%2freact-dialog set size:undefined disposed:false
71 silly fetch manifest @radix-ui/react-dropdown-menu@2.1.15
72 silly packumentCache full:https://registry.npmjs.org/@radix-ui%2freact-dropdown-menu cache-miss
73 http fetch GET 200 https://registry.npmjs.org/@radix-ui%2freact-dropdown-menu 266ms (cache miss)
74 silly packumentCache full:https://registry.npmjs.org/@radix-ui%2freact-dropdown-menu set size:undefined disposed:false
75 silly fetch manifest @radix-ui/react-hover-card@1.1.14
76 silly packumentCache full:https://registry.npmjs.org/@radix-ui%2freact-hover-card cache-miss
77 http fetch GET 200 https://registry.npmjs.org/@radix-ui%2freact-hover-card 1043ms (cache miss)
78 silly packumentCache full:https://registry.npmjs.org/@radix-ui%2freact-hover-card set size:undefined disposed:false
79 silly fetch manifest @radix-ui/react-label@2.1.7
80 silly packumentCache full:https://registry.npmjs.org/@radix-ui%2freact-label cache-miss
81 http fetch GET 200 https://registry.npmjs.org/@radix-ui%2freact-label 451ms (cache miss)
82 silly packumentCache full:https://registry.npmjs.org/@radix-ui%2freact-label set size:undefined disposed:false
83 silly fetch manifest @radix-ui/react-menubar@1.1.15
84 silly packumentCache full:https://registry.npmjs.org/@radix-ui%2freact-menubar cache-miss
85 http fetch GET 200 https://registry.npmjs.org/@radix-ui%2freact-menubar 495ms (cache miss)
86 silly packumentCache full:https://registry.npmjs.org/@radix-ui%2freact-menubar set size:undefined disposed:false
87 silly fetch manifest @radix-ui/react-navigation-menu@1.2.13
88 silly packumentCache full:https://registry.npmjs.org/@radix-ui%2freact-navigation-menu cache-miss
89 http fetch GET 200 https://registry.npmjs.org/@radix-ui%2freact-navigation-menu 105ms (cache miss)
90 silly packumentCache full:https://registry.npmjs.org/@radix-ui%2freact-navigation-menu set size:undefined disposed:false
91 silly fetch manifest @radix-ui/react-popover@1.1.14
92 silly packumentCache full:https://registry.npmjs.org/@radix-ui%2freact-popover cache-miss
93 http fetch GET 200 https://registry.npmjs.org/@radix-ui%2freact-popover 116ms (cache miss)
94 silly packumentCache full:https://registry.npmjs.org/@radix-ui%2freact-popover set size:undefined disposed:false
95 silly fetch manifest @radix-ui/react-progress@1.1.7
96 silly packumentCache full:https://registry.npmjs.org/@radix-ui%2freact-progress cache-miss
97 http fetch GET 200 https://registry.npmjs.org/@radix-ui%2freact-progress 313ms (cache miss)
98 silly packumentCache full:https://registry.npmjs.org/@radix-ui%2freact-progress set size:undefined disposed:false
99 silly fetch manifest @radix-ui/react-radio-group@1.3.7
100 silly packumentCache full:https://registry.npmjs.org/@radix-ui%2freact-radio-group cache-miss
101 http fetch GET 200 https://registry.npmjs.org/@radix-ui%2freact-radio-group 489ms (cache miss)
102 silly packumentCache full:https://registry.npmjs.org/@radix-ui%2freact-radio-group set size:undefined disposed:false
103 silly fetch manifest @radix-ui/react-scroll-area@1.2.9
104 silly packumentCache full:https://registry.npmjs.org/@radix-ui%2freact-scroll-area cache-miss
105 http fetch GET 200 https://registry.npmjs.org/@radix-ui%2freact-scroll-area 752ms (cache miss)
106 silly packumentCache full:https://registry.npmjs.org/@radix-ui%2freact-scroll-area set size:undefined disposed:false
107 silly fetch manifest @radix-ui/react-select@2.2.5
108 silly packumentCache full:https://registry.npmjs.org/@radix-ui%2freact-select cache-miss
109 http fetch GET 200 https://registry.npmjs.org/@radix-ui%2freact-select 92ms (cache miss)
110 silly packumentCache full:https://registry.npmjs.org/@radix-ui%2freact-select set size:undefined disposed:false
111 silly fetch manifest @radix-ui/react-separator@1.1.7
112 silly packumentCache full:https://registry.npmjs.org/@radix-ui%2freact-separator cache-miss
113 http fetch GET 200 https://registry.npmjs.org/@radix-ui%2freact-separator 254ms (cache miss)
114 silly packumentCache full:https://registry.npmjs.org/@radix-ui%2freact-separator set size:undefined disposed:false
115 silly fetch manifest @radix-ui/react-slider@1.3.5
116 silly packumentCache full:https://registry.npmjs.org/@radix-ui%2freact-slider cache-miss
117 http fetch GET 200 https://registry.npmjs.org/@radix-ui%2freact-slider 97ms (cache miss)
118 silly packumentCache full:https://registry.npmjs.org/@radix-ui%2freact-slider set size:undefined disposed:false
119 silly fetch manifest @radix-ui/react-slot@1.2.3
120 silly packumentCache full:https://registry.npmjs.org/@radix-ui%2freact-slot cache-miss
121 http fetch GET 200 https://registry.npmjs.org/@radix-ui%2freact-slot 416ms (cache miss)
122 silly packumentCache full:https://registry.npmjs.org/@radix-ui%2freact-slot set size:undefined disposed:false
123 silly fetch manifest @radix-ui/react-switch@1.2.5
124 silly packumentCache full:https://registry.npmjs.org/@radix-ui%2freact-switch cache-miss
125 http fetch GET 200 https://registry.npmjs.org/@radix-ui%2freact-switch 279ms (cache miss)
126 silly packumentCache full:https://registry.npmjs.org/@radix-ui%2freact-switch set size:undefined disposed:false
127 silly fetch manifest @radix-ui/react-tabs@1.1.12
128 silly packumentCache full:https://registry.npmjs.org/@radix-ui%2freact-tabs cache-miss
129 http fetch GET 200 https://registry.npmjs.org/@radix-ui%2freact-tabs 259ms (cache miss)
130 silly packumentCache full:https://registry.npmjs.org/@radix-ui%2freact-tabs set size:undefined disposed:false
131 silly fetch manifest @radix-ui/react-toast@1.2.14
132 silly packumentCache full:https://registry.npmjs.org/@radix-ui%2freact-toast cache-miss
133 http fetch GET 200 https://registry.npmjs.org/@radix-ui%2freact-toast 285ms (cache miss)
134 silly packumentCache full:https://registry.npmjs.org/@radix-ui%2freact-toast set size:undefined disposed:false
135 silly fetch manifest @radix-ui/react-toggle@1.1.9
136 silly packumentCache full:https://registry.npmjs.org/@radix-ui%2freact-toggle cache-miss
137 http fetch GET 200 https://registry.npmjs.org/@radix-ui%2freact-toggle 502ms (cache miss)
138 silly packumentCache full:https://registry.npmjs.org/@radix-ui%2freact-toggle set size:undefined disposed:false
139 silly fetch manifest @radix-ui/react-toggle-group@1.1.10
140 silly packumentCache full:https://registry.npmjs.org/@radix-ui%2freact-toggle-group cache-miss
141 http fetch GET 200 https://registry.npmjs.org/@radix-ui%2freact-toggle-group 256ms (cache miss)
142 silly packumentCache full:https://registry.npmjs.org/@radix-ui%2freact-toggle-group set size:undefined disposed:false
143 silly fetch manifest @radix-ui/react-tooltip@1.2.7
144 silly packumentCache full:https://registry.npmjs.org/@radix-ui%2freact-tooltip cache-miss
145 http fetch GET 200 https://registry.npmjs.org/@radix-ui%2freact-tooltip 140ms (cache miss)
146 silly packumentCache full:https://registry.npmjs.org/@radix-ui%2freact-tooltip set size:undefined disposed:false
147 silly fetch manifest @tanstack/react-table@8.21.3
148 silly packumentCache full:https://registry.npmjs.org/@tanstack%2freact-table cache-miss
149 http fetch GET 200 https://registry.npmjs.org/@tanstack%2freact-table 296ms (cache miss)
150 silly packumentCache full:https://registry.npmjs.org/@tanstack%2freact-table set size:undefined disposed:false
151 silly fetch manifest axios@1.10.0
152 silly packumentCache full:https://registry.npmjs.org/axios cache-miss
153 http fetch GET 200 https://registry.npmjs.org/axios 78ms (cache miss)
154 silly packumentCache full:https://registry.npmjs.org/axios set size:undefined disposed:false
155 silly fetch manifest class-variance-authority@0.7.1
156 silly packumentCache full:https://registry.npmjs.org/class-variance-authority cache-miss
157 http fetch GET 200 https://registry.npmjs.org/class-variance-authority 36ms (cache miss)
158 silly packumentCache full:https://registry.npmjs.org/class-variance-authority set size:undefined disposed:false
159 silly fetch manifest clsx@2.1.1
160 silly packumentCache full:https://registry.npmjs.org/clsx cache-miss
161 http fetch GET 200 https://registry.npmjs.org/clsx 35ms (cache miss)
162 silly packumentCache full:https://registry.npmjs.org/clsx set size:undefined disposed:false
163 silly fetch manifest cmdk@1.1.1
164 silly packumentCache full:https://registry.npmjs.org/cmdk cache-miss
165 http fetch GET 200 https://registry.npmjs.org/cmdk 702ms (cache miss)
166 silly packumentCache full:https://registry.npmjs.org/cmdk set size:undefined disposed:false
167 silly fetch manifest date-fns@4.1.0
168 silly packumentCache full:https://registry.npmjs.org/date-fns cache-miss
169 http fetch GET 200 https://registry.npmjs.org/date-fns 394ms (cache miss)
170 silly packumentCache full:https://registry.npmjs.org/date-fns set size:undefined disposed:false
171 silly fetch manifest embla-carousel-react@8.6.0
172 silly packumentCache full:https://registry.npmjs.org/embla-carousel-react cache-miss
173 http fetch GET 200 https://registry.npmjs.org/embla-carousel-react 59ms (cache miss)
174 silly packumentCache full:https://registry.npmjs.org/embla-carousel-react set size:undefined disposed:false
175 silly fetch manifest framer-motion@12.40.0
176 silly packumentCache full:https://registry.npmjs.org/framer-motion cache-miss
177 http fetch GET 200 https://registry.npmjs.org/framer-motion 427ms (cache miss)
178 silly packumentCache full:https://registry.npmjs.org/framer-motion set size:undefined disposed:false
179 silly fetch manifest @emotion/is-prop-valid@*
180 silly packumentCache full:https://registry.npmjs.org/@emotion%2fis-prop-valid cache-miss
181 http fetch GET 200 https://registry.npmjs.org/@emotion%2fis-prop-valid 55ms (cache miss)
182 silly packumentCache full:https://registry.npmjs.org/@emotion%2fis-prop-valid set size:undefined disposed:false
183 silly fetch manifest input-otp@1.4.2
184 silly packumentCache full:https://registry.npmjs.org/input-otp cache-miss
185 http fetch GET 200 https://registry.npmjs.org/input-otp 32ms (cache miss)
186 silly packumentCache full:https://registry.npmjs.org/input-otp set size:undefined disposed:false
187 silly fetch manifest lucide-react@0.516.0
188 silly packumentCache full:https://registry.npmjs.org/lucide-react cache-miss
189 http fetch GET 200 https://registry.npmjs.org/lucide-react 1006ms (cache miss)
190 silly packumentCache full:https://registry.npmjs.org/lucide-react set size:undefined disposed:false
191 silly fetch manifest mongodb@6.17.0
192 silly packumentCache full:https://registry.npmjs.org/mongodb cache-miss
193 http fetch GET 200 https://registry.npmjs.org/mongodb 558ms (cache miss)
194 silly packumentCache full:https://registry.npmjs.org/mongodb set size:undefined disposed:false
195 silly fetch manifest @aws-sdk/credential-providers@^3.188.0
196 silly packumentCache full:https://registry.npmjs.org/@aws-sdk%2fcredential-providers cache-miss
197 http fetch GET 200 https://registry.npmjs.org/@aws-sdk%2fcredential-providers 393ms (cache miss)
198 silly packumentCache full:https://registry.npmjs.org/@aws-sdk%2fcredential-providers set size:undefined disposed:false
199 silly fetch manifest @mongodb-js/zstd@^1.1.0 || ^2.0.0
200 silly packumentCache full:https://registry.npmjs.org/@mongodb-js%2fzstd cache-miss
201 http fetch GET 200 https://registry.npmjs.org/@mongodb-js%2fzstd 337ms (cache miss)
202 silly packumentCache full:https://registry.npmjs.org/@mongodb-js%2fzstd set size:undefined disposed:false
203 silly fetch manifest gcp-metadata@^5.2.0
204 silly packumentCache full:https://registry.npmjs.org/gcp-metadata cache-miss
205 http fetch GET 200 https://registry.npmjs.org/gcp-metadata 66ms (cache miss)
206 silly packumentCache full:https://registry.npmjs.org/gcp-metadata set size:undefined disposed:false
207 silly fetch manifest kerberos@^2.0.1
208 silly packumentCache full:https://registry.npmjs.org/kerberos cache-miss
209 http fetch GET 200 https://registry.npmjs.org/kerberos 256ms (cache miss)
210 silly packumentCache full:https://registry.npmjs.org/kerberos set size:undefined disposed:false
211 silly fetch manifest mongodb-client-encryption@>=6.0.0 <7
212 silly packumentCache full:https://registry.npmjs.org/mongodb-client-encryption cache-miss
213 http fetch GET 200 https://registry.npmjs.org/mongodb-client-encryption 278ms (cache miss)
214 silly packumentCache full:https://registry.npmjs.org/mongodb-client-encryption set size:undefined disposed:false
215 silly fetch manifest snappy@^7.2.2
216 silly packumentCache full:https://registry.npmjs.org/snappy cache-miss
217 http fetch GET 200 https://registry.npmjs.org/snappy 48ms (cache miss)
218 silly packumentCache full:https://registry.npmjs.org/snappy set size:undefined disposed:false
219 silly fetch manifest socks@^2.7.1
220 silly packumentCache full:https://registry.npmjs.org/socks cache-miss
221 http fetch GET 200 https://registry.npmjs.org/socks 61ms (cache miss)
222 silly packumentCache full:https://registry.npmjs.org/socks set size:undefined disposed:false
223 silly fetch manifest next@14.2.3
224 silly packumentCache full:https://registry.npmjs.org/next cache-miss
225 http fetch GET 200 https://registry.npmjs.org/next 929ms (cache miss)
226 silly packumentCache full:https://registry.npmjs.org/next set size:undefined disposed:false
227 silly fetch manifest @opentelemetry/api@^1.1.0
228 silly packumentCache full:https://registry.npmjs.org/@opentelemetry%2fapi cache-miss
229 http fetch GET 200 https://registry.npmjs.org/@opentelemetry%2fapi 86ms (cache miss)
230 silly packumentCache full:https://registry.npmjs.org/@opentelemetry%2fapi set size:undefined disposed:false
231 silly fetch manifest @playwright/test@^1.41.2
232 silly packumentCache full:https://registry.npmjs.org/@playwright%2ftest cache-miss
233 http fetch GET 200 https://registry.npmjs.org/@playwright%2ftest 395ms (cache miss)
234 silly packumentCache full:https://registry.npmjs.org/@playwright%2ftest set size:undefined disposed:false
235 silly fetch manifest sass@^1.3.0
236 silly packumentCache full:https://registry.npmjs.org/sass cache-miss
237 http fetch GET 200 https://registry.npmjs.org/sass 345ms (cache miss)
238 silly packumentCache full:https://registry.npmjs.org/sass set size:undefined disposed:false
239 silly fetch manifest next-themes@0.4.6
240 silly packumentCache full:https://registry.npmjs.org/next-themes cache-miss
241 http fetch GET 200 https://registry.npmjs.org/next-themes 38ms (cache miss)
242 silly packumentCache full:https://registry.npmjs.org/next-themes set size:undefined disposed:false
243 silly fetch manifest react-day-picker@9.8.0
244 silly packumentCache full:https://registry.npmjs.org/react-day-picker cache-miss
245 http fetch GET 200 https://registry.npmjs.org/react-day-picker 627ms (cache miss)
246 silly packumentCache full:https://registry.npmjs.org/react-day-picker set size:undefined disposed:false
247 silly fetch manifest react-resizable-panels@3.0.3
248 silly packumentCache full:https://registry.npmjs.org/react-resizable-panels cache-miss
249 http fetch GET 200 https://registry.npmjs.org/react-resizable-panels 51ms (cache miss)
250 silly packumentCache full:https://registry.npmjs.org/react-resizable-panels set size:undefined disposed:false
251 silly fetch manifest recharts@2.15.4
252 silly packumentCache full:https://registry.npmjs.org/recharts cache-miss
253 http fetch GET 200 https://registry.npmjs.org/recharts 296ms (cache miss)
254 silly packumentCache full:https://registry.npmjs.org/recharts set size:undefined disposed:false
255 silly fetch manifest sonner@2.0.6
256 silly packumentCache full:https://registry.npmjs.org/sonner cache-miss
257 http fetch GET 200 https://registry.npmjs.org/sonner 46ms (cache miss)
258 silly packumentCache full:https://registry.npmjs.org/sonner set size:undefined disposed:false
259 silly fetch manifest tailwind-merge@3.3.1
260 silly packumentCache full:https://registry.npmjs.org/tailwind-merge cache-miss
261 http fetch GET 200 https://registry.npmjs.org/tailwind-merge 636ms (cache miss)
262 silly packumentCache full:https://registry.npmjs.org/tailwind-merge set size:undefined disposed:false
263 silly fetch manifest tailwindcss-animate@1.0.7
264 silly packumentCache full:https://registry.npmjs.org/tailwindcss-animate cache-miss
265 http fetch GET 200 https://registry.npmjs.org/tailwindcss-animate 33ms (cache miss)
266 silly packumentCache full:https://registry.npmjs.org/tailwindcss-animate set size:undefined disposed:false
267 silly fetch manifest tailwindcss@3.4.17
268 silly packumentCache full:https://registry.npmjs.org/tailwindcss cache-miss
269 http fetch GET 200 https://registry.npmjs.org/tailwindcss 1107ms (cache miss)
270 silly packumentCache full:https://registry.npmjs.org/tailwindcss set size:undefined disposed:false
271 silly fetch manifest uuid@9.0.1
272 silly packumentCache full:https://registry.npmjs.org/uuid cache-miss
273 http fetch GET 200 https://registry.npmjs.org/uuid 127ms (cache miss)
274 silly packumentCache full:https://registry.npmjs.org/uuid set size:undefined disposed:false
275 silly fetch manifest vaul@1.1.2
276 silly packumentCache full:https://registry.npmjs.org/vaul cache-miss
277 http fetch GET 200 https://registry.npmjs.org/vaul 248ms (cache miss)
278 silly packumentCache full:https://registry.npmjs.org/vaul set size:undefined disposed:false
279 silly fetch manifest zod@3.25.76
280 silly packumentCache full:https://registry.npmjs.org/zod cache-miss
281 http fetch GET 200 https://registry.npmjs.org/zod 394ms (cache miss)
282 silly packumentCache full:https://registry.npmjs.org/zod set size:undefined disposed:false
283 silly fetch manifest autoprefixer@10.4.21
284 silly packumentCache full:https://registry.npmjs.org/autoprefixer cache-miss
285 http fetch GET 200 https://registry.npmjs.org/autoprefixer 181ms (cache miss)
286 silly packumentCache full:https://registry.npmjs.org/autoprefixer set size:undefined disposed:false
287 silly fetch manifest postcss@8.5.6
288 silly packumentCache full:https://registry.npmjs.org/postcss cache-miss
289 http fetch GET 200 https://registry.npmjs.org/postcss 224ms (cache miss)
290 silly packumentCache full:https://registry.npmjs.org/postcss set size:undefined disposed:false
291 silly fetch manifest globals@16.3.0
292 silly packumentCache full:https://registry.npmjs.org/globals cache-miss
293 http fetch GET 200 https://registry.npmjs.org/globals 97ms (cache miss)
294 silly packumentCache full:https://registry.npmjs.org/globals set size:undefined disposed:false
295 silly placeDep ROOT @hookform/resolvers@5.1.1 OK for: nextjs-mongo-template@0.1.0 want: ^5.1.1
296 silly placeDep ROOT react-hook-form@7.60.0 OK for: @hookform/resolvers@5.1.1 want: ^7.55.0
297 silly placeDep ROOT react@18.3.1 OK for: react-hook-form@7.60.0 want: ^16.8.0 || ^17 || ^18 || ^19
298 silly placeDep ROOT @radix-ui/react-accordion@1.2.11 OK for: nextjs-mongo-template@0.1.0 want: ^1.2.11
299 silly placeDep ROOT react-dom@18.3.1 OK for: @radix-ui/react-accordion@1.2.11 want: ^16.8 || ^17.0 || ^18.0 || ^19.0 || ^19.0.0-rc
300 silly placeDep ROOT @radix-ui/react-alert-dialog@1.1.14 OK for: nextjs-mongo-template@0.1.0 want: ^1.1.14
301 silly placeDep ROOT @radix-ui/react-aspect-ratio@1.1.7 OK for: nextjs-mongo-template@0.1.0 want: ^1.1.7
302 silly placeDep ROOT @radix-ui/react-avatar@1.1.10 OK for: nextjs-mongo-template@0.1.0 want: ^1.1.10
303 silly placeDep ROOT @radix-ui/react-checkbox@1.3.2 OK for: nextjs-mongo-template@0.1.0 want: ^1.3.2
304 silly placeDep ROOT @radix-ui/react-collapsible@1.1.11 OK for: nextjs-mongo-template@0.1.0 want: ^1.1.11
305 silly placeDep ROOT @radix-ui/react-context-menu@2.2.15 OK for: nextjs-mongo-template@0.1.0 want: ^2.2.15
306 silly placeDep ROOT @radix-ui/react-dialog@1.1.14 OK for: nextjs-mongo-template@0.1.0 want: ^1.1.14
307 silly placeDep ROOT @radix-ui/react-dropdown-menu@2.1.15 OK for: nextjs-mongo-template@0.1.0 want: ^2.1.15
308 silly placeDep ROOT @radix-ui/react-hover-card@1.1.14 OK for: nextjs-mongo-template@0.1.0 want: ^1.1.14
309 silly placeDep ROOT @radix-ui/react-label@2.1.7 OK for: nextjs-mongo-template@0.1.0 want: ^2.1.7
310 silly placeDep ROOT @radix-ui/react-menubar@1.1.15 OK for: nextjs-mongo-template@0.1.0 want: ^1.1.15
311 silly placeDep ROOT @radix-ui/react-navigation-menu@1.2.13 OK for: nextjs-mongo-template@0.1.0 want: ^1.2.13
312 silly placeDep ROOT @radix-ui/react-popover@1.1.14 OK for: nextjs-mongo-template@0.1.0 want: ^1.1.14
313 silly placeDep ROOT @radix-ui/react-progress@1.1.7 OK for: nextjs-mongo-template@0.1.0 want: ^1.1.7
314 silly placeDep ROOT @radix-ui/react-radio-group@1.3.7 OK for: nextjs-mongo-template@0.1.0 want: ^1.3.7
315 silly placeDep ROOT @radix-ui/react-scroll-area@1.2.9 OK for: nextjs-mongo-template@0.1.0 want: ^1.2.9
316 silly placeDep ROOT @radix-ui/react-select@2.2.5 OK for: nextjs-mongo-template@0.1.0 want: ^2.2.5
317 silly placeDep ROOT @radix-ui/react-separator@1.1.7 OK for: nextjs-mongo-template@0.1.0 want: ^1.1.7
318 silly placeDep ROOT @radix-ui/react-slider@1.3.5 OK for: nextjs-mongo-template@0.1.0 want: ^1.3.5
319 silly placeDep ROOT @radix-ui/react-slot@1.2.3 OK for: nextjs-mongo-template@0.1.0 want: ^1.2.3
320 silly placeDep ROOT @radix-ui/react-switch@1.2.5 OK for: nextjs-mongo-template@0.1.0 want: ^1.2.5
321 silly placeDep ROOT @radix-ui/react-tabs@1.1.12 OK for: nextjs-mongo-template@0.1.0 want: ^1.1.12
322 silly placeDep ROOT @radix-ui/react-toast@1.2.14 OK for: nextjs-mongo-template@0.1.0 want: ^1.2.14
323 silly placeDep ROOT @radix-ui/react-toggle@1.1.9 OK for: nextjs-mongo-template@0.1.0 want: ^1.1.9
324 silly placeDep ROOT @radix-ui/react-toggle-group@1.1.10 OK for: nextjs-mongo-template@0.1.0 want: ^1.1.10
325 silly placeDep ROOT @radix-ui/react-tooltip@1.2.7 OK for: nextjs-mongo-template@0.1.0 want: ^1.2.7
326 silly placeDep ROOT @tanstack/react-table@8.21.3 OK for: nextjs-mongo-template@0.1.0 want: ^8.21.3
327 silly placeDep ROOT autoprefixer@10.4.21 OK for: nextjs-mongo-template@0.1.0 want: ^10.4.19
328 silly placeDep ROOT postcss@8.5.6 OK for: autoprefixer@10.4.21 want: ^8.1.0
329 silly placeDep ROOT axios@1.10.0 OK for: nextjs-mongo-template@0.1.0 want: ^1.10.0
330 silly placeDep ROOT class-variance-authority@0.7.1 OK for: nextjs-mongo-template@0.1.0 want: ^0.7.1
331 silly placeDep ROOT clsx@2.1.1 OK for: nextjs-mongo-template@0.1.0 want: ^2.1.1
332 silly placeDep ROOT cmdk@1.1.1 OK for: nextjs-mongo-template@0.1.0 want: ^1.1.1
333 silly placeDep ROOT date-fns@4.1.0 OK for: nextjs-mongo-template@0.1.0 want: ^4.1.0
334 silly placeDep ROOT embla-carousel-react@8.6.0 OK for: nextjs-mongo-template@0.1.0 want: ^8.6.0
335 silly placeDep ROOT framer-motion@12.40.0 OK for: nextjs-mongo-template@0.1.0 want: ^12.40.0
336 silly placeDep ROOT globals@16.3.0 OK for: nextjs-mongo-template@0.1.0 want: ^16.2.0
337 silly placeDep ROOT input-otp@1.4.2 OK for: nextjs-mongo-template@0.1.0 want: ^1.4.2
338 silly placeDep ROOT lucide-react@0.516.0 OK for: nextjs-mongo-template@0.1.0 want: ^0.516.0
339 silly placeDep ROOT mongodb@6.17.0 OK for: nextjs-mongo-template@0.1.0 want: ^6.6.0
340 silly placeDep ROOT next@14.2.3 OK for: nextjs-mongo-template@0.1.0 want: 14.2.3
341 silly placeDep ROOT next-themes@0.4.6 OK for: nextjs-mongo-template@0.1.0 want: ^0.4.6
342 silly placeDep ROOT react-day-picker@9.8.0 OK for: nextjs-mongo-template@0.1.0 want: ^9.7.0
343 silly placeDep ROOT react-resizable-panels@3.0.3 OK for: nextjs-mongo-template@0.1.0 want: ^3.0.3
344 silly placeDep ROOT recharts@2.15.4 OK for: nextjs-mongo-template@0.1.0 want: ^2.15.3
345 silly placeDep ROOT sonner@2.0.6 OK for: nextjs-mongo-template@0.1.0 want: ^2.0.5
346 silly placeDep ROOT tailwind-merge@3.3.1 OK for: nextjs-mongo-template@0.1.0 want: ^3.3.1
347 silly placeDep ROOT tailwindcss@3.4.17 OK for: nextjs-mongo-template@0.1.0 want: ^3.4.1
348 silly placeDep ROOT tailwindcss-animate@1.0.7 OK for: nextjs-mongo-template@0.1.0 want: ^1.0.7
349 silly placeDep ROOT uuid@9.0.1 OK for: nextjs-mongo-template@0.1.0 want: ^9.0.1
350 silly placeDep ROOT vaul@1.1.2 OK for: nextjs-mongo-template@0.1.0 want: ^1.1.2
351 silly placeDep ROOT zod@3.25.76 OK for: nextjs-mongo-template@0.1.0 want: ^3.25.67
352 silly fetch manifest @standard-schema/utils@0.3.0
353 silly packumentCache full:https://registry.npmjs.org/@standard-schema%2futils cache-miss
354 silly fetch manifest loose-envify@1.4.0
355 silly packumentCache full:https://registry.npmjs.org/loose-envify cache-miss
356 silly fetch manifest @radix-ui/react-id@1.1.1
357 silly packumentCache full:https://registry.npmjs.org/@radix-ui%2freact-id cache-miss
358 silly fetch manifest @radix-ui/primitive@1.1.2
359 silly packumentCache full:https://registry.npmjs.org/@radix-ui%2fprimitive cache-miss
360 silly fetch manifest @radix-ui/react-context@1.1.2
361 silly packumentCache full:https://registry.npmjs.org/@radix-ui%2freact-context cache-miss
362 silly fetch manifest @radix-ui/react-direction@1.1.1
363 silly packumentCache full:https://registry.npmjs.org/@radix-ui%2freact-direction cache-miss
364 silly fetch manifest @radix-ui/react-primitive@2.1.3
365 silly packumentCache full:https://registry.npmjs.org/@radix-ui%2freact-primitive cache-miss
366 silly fetch manifest @radix-ui/react-collection@1.1.7
367 silly packumentCache full:https://registry.npmjs.org/@radix-ui%2freact-collection cache-miss
368 silly fetch manifest @radix-ui/react-compose-refs@1.1.2
369 silly packumentCache full:https://registry.npmjs.org/@radix-ui%2freact-compose-refs cache-miss
370 silly fetch manifest @radix-ui/react-use-controllable-state@1.2.2
371 silly packumentCache full:https://registry.npmjs.org/@radix-ui%2freact-use-controllable-state cache-miss
372 silly fetch manifest scheduler@0.23.2
373 silly packumentCache full:https://registry.npmjs.org/scheduler cache-miss
374 http fetch GET 200 https://registry.npmjs.org/loose-envify 43ms (cache miss)
375 silly packumentCache full:https://registry.npmjs.org/loose-envify set size:undefined disposed:false
376 silly fetch manifest @radix-ui/primitive@1.1.2
377 silly packumentCache full:https://registry.npmjs.org/@radix-ui%2fprimitive cache-miss
378 http fetch GET 200 https://registry.npmjs.org/@radix-ui%2fprimitive 107ms (cache miss)
379 silly packumentCache full:https://registry.npmjs.org/@radix-ui%2fprimitive set size:undefined disposed:false
380 silly fetch manifest @radix-ui/react-context@1.1.2
381 silly packumentCache full:https://registry.npmjs.org/@radix-ui%2freact-context cache-miss
382 http fetch GET 200 https://registry.npmjs.org/@radix-ui%2freact-use-controllable-state 167ms (cache miss)
383 silly packumentCache full:https://registry.npmjs.org/@radix-ui%2freact-use-controllable-state set size:undefined disposed:false
384 silly fetch manifest @radix-ui/react-primitive@2.1.3
385 silly packumentCache full:https://registry.npmjs.org/@radix-ui%2freact-primitive cache-miss
386 http fetch GET 200 https://registry.npmjs.org/@radix-ui%2fprimitive 394ms (cache miss)
387 silly packumentCache full:https://registry.npmjs.org/@radix-ui%2fprimitive set size:undefined disposed:false
388 silly fetch manifest @radix-ui/react-compose-refs@1.1.2
389 silly packumentCache full:https://registry.npmjs.org/@radix-ui%2freact-compose-refs cache-miss
390 http fetch GET 200 https://registry.npmjs.org/@radix-ui%2freact-context 245ms (cache miss)
391 silly packumentCache full:https://registry.npmjs.org/@radix-ui%2freact-context set size:undefined disposed:false
392 silly fetch manifest @radix-ui/react-primitive@2.1.3
393 silly packumentCache full:https://registry.npmjs.org/@radix-ui%2freact-primitive cache-miss
394 http fetch GET 200 https://registry.npmjs.org/@radix-ui%2freact-context 436ms (cache miss)
395 silly packumentCache full:https://registry.npmjs.org/@radix-ui%2freact-context set size:undefined disposed:false
396 silly fetch manifest @radix-ui/react-primitive@2.1.3
397 silly packumentCache full:https://registry.npmjs.org/@radix-ui%2freact-primitive cache-miss
398 http fetch GET 200 https://registry.npmjs.org/@radix-ui%2freact-primitive 282ms (cache miss)
399 silly packumentCache full:https://registry.npmjs.org/@radix-ui%2freact-primitive set size:undefined disposed:false
400 silly fetch manifest @radix-ui/react-use-is-hydrated@0.1.0
401 silly packumentCache full:https://registry.npmjs.org/@radix-ui%2freact-use-is-hydrated cache-miss
402 http fetch GET 200 https://registry.npmjs.org/@radix-ui%2freact-direction 468ms (cache miss)
403 silly packumentCache full:https://registry.npmjs.org/@radix-ui%2freact-direction set size:undefined disposed:false
404 silly fetch manifest @radix-ui/react-use-callback-ref@1.1.1
405 silly packumentCache full:https://registry.npmjs.org/@radix-ui%2freact-use-callback-ref cache-miss
406 http fetch GET 200 https://registry.npmjs.org/@radix-ui%2freact-use-is-hydrated 54ms (cache miss)
407 silly packumentCache full:https://registry.npmjs.org/@radix-ui%2freact-use-is-hydrated set size:undefined disposed:false
408 silly fetch manifest @radix-ui/react-use-layout-effect@1.1.1
409 silly packumentCache full:https://registry.npmjs.org/@radix-ui%2freact-use-layout-effect cache-miss
410 http fetch GET 200 https://registry.npmjs.org/@standard-schema%2futils 510ms (cache miss)
411 silly packumentCache full:https://registry.npmjs.org/@standard-schema%2futils set size:undefined disposed:false
412 silly fetch manifest @radix-ui/react-presence@1.1.4
413 silly packumentCache full:https://registry.npmjs.org/@radix-ui%2freact-presence cache-miss
414 http fetch GET 200 https://registry.npmjs.org/@radix-ui%2freact-primitive 141ms (cache miss)
415 silly packumentCache full:https://registry.npmjs.org/@radix-ui%2freact-primitive set size:undefined disposed:false
416 silly fetch manifest @radix-ui/react-use-size@1.1.1
417 silly packumentCache full:https://registry.npmjs.org/@radix-ui%2freact-use-size cache-miss
418 http fetch GET 200 https://registry.npmjs.org/@radix-ui%2freact-id 694ms (cache miss)
419 silly packumentCache full:https://registry.npmjs.org/@radix-ui%2freact-id set size:undefined disposed:false
420 silly fetch manifest @radix-ui/react-compose-refs@1.1.2
421 silly packumentCache full:https://registry.npmjs.org/@radix-ui%2freact-compose-refs cache-miss
422 http fetch GET 200 https://registry.npmjs.org/@radix-ui%2freact-use-layout-effect 393ms (cache miss)
423 silly packumentCache full:https://registry.npmjs.org/@radix-ui%2freact-use-layout-effect set size:undefined disposed:false
424 silly fetch manifest @radix-ui/react-use-previous@1.1.1
425 silly packumentCache full:https://registry.npmjs.org/@radix-ui%2freact-use-previous cache-miss
426 http fetch GET 200 https://registry.npmjs.org/@radix-ui%2freact-presence 419ms (cache miss)
427 silly packumentCache full:https://registry.npmjs.org/@radix-ui%2freact-presence set size:undefined disposed:false
428 silly fetch manifest @radix-ui/react-compose-refs@1.1.2
429 silly packumentCache full:https://registry.npmjs.org/@radix-ui%2freact-compose-refs cache-miss
430 http fetch GET 200 https://registry.npmjs.org/@radix-ui%2freact-compose-refs 953ms (cache miss)
431 silly packumentCache full:https://registry.npmjs.org/@radix-ui%2freact-compose-refs set size:undefined disposed:false
432 silly fetch manifest @radix-ui/react-menu@2.1.15
433 silly packumentCache full:https://registry.npmjs.org/@radix-ui%2freact-menu cache-miss
434 http fetch GET 200 https://registry.npmjs.org/@radix-ui%2freact-primitive 544ms (cache miss)
435 silly packumentCache full:https://registry.npmjs.org/@radix-ui%2freact-primitive set size:undefined disposed:false
436 silly fetch manifest @radix-ui/react-use-callback-ref@1.1.1
437 silly packumentCache full:https://registry.npmjs.org/@radix-ui%2freact-use-callback-ref cache-miss
438 http fetch GET 200 https://registry.npmjs.org/@radix-ui%2freact-use-previous 96ms (cache miss)
439 silly packumentCache full:https://registry.npmjs.org/@radix-ui%2freact-use-previous set size:undefined disposed:false
440 silly fetch manifest aria-hidden@1.2.6
441 silly packumentCache full:https://registry.npmjs.org/aria-hidden cache-miss
442 http fetch GET 200 https://registry.npmjs.org/@radix-ui%2freact-compose-refs 71ms (cache miss)
443 silly packumentCache full:https://registry.npmjs.org/@radix-ui%2freact-compose-refs set size:undefined disposed:false
444 silly fetch manifest react-remove-scroll@2.7.1
445 silly packumentCache full:https://registry.npmjs.org/react-remove-scroll cache-miss
446 http fetch GET 200 https://registry.npmjs.org/@radix-ui%2freact-primitive 1085ms (cache miss)
447 silly packumentCache full:https://registry.npmjs.org/@radix-ui%2freact-primitive set size:undefined disposed:false
448 silly fetch manifest @radix-ui/react-portal@1.1.9
449 silly packumentCache full:https://registry.npmjs.org/@radix-ui%2freact-portal cache-miss
450 http fetch GET 200 https://registry.npmjs.org/@radix-ui%2freact-use-callback-ref 163ms (cache miss)
451 silly packumentCache full:https://registry.npmjs.org/@radix-ui%2freact-use-callback-ref set size:undefined disposed:false
452 silly fetch manifest @radix-ui/react-focus-scope@1.1.7
453 silly packumentCache full:https://registry.npmjs.org/@radix-ui%2freact-focus-scope cache-miss
454 http fetch GET 200 https://registry.npmjs.org/@radix-ui%2freact-compose-refs 588ms (cache miss)
455 silly packumentCache full:https://registry.npmjs.org/@radix-ui%2freact-compose-refs set size:undefined disposed:false
456 silly fetch manifest @radix-ui/react-focus-guards@1.1.2
457 silly packumentCache full:https://registry.npmjs.org/@radix-ui%2freact-focus-guards cache-miss
458 http fetch GET 200 https://registry.npmjs.org/aria-hidden 395ms (cache miss)
459 silly packumentCache full:https://registry.npmjs.org/aria-hidden set size:undefined disposed:false
460 silly fetch manifest @radix-ui/react-dismissable-layer@1.1.10
461 silly packumentCache full:https://registry.npmjs.org/@radix-ui%2freact-dismissable-layer cache-miss
462 http fetch GET 200 https://registry.npmjs.org/@radix-ui%2freact-compose-refs 1008ms (cache miss)
463 silly packumentCache full:https://registry.npmjs.org/@radix-ui%2freact-compose-refs set size:undefined disposed:false
464 silly fetch manifest @radix-ui/react-menu@2.1.15
465 silly packumentCache full:https://registry.npmjs.org/@radix-ui%2freact-menu cache-miss
466 http fetch GET 200 https://registry.npmjs.org/@radix-ui%2freact-use-callback-ref 957ms (cache miss)
467 silly packumentCache full:https://registry.npmjs.org/@radix-ui%2freact-use-callback-ref set size:undefined disposed:false
468 silly fetch manifest @radix-ui/react-popper@1.2.7
469 silly packumentCache full:https://registry.npmjs.org/@radix-ui%2freact-popper cache-miss
470 http fetch GET 200 https://registry.npmjs.org/@radix-ui%2freact-focus-guards 162ms (cache miss)
471 silly packumentCache full:https://registry.npmjs.org/@radix-ui%2freact-focus-guards set size:undefined disposed:false
472 silly fetch manifest @radix-ui/react-portal@1.1.9
473 silly packumentCache full:https://registry.npmjs.org/@radix-ui%2freact-portal cache-miss
474 http fetch GET 200 https://registry.npmjs.org/@radix-ui%2freact-portal 382ms (cache miss)
475 silly packumentCache full:https://registry.npmjs.org/@radix-ui%2freact-portal set size:undefined disposed:false
476 silly fetch manifest @radix-ui/react-dismissable-layer@1.1.10
477 silly packumentCache full:https://registry.npmjs.org/@radix-ui%2freact-dismissable-layer cache-miss
478 http fetch GET 200 https://registry.npmjs.org/@radix-ui%2freact-use-size 944ms (cache miss)
479 silly packumentCache full:https://registry.npmjs.org/@radix-ui%2freact-use-size set size:undefined disposed:false
480 silly fetch manifest @radix-ui/react-menu@2.1.15
481 silly packumentCache full:https://registry.npmjs.org/@radix-ui%2freact-menu cache-miss
482 http fetch GET 200 https://registry.npmjs.org/@radix-ui%2freact-portal 124ms (cache miss)
483 silly packumentCache full:https://registry.npmjs.org/@radix-ui%2freact-portal set size:undefined disposed:false
484 silly fetch manifest @radix-ui/react-collection@1.1.7
485 silly packumentCache full:https://registry.npmjs.org/@radix-ui%2freact-collection cache-miss
486 http fetch GET 200 https://registry.npmjs.org/scheduler 1709ms (cache miss)
487 silly packumentCache full:https://registry.npmjs.org/scheduler set size:undefined disposed:false
488 silly fetch manifest @radix-ui/react-roving-focus@1.1.10
489 silly packumentCache full:https://registry.npmjs.org/@radix-ui%2freact-roving-focus cache-miss
490 http fetch GET 200 https://registry.npmjs.org/@radix-ui%2freact-collection 174ms (cache miss)
491 silly packumentCache full:https://registry.npmjs.org/@radix-ui%2freact-collection set size:undefined disposed:false
492 silly fetch manifest @radix-ui/react-visually-hidden@1.2.3
493 silly packumentCache full:https://registry.npmjs.org/@radix-ui%2freact-visually-hidden cache-miss
494 http fetch GET 200 https://registry.npmjs.org/@radix-ui%2freact-popper 344ms (cache miss)
495 silly packumentCache full:https://registry.npmjs.org/@radix-ui%2freact-popper set size:undefined disposed:false
496 silly fetch manifest @radix-ui/react-dismissable-layer@1.1.10
497 silly packumentCache full:https://registry.npmjs.org/@radix-ui%2freact-dismissable-layer cache-miss
498 http fetch GET 200 https://registry.npmjs.org/@radix-ui%2freact-menu 330ms (cache miss)
499 silly packumentCache full:https://registry.npmjs.org/@radix-ui%2freact-menu set size:undefined disposed:false
500 silly fetch manifest react-remove-scroll@2.7.1
501 silly packumentCache full:https://registry.npmjs.org/react-remove-scroll cache-miss
502 http fetch GET 200 https://registry.npmjs.org/@radix-ui%2freact-focus-scope 790ms (cache miss)
503 silly packumentCache full:https://registry.npmjs.org/@radix-ui%2freact-focus-scope set size:undefined disposed:false
504 silly fetch manifest @radix-ui/react-dismissable-layer@1.1.10
505 silly packumentCache full:https://registry.npmjs.org/@radix-ui%2freact-dismissable-layer cache-miss
506 http fetch GET 200 https://registry.npmjs.org/react-remove-scroll 148ms (cache miss)
507 silly packumentCache full:https://registry.npmjs.org/react-remove-scroll set size:undefined disposed:false
508 silly fetch manifest @radix-ui/react-roving-focus@1.1.10
509 silly packumentCache full:https://registry.npmjs.org/@radix-ui%2freact-roving-focus cache-miss
510 http fetch GET 200 https://registry.npmjs.org/react-remove-scroll 978ms (cache miss)
511 silly packumentCache full:https://registry.npmjs.org/react-remove-scroll set size:undefined disposed:false
512 silly fetch manifest @radix-ui/number@1.1.1
513 silly packumentCache full:https://registry.npmjs.org/@radix-ui%2fnumber cache-miss
514 http fetch GET 200 https://registry.npmjs.org/@radix-ui%2freact-dismissable-layer 521ms (cache miss)
515 silly packumentCache full:https://registry.npmjs.org/@radix-ui%2freact-dismissable-layer set size:undefined disposed:false
516 silly fetch manifest @radix-ui/number@1.1.1
517 silly packumentCache full:https://registry.npmjs.org/@radix-ui%2fnumber cache-miss
518 http fetch GET 200 https://registry.npmjs.org/@radix-ui%2freact-visually-hidden 247ms (cache miss)
519 silly packumentCache full:https://registry.npmjs.org/@radix-ui%2freact-visually-hidden set size:undefined disposed:false
520 silly fetch manifest @radix-ui/number@1.1.1
521 silly packumentCache full:https://registry.npmjs.org/@radix-ui%2fnumber cache-miss
522 http fetch GET 200 https://registry.npmjs.org/@radix-ui%2fnumber 83ms (cache miss)
523 silly packumentCache full:https://registry.npmjs.org/@radix-ui%2fnumber set size:undefined disposed:false
524 silly fetch manifest @radix-ui/react-roving-focus@1.1.10
525 silly packumentCache full:https://registry.npmjs.org/@radix-ui%2freact-roving-focus cache-miss
526 http fetch GET 200 https://registry.npmjs.org/@radix-ui%2freact-roving-focus 321ms (cache miss)
527 silly packumentCache full:https://registry.npmjs.org/@radix-ui%2freact-roving-focus set size:undefined disposed:false
528 silly fetch manifest @tanstack/table-core@8.21.3
529 silly packumentCache full:https://registry.npmjs.org/@tanstack%2ftable-core cache-miss
530 http fetch GET 200 https://registry.npmjs.org/@radix-ui%2freact-roving-focus 230ms (cache miss)
531 silly packumentCache full:https://registry.npmjs.org/@radix-ui%2freact-roving-focus set size:undefined disposed:false
532 silly fetch manifest picocolors@1.1.1
533 silly packumentCache full:https://registry.npmjs.org/picocolors cache-miss
534 http fetch GET 200 https://registry.npmjs.org/@radix-ui%2freact-dismissable-layer 555ms (cache miss)
535 silly packumentCache full:https://registry.npmjs.org/@radix-ui%2freact-dismissable-layer set size:undefined disposed:false
536 silly fetch manifest fraction.js@4.3.7
537 silly packumentCache full:https://registry.npmjs.org/fraction.js cache-miss
538 http fetch GET 200 https://registry.npmjs.org/@radix-ui%2freact-dismissable-layer 486ms (cache miss)
539 silly packumentCache full:https://registry.npmjs.org/@radix-ui%2freact-dismissable-layer set size:undefined disposed:false
540 silly fetch manifest browserslist@4.25.1
541 silly packumentCache full:https://registry.npmjs.org/browserslist cache-miss
542 http fetch GET 200 https://registry.npmjs.org/@radix-ui%2freact-dismissable-layer 1040ms (cache miss)
543 silly packumentCache full:https://registry.npmjs.org/@radix-ui%2freact-dismissable-layer set size:undefined disposed:false
544 silly fetch manifest caniuse-lite@1.0.30001727
545 silly packumentCache full:https://registry.npmjs.org/caniuse-lite cache-miss
546 http fetch GET 200 https://registry.npmjs.org/picocolors 120ms (cache miss)
547 silly packumentCache full:https://registry.npmjs.org/picocolors set size:undefined disposed:false
548 silly fetch manifest normalize-range@0.1.2
549 silly packumentCache full:https://registry.npmjs.org/normalize-range cache-miss
550 http fetch GET 200 https://registry.npmjs.org/normalize-range 43ms (cache miss)
551 silly packumentCache full:https://registry.npmjs.org/normalize-range set size:undefined disposed:false
552 silly fetch manifest postcss-value-parser@4.2.0
553 silly packumentCache full:https://registry.npmjs.org/postcss-value-parser cache-miss
554 http fetch GET 200 https://registry.npmjs.org/fraction.js 180ms (cache miss)
555 silly packumentCache full:https://registry.npmjs.org/fraction.js set size:undefined disposed:false
556 silly fetch manifest nanoid@3.3.11
557 silly packumentCache full:https://registry.npmjs.org/nanoid cache-miss
558 http fetch GET 200 https://registry.npmjs.org/postcss-value-parser 50ms (cache miss)
559 silly packumentCache full:https://registry.npmjs.org/postcss-value-parser set size:undefined disposed:false
560 silly fetch manifest source-map-js@1.2.1
561 silly packumentCache full:https://registry.npmjs.org/source-map-js cache-miss
562 http fetch GET 200 https://registry.npmjs.org/@radix-ui%2freact-menu 1158ms (cache miss)
563 silly packumentCache full:https://registry.npmjs.org/@radix-ui%2freact-menu set size:undefined disposed:false
564 silly fetch manifest form-data@4.0.3
565 silly packumentCache full:https://registry.npmjs.org/form-data cache-miss
566 http fetch GET 200 https://registry.npmjs.org/source-map-js 48ms (cache miss)
567 silly packumentCache full:https://registry.npmjs.org/source-map-js set size:undefined disposed:false
568 silly fetch manifest proxy-from-env@1.1.0
569 silly packumentCache full:https://registry.npmjs.org/proxy-from-env cache-miss
570 http fetch GET 200 https://registry.npmjs.org/@tanstack%2ftable-core 297ms (cache miss)
571 silly packumentCache full:https://registry.npmjs.org/@tanstack%2ftable-core set size:undefined disposed:false
572 silly fetch manifest follow-redirects@1.15.9
573 silly packumentCache full:https://registry.npmjs.org/follow-redirects cache-miss
574 http fetch GET 200 https://registry.npmjs.org/proxy-from-env 47ms (cache miss)
575 silly packumentCache full:https://registry.npmjs.org/proxy-from-env set size:undefined disposed:false
576 silly fetch manifest embla-carousel@8.6.0
577 silly packumentCache full:https://registry.npmjs.org/embla-carousel cache-miss
578 http fetch GET 200 https://registry.npmjs.org/browserslist 198ms (cache miss)
579 silly packumentCache full:https://registry.npmjs.org/browserslist set size:undefined disposed:false
580 silly fetch manifest embla-carousel-reactive-utils@8.6.0
581 silly packumentCache full:https://registry.npmjs.org/embla-carousel-reactive-utils cache-miss
582 http fetch GET 200 https://registry.npmjs.org/form-data 80ms (cache miss)
583 silly packumentCache full:https://registry.npmjs.org/form-data set size:undefined disposed:false
584 silly fetch manifest motion-dom@12.40.0
585 silly packumentCache full:https://registry.npmjs.org/motion-dom cache-miss
586 http fetch GET 200 https://registry.npmjs.org/follow-redirects 80ms (cache miss)
587 silly packumentCache full:https://registry.npmjs.org/follow-redirects set size:undefined disposed:false
588 silly fetch manifest motion-utils@12.39.0
589 silly packumentCache full:https://registry.npmjs.org/motion-utils cache-miss
590 http fetch GET 200 https://registry.npmjs.org/nanoid 181ms (cache miss)
591 silly packumentCache full:https://registry.npmjs.org/nanoid set size:undefined disposed:false
592 silly fetch manifest tslib@2.8.1
593 silly packumentCache full:https://registry.npmjs.org/tslib cache-miss
594 http fetch GET 200 https://registry.npmjs.org/motion-utils 49ms (cache miss)
595 silly packumentCache full:https://registry.npmjs.org/motion-utils set size:undefined disposed:false
596 silly fetch manifest bson@6.10.4
597 silly packumentCache full:https://registry.npmjs.org/bson cache-miss
598 http fetch GET 200 https://registry.npmjs.org/motion-dom 99ms (cache miss)
599 silly packumentCache full:https://registry.npmjs.org/motion-dom set size:undefined disposed:false
600 silly fetch manifest @mongodb-js/saslprep@1.3.0
601 silly packumentCache full:https://registry.npmjs.org/@mongodb-js%2fsaslprep cache-miss
602 http fetch GET 200 https://registry.npmjs.org/@radix-ui%2fnumber 786ms (cache miss)
603 silly packumentCache full:https://registry.npmjs.org/@radix-ui%2fnumber set size:undefined disposed:false
604 silly fetch manifest mongodb-connection-string-url@3.0.2
605 silly packumentCache full:https://registry.npmjs.org/mongodb-connection-string-url cache-miss
606 http fetch GET 200 https://registry.npmjs.org/@radix-ui%2freact-collection 2782ms (cache miss)
607 silly packumentCache full:https://registry.npmjs.org/@radix-ui%2freact-collection set size:undefined disposed:false
608 silly fetch manifest busboy@1.6.0
609 silly packumentCache full:https://registry.npmjs.org/busboy cache-miss
610 http fetch GET 200 https://registry.npmjs.org/tslib 91ms (cache miss)
611 silly packumentCache full:https://registry.npmjs.org/tslib set size:undefined disposed:false
612 silly fetch manifest postcss@8.4.31
613 silly packumentCache full:https://registry.npmjs.org/postcss cache-miss
614 http fetch GET 200 https://registry.npmjs.org/caniuse-lite 352ms (cache miss)
615 silly packumentCache full:https://registry.npmjs.org/caniuse-lite set size:undefined disposed:false
616 silly fetch manifest @next/env@14.2.3
617 silly packumentCache full:https://registry.npmjs.org/@next%2fenv cache-miss
618 http cache https://registry.npmjs.org/postcss 19ms (cache hit)
619 silly packumentCache full:https://registry.npmjs.org/postcss set size:723316 disposed:false
620 silly fetch manifest styled-jsx@5.1.1
621 silly packumentCache full:https://registry.npmjs.org/styled-jsx cache-miss
622 http fetch GET 200 https://registry.npmjs.org/busboy 52ms (cache miss)
623 silly packumentCache full:https://registry.npmjs.org/busboy set size:undefined disposed:false
624 silly fetch manifest graceful-fs@4.2.11
625 silly packumentCache full:https://registry.npmjs.org/graceful-fs cache-miss
626 http fetch GET 200 https://registry.npmjs.org/bson 124ms (cache miss)
627 silly packumentCache full:https://registry.npmjs.org/bson set size:undefined disposed:false
628 silly fetch manifest @swc/helpers@0.5.5
629 silly packumentCache full:https://registry.npmjs.org/@swc%2fhelpers cache-miss
630 http fetch GET 200 https://registry.npmjs.org/@radix-ui%2freact-roving-focus 1219ms (cache miss)
631 silly packumentCache full:https://registry.npmjs.org/@radix-ui%2freact-roving-focus set size:undefined disposed:false
632 silly fetch manifest @next/swc-darwin-x64@14.2.3
633 silly packumentCache full:https://registry.npmjs.org/@next%2fswc-darwin-x64 cache-miss
634 http fetch GET 200 https://registry.npmjs.org/@radix-ui%2freact-menu 2021ms (cache miss)
635 silly packumentCache full:https://registry.npmjs.org/@radix-ui%2freact-menu set size:undefined disposed:false
636 silly fetch manifest @next/swc-darwin-arm64@14.2.3
637 silly packumentCache full:https://registry.npmjs.org/@next%2fswc-darwin-arm64 cache-miss
638 http fetch GET 200 https://registry.npmjs.org/@mongodb-js%2fsaslprep 273ms (cache miss)
639 silly packumentCache full:https://registry.npmjs.org/@mongodb-js%2fsaslprep set size:undefined disposed:false
640 silly fetch manifest @next/swc-linux-x64-gnu@14.2.3
641 silly packumentCache full:https://registry.npmjs.org/@next%2fswc-linux-x64-gnu cache-miss
642 http fetch GET 200 https://registry.npmjs.org/mongodb-connection-string-url 254ms (cache miss)
643 silly packumentCache full:https://registry.npmjs.org/mongodb-connection-string-url set size:undefined disposed:false
644 silly fetch manifest @next/swc-linux-x64-musl@14.2.3
645 silly packumentCache full:https://registry.npmjs.org/@next%2fswc-linux-x64-musl cache-miss
646 http fetch GET 200 https://registry.npmjs.org/graceful-fs 198ms (cache miss)
647 silly packumentCache full:https://registry.npmjs.org/graceful-fs set size:undefined disposed:false
648 silly fetch manifest @next/swc-win32-x64-msvc@14.2.3
649 silly packumentCache full:https://registry.npmjs.org/@next%2fswc-win32-x64-msvc cache-miss
650 http fetch GET 200 https://registry.npmjs.org/@swc%2fhelpers 200ms (cache miss)
651 silly packumentCache full:https://registry.npmjs.org/@swc%2fhelpers set size:undefined disposed:false
652 silly fetch manifest @next/swc-linux-arm64-gnu@14.2.3
653 silly packumentCache full:https://registry.npmjs.org/@next%2fswc-linux-arm64-gnu cache-miss
654 http fetch GET 200 https://registry.npmjs.org/@radix-ui%2fnumber 1143ms (cache miss)
655 silly packumentCache full:https://registry.npmjs.org/@radix-ui%2fnumber set size:undefined disposed:false
656 silly fetch manifest @next/swc-win32-ia32-msvc@14.2.3
657 silly packumentCache full:https://registry.npmjs.org/@next%2fswc-win32-ia32-msvc cache-miss
658 http fetch GET 200 https://registry.npmjs.org/embla-carousel 586ms (cache miss)
659 silly packumentCache full:https://registry.npmjs.org/embla-carousel set size:undefined disposed:false
660 silly fetch manifest @next/swc-linux-arm64-musl@14.2.3
661 silly packumentCache full:https://registry.npmjs.org/@next%2fswc-linux-arm64-musl cache-miss
662 http fetch GET 200 https://registry.npmjs.org/embla-carousel-reactive-utils 601ms (cache miss)
663 silly packumentCache full:https://registry.npmjs.org/embla-carousel-reactive-utils set size:undefined disposed:false
664 silly fetch manifest @next/swc-win32-arm64-msvc@14.2.3
665 silly packumentCache full:https://registry.npmjs.org/@next%2fswc-win32-arm64-msvc cache-miss
666 http fetch GET 200 https://registry.npmjs.org/styled-jsx 800ms (cache miss)
667 silly packumentCache full:https://registry.npmjs.org/styled-jsx set size:undefined disposed:false
668 silly fetch manifest @date-fns/tz@1.2.0
669 silly packumentCache full:https://registry.npmjs.org/@date-fns%2ftz cache-miss
670 http fetch GET 200 https://registry.npmjs.org/@date-fns%2ftz 443ms (cache miss)
671 silly packumentCache full:https://registry.npmjs.org/@date-fns%2ftz set size:undefined disposed:false
672 silly fetch manifest date-fns-jalali@4.1.0-0
673 silly packumentCache full:https://registry.npmjs.org/date-fns-jalali cache-miss
674 http fetch GET 200 https://registry.npmjs.org/@next%2fswc-linux-x64-musl 1632ms (cache miss)
675 silly packumentCache full:https://registry.npmjs.org/@next%2fswc-linux-x64-musl set size:undefined disposed:false
676 silly fetch manifest lodash@4.17.21
677 silly packumentCache full:https://registry.npmjs.org/lodash cache-miss
678 http fetch GET 200 https://registry.npmjs.org/date-fns-jalali 668ms (cache miss)
679 silly packumentCache full:https://registry.npmjs.org/date-fns-jalali set size:undefined disposed:false
680 silly fetch manifest react-is@18.3.1
681 silly packumentCache full:https://registry.npmjs.org/react-is cache-miss
682 http fetch GET 200 https://registry.npmjs.org/@next%2fswc-darwin-x64 2275ms (cache miss)
683 silly packumentCache full:https://registry.npmjs.org/@next%2fswc-darwin-x64 set size:undefined disposed:false
684 silly fetch manifest react-smooth@4.0.4
685 silly packumentCache full:https://registry.npmjs.org/react-smooth cache-miss
686 http fetch GET 200 https://registry.npmjs.org/react-smooth 94ms (cache miss)
687 silly packumentCache full:https://registry.npmjs.org/react-smooth set size:undefined disposed:false
688 silly fetch manifest eventemitter3@4.0.7
689 silly packumentCache full:https://registry.npmjs.org/eventemitter3 cache-miss
690 http fetch GET 200 https://registry.npmjs.org/eventemitter3 78ms (cache miss)
691 silly packumentCache full:https://registry.npmjs.org/eventemitter3 set size:undefined disposed:false
692 silly fetch manifest recharts-scale@0.4.5
693 silly packumentCache full:https://registry.npmjs.org/recharts-scale cache-miss
694 http fetch GET 200 https://registry.npmjs.org/recharts-scale 154ms (cache miss)
695 silly packumentCache full:https://registry.npmjs.org/recharts-scale set size:undefined disposed:false
696 silly fetch manifest tiny-invariant@1.3.3
697 silly packumentCache full:https://registry.npmjs.org/tiny-invariant cache-miss
698 http fetch GET 200 https://registry.npmjs.org/tiny-invariant 61ms (cache miss)
699 silly packumentCache full:https://registry.npmjs.org/tiny-invariant set size:undefined disposed:false
700 silly fetch manifest victory-vendor@36.9.2
701 silly packumentCache full:https://registry.npmjs.org/victory-vendor cache-miss
702 http fetch GET 200 https://registry.npmjs.org/victory-vendor 94ms (cache miss)
703 silly packumentCache full:https://registry.npmjs.org/victory-vendor set size:undefined disposed:false
704 silly fetch manifest arg@5.0.2
705 silly packumentCache full:https://registry.npmjs.org/arg cache-miss
706 http fetch GET 200 https://registry.npmjs.org/lodash 1069ms (cache miss)
707 silly packumentCache full:https://registry.npmjs.org/lodash set size:undefined disposed:false
708 silly fetch manifest dlv@1.1.3
709 silly packumentCache full:https://registry.npmjs.org/dlv cache-miss
710 http fetch GET 200 https://registry.npmjs.org/@next%2fswc-linux-arm64-musl 2531ms (cache miss)
711 silly packumentCache full:https://registry.npmjs.org/@next%2fswc-linux-arm64-musl set size:undefined disposed:false
712 silly fetch manifest jiti@1.21.7
713 silly packumentCache full:https://registry.npmjs.org/jiti cache-miss
714 http fetch GET 200 https://registry.npmjs.org/@next%2fswc-linux-arm64-gnu 2713ms (cache miss)
715 silly packumentCache full:https://registry.npmjs.org/@next%2fswc-linux-arm64-gnu set size:undefined disposed:false
716 silly fetch manifest is-glob@4.0.3
717 silly packumentCache full:https://registry.npmjs.org/is-glob cache-miss
718 http fetch GET 200 https://registry.npmjs.org/arg 55ms (cache miss)
719 silly packumentCache full:https://registry.npmjs.org/arg set size:undefined disposed:false
720 silly fetch manifest resolve@1.22.10
721 silly packumentCache full:https://registry.npmjs.org/resolve cache-miss
722 http fetch GET 200 https://registry.npmjs.org/is-glob 44ms (cache miss)
723 silly packumentCache full:https://registry.npmjs.org/is-glob set size:undefined disposed:false
724 silly fetch manifest sucrase@3.35.0
725 silly packumentCache full:https://registry.npmjs.org/sucrase cache-miss
726 http fetch GET 200 https://registry.npmjs.org/@next%2fswc-win32-ia32-msvc 2753ms (cache miss)
727 silly packumentCache full:https://registry.npmjs.org/@next%2fswc-win32-ia32-msvc set size:undefined disposed:false
728 silly fetch manifest chokidar@3.6.0
729 silly packumentCache full:https://registry.npmjs.org/chokidar cache-miss
730 http fetch GET 200 https://registry.npmjs.org/jiti 135ms (cache miss)
731 silly packumentCache full:https://registry.npmjs.org/jiti set size:undefined disposed:false
732 silly fetch manifest fast-glob@3.3.3
733 silly packumentCache full:https://registry.npmjs.org/fast-glob cache-miss
734 http fetch GET 200 https://registry.npmjs.org/resolve 106ms (cache miss)
735 silly packumentCache full:https://registry.npmjs.org/resolve set size:undefined disposed:false
736 silly fetch manifest lilconfig@3.1.3
737 silly packumentCache full:https://registry.npmjs.org/lilconfig cache-miss
738 http fetch GET 200 https://registry.npmjs.org/sucrase 116ms (cache miss)
739 silly packumentCache full:https://registry.npmjs.org/sucrase set size:undefined disposed:false
740 silly fetch manifest didyoumean@1.2.2
741 silly packumentCache full:https://registry.npmjs.org/didyoumean cache-miss
742 http fetch GET 200 https://registry.npmjs.org/lilconfig 50ms (cache miss)
743 silly packumentCache full:https://registry.npmjs.org/lilconfig set size:undefined disposed:false
744 silly fetch manifest micromatch@4.0.8
745 silly packumentCache full:https://registry.npmjs.org/micromatch cache-miss
746 http fetch GET 200 https://registry.npmjs.org/dlv 243ms (cache miss)
747 silly packumentCache full:https://registry.npmjs.org/dlv set size:undefined disposed:false
748 silly fetch manifest postcss-js@4.0.1
749 silly packumentCache full:https://registry.npmjs.org/postcss-js cache-miss
750 http fetch GET 200 https://registry.npmjs.org/fast-glob 93ms (cache miss)
751 silly packumentCache full:https://registry.npmjs.org/fast-glob set size:undefined disposed:false
752 silly fetch manifest glob-parent@6.0.2
753 silly packumentCache full:https://registry.npmjs.org/glob-parent cache-miss
754 http fetch GET 200 https://registry.npmjs.org/glob-parent 158ms (cache miss)
755 silly packumentCache full:https://registry.npmjs.org/glob-parent set size:undefined disposed:false
756 silly fetch manifest object-hash@3.0.0
757 silly packumentCache full:https://registry.npmjs.org/object-hash cache-miss
758 http fetch GET 200 https://registry.npmjs.org/@next%2fswc-win32-arm64-msvc 2950ms (cache miss)
759 silly packumentCache full:https://registry.npmjs.org/@next%2fswc-win32-arm64-msvc set size:undefined disposed:false
760 silly fetch manifest normalize-path@3.0.0
761 silly packumentCache full:https://registry.npmjs.org/normalize-path cache-miss
762 http fetch GET 200 https://registry.npmjs.org/didyoumean 253ms (cache miss)
763 silly packumentCache full:https://registry.npmjs.org/didyoumean set size:undefined disposed:false
764 silly fetch manifest postcss-import@15.1.0
765 silly packumentCache full:https://registry.npmjs.org/postcss-import cache-miss
766 http fetch GET 200 https://registry.npmjs.org/object-hash 59ms (cache miss)
767 silly packumentCache full:https://registry.npmjs.org/object-hash set size:undefined disposed:false
768 silly fetch manifest postcss-nested@6.2.0
769 silly packumentCache full:https://registry.npmjs.org/postcss-nested cache-miss
770 http fetch GET 200 https://registry.npmjs.org/normalize-path 46ms (cache miss)
771 silly packumentCache full:https://registry.npmjs.org/normalize-path set size:undefined disposed:false
772 silly fetch manifest @alloc/quick-lru@5.2.0
773 silly packumentCache full:https://registry.npmjs.org/@alloc%2fquick-lru cache-miss
774 http fetch GET 200 https://registry.npmjs.org/postcss-js 270ms (cache miss)
775 silly packumentCache full:https://registry.npmjs.org/postcss-js set size:undefined disposed:false
776 silly fetch manifest postcss-load-config@4.0.2
777 silly packumentCache full:https://registry.npmjs.org/postcss-load-config cache-miss
778 http fetch GET 200 https://registry.npmjs.org/postcss-import 67ms (cache miss)
779 silly packumentCache full:https://registry.npmjs.org/postcss-import set size:undefined disposed:false
780 silly fetch manifest postcss-selector-parser@6.1.2
781 silly packumentCache full:https://registry.npmjs.org/postcss-selector-parser cache-miss
782 http fetch GET 200 https://registry.npmjs.org/postcss-nested 61ms (cache miss)
783 silly packumentCache full:https://registry.npmjs.org/postcss-nested set size:undefined disposed:false
784 http fetch GET 200 https://registry.npmjs.org/@alloc%2fquick-lru 53ms (cache miss)
785 silly packumentCache full:https://registry.npmjs.org/@alloc%2fquick-lru set size:undefined disposed:false
786 http fetch GET 200 https://registry.npmjs.org/chokidar 398ms (cache miss)
787 silly packumentCache full:https://registry.npmjs.org/chokidar set size:undefined disposed:false
788 http fetch GET 200 https://registry.npmjs.org/postcss-selector-parser 80ms (cache miss)
789 silly packumentCache full:https://registry.npmjs.org/postcss-selector-parser set size:undefined disposed:false
790 http fetch GET 200 https://registry.npmjs.org/micromatch 465ms (cache miss)
791 silly packumentCache full:https://registry.npmjs.org/micromatch set size:undefined disposed:false
792 http fetch GET 200 https://registry.npmjs.org/@next%2fswc-linux-x64-gnu 3417ms (cache miss)
793 silly packumentCache full:https://registry.npmjs.org/@next%2fswc-linux-x64-gnu set size:undefined disposed:false
794 http fetch GET 200 https://registry.npmjs.org/postcss-load-config 565ms (cache miss)
795 silly packumentCache full:https://registry.npmjs.org/postcss-load-config set size:undefined disposed:false
796 http fetch GET 200 https://registry.npmjs.org/@next%2fswc-win32-x64-msvc 3823ms (cache miss)
797 silly packumentCache full:https://registry.npmjs.org/@next%2fswc-win32-x64-msvc set size:undefined disposed:false
798 http fetch GET 200 https://registry.npmjs.org/@next%2fenv 4219ms (cache miss)
799 silly packumentCache full:https://registry.npmjs.org/@next%2fenv set size:undefined disposed:false
800 http fetch GET 200 https://registry.npmjs.org/react-is 2302ms (cache miss)
801 silly packumentCache full:https://registry.npmjs.org/react-is set size:undefined disposed:false
802 http fetch GET 200 https://registry.npmjs.org/@next%2fswc-darwin-arm64 4401ms (cache miss)
803 silly packumentCache full:https://registry.npmjs.org/@next%2fswc-darwin-arm64 set size:undefined disposed:false
804 silly placeDep ROOT @standard-schema/utils@0.3.0 OK for: @hookform/resolvers@5.1.1 want: ^0.3.0
805 silly fetch manifest react@^16.8 || ^17.0 || ^18.0 || ^19.0 || ^19.0.0-rc
806 silly packumentCache full:https://registry.npmjs.org/react cache-miss
807 http cache https://registry.npmjs.org/react 10ms (cache hit)
808 silly packumentCache full:https://registry.npmjs.org/react set size:6659694 disposed:false
809 silly fetch manifest react-dom@^16.8 || ^17.0 || ^18.0 || ^19.0 || ^19.0.0-rc
810 silly packumentCache full:https://registry.npmjs.org/react-dom cache-miss
811 http cache https://registry.npmjs.org/react-dom 11ms (cache hit)
812 silly packumentCache full:https://registry.npmjs.org/react-dom set size:8883524 disposed:false
813 silly placeDep ROOT @radix-ui/primitive@1.1.2 OK for: @radix-ui/react-accordion@1.2.11 want: 1.1.2
814 silly placeDep ROOT @radix-ui/react-collection@1.1.7 OK for: @radix-ui/react-accordion@1.2.11 want: 1.1.7
815 silly placeDep ROOT @radix-ui/react-compose-refs@1.1.2 OK for: @radix-ui/react-accordion@1.2.11 want: 1.1.2
816 silly placeDep ROOT @radix-ui/react-context@1.1.2 OK for: @radix-ui/react-accordion@1.2.11 want: 1.1.2
817 silly placeDep ROOT @radix-ui/react-direction@1.1.1 OK for: @radix-ui/react-accordion@1.2.11 want: 1.1.1
818 silly placeDep ROOT @radix-ui/react-id@1.1.1 OK for: @radix-ui/react-accordion@1.2.11 want: 1.1.1
819 silly placeDep ROOT @radix-ui/react-primitive@2.1.3 OK for: @radix-ui/react-accordion@1.2.11 want: 2.1.3
820 silly placeDep ROOT @radix-ui/react-use-controllable-state@1.2.2 OK for: @radix-ui/react-accordion@1.2.11 want: 1.2.2
821 silly fetch manifest @radix-ui/react-use-effect-event@0.0.2
822 silly packumentCache full:https://registry.npmjs.org/@radix-ui%2freact-use-effect-event cache-miss
823 http fetch GET 200 https://registry.npmjs.org/@radix-ui%2freact-use-effect-event 52ms (cache miss)
824 silly packumentCache full:https://registry.npmjs.org/@radix-ui%2freact-use-effect-event set size:undefined disposed:false
825 silly placeDep ROOT @radix-ui/react-use-callback-ref@1.1.1 OK for: @radix-ui/react-avatar@1.1.10 want: 1.1.1
826 silly placeDep ROOT @radix-ui/react-use-is-hydrated@0.1.0 OK for: @radix-ui/react-avatar@1.1.10 want: 0.1.0
827 silly placeDep ROOT @radix-ui/react-use-layout-effect@1.1.1 OK for: @radix-ui/react-avatar@1.1.10 want: 1.1.1
828 silly fetch manifest use-sync-external-store@1.5.0
829 silly packumentCache full:https://registry.npmjs.org/use-sync-external-store cache-miss
830 http fetch GET 200 https://registry.npmjs.org/use-sync-external-store 1285ms (cache miss)
831 silly packumentCache full:https://registry.npmjs.org/use-sync-external-store set size:undefined disposed:false
832 silly placeDep ROOT @radix-ui/react-presence@1.1.4 OK for: @radix-ui/react-checkbox@1.3.2 want: 1.1.4
833 silly placeDep ROOT @radix-ui/react-use-previous@1.1.1 OK for: @radix-ui/react-checkbox@1.3.2 want: 1.1.1
834 silly placeDep ROOT @radix-ui/react-use-size@1.1.1 OK for: @radix-ui/react-checkbox@1.3.2 want: 1.1.1
835 silly placeDep ROOT @radix-ui/react-menu@2.1.15 OK for: @radix-ui/react-context-menu@2.2.15 want: 2.1.15
836 silly placeDep ROOT @radix-ui/react-dismissable-layer@1.1.10 OK for: @radix-ui/react-dialog@1.1.14 want: 1.1.10
837 silly placeDep ROOT @radix-ui/react-focus-guards@1.1.2 OK for: @radix-ui/react-dialog@1.1.14 want: 1.1.2
838 silly placeDep ROOT @radix-ui/react-focus-scope@1.1.7 OK for: @radix-ui/react-dialog@1.1.14 want: 1.1.7
839 silly placeDep ROOT @radix-ui/react-portal@1.1.9 OK for: @radix-ui/react-dialog@1.1.14 want: 1.1.9
840 silly placeDep ROOT aria-hidden@1.2.6 OK for: @radix-ui/react-dialog@1.1.14 want: ^1.2.4
841 silly placeDep ROOT react-remove-scroll@2.7.1 OK for: @radix-ui/react-dialog@1.1.14 want: ^2.6.3
842 silly fetch manifest @radix-ui/react-use-escape-keydown@1.1.1
843 silly packumentCache full:https://registry.npmjs.org/@radix-ui%2freact-use-escape-keydown cache-miss
844 silly fetch manifest use-sidecar@1.1.3
845 silly packumentCache full:https://registry.npmjs.org/use-sidecar cache-miss
846 silly fetch manifest use-callback-ref@1.3.3
847 silly packumentCache full:https://registry.npmjs.org/use-callback-ref cache-miss
848 silly fetch manifest react-style-singleton@2.2.3
849 silly packumentCache full:https://registry.npmjs.org/react-style-singleton cache-miss
850 silly fetch manifest react-remove-scroll-bar@2.3.8
851 silly packumentCache full:https://registry.npmjs.org/react-remove-scroll-bar cache-miss
852 http fetch GET 200 https://registry.npmjs.org/use-sidecar 57ms (cache miss)
853 silly packumentCache full:https://registry.npmjs.org/use-sidecar set size:undefined disposed:false
854 http fetch GET 200 https://registry.npmjs.org/react-remove-scroll-bar 71ms (cache miss)
855 silly packumentCache full:https://registry.npmjs.org/react-remove-scroll-bar set size:undefined disposed:false
856 http fetch GET 200 https://registry.npmjs.org/@radix-ui%2freact-use-escape-keydown 158ms (cache miss)
857 silly packumentCache full:https://registry.npmjs.org/@radix-ui%2freact-use-escape-keydown set size:undefined disposed:false
858 http fetch GET 200 https://registry.npmjs.org/use-callback-ref 244ms (cache miss)
859 silly packumentCache full:https://registry.npmjs.org/use-callback-ref set size:undefined disposed:false
860 http fetch GET 200 https://registry.npmjs.org/react-style-singleton 264ms (cache miss)
861 silly packumentCache full:https://registry.npmjs.org/react-style-singleton set size:undefined disposed:false
862 silly placeDep ROOT @radix-ui/react-use-escape-keydown@1.1.1 OK for: @radix-ui/react-dismissable-layer@1.1.10 want: 1.1.1
863 silly placeDep ROOT @radix-ui/react-popper@1.2.7 OK for: @radix-ui/react-hover-card@1.1.14 want: 1.2.7
864 silly fetch manifest @radix-ui/rect@1.1.1
865 silly packumentCache full:https://registry.npmjs.org/@radix-ui%2frect cache-miss
866 silly fetch manifest @radix-ui/react-arrow@1.1.7
867 silly packumentCache full:https://registry.npmjs.org/@radix-ui%2freact-arrow cache-miss
868 silly fetch manifest @floating-ui/react-dom@2.1.4
869 silly packumentCache full:https://registry.npmjs.org/@floating-ui%2freact-dom cache-miss
870 silly fetch manifest @radix-ui/react-use-rect@1.1.1
871 silly packumentCache full:https://registry.npmjs.org/@radix-ui%2freact-use-rect cache-miss
872 http fetch GET 200 https://registry.npmjs.org/@floating-ui%2freact-dom 221ms (cache miss)
873 silly packumentCache full:https://registry.npmjs.org/@floating-ui%2freact-dom set size:undefined disposed:false
874 http fetch GET 200 https://registry.npmjs.org/@radix-ui%2freact-arrow 282ms (cache miss)
875 silly packumentCache full:https://registry.npmjs.org/@radix-ui%2freact-arrow set size:undefined disposed:false
876 http fetch GET 200 https://registry.npmjs.org/@radix-ui%2freact-use-rect 307ms (cache miss)
877 silly packumentCache full:https://registry.npmjs.org/@radix-ui%2freact-use-rect set size:undefined disposed:false
878 http fetch GET 200 https://registry.npmjs.org/@radix-ui%2frect 445ms (cache miss)
879 silly packumentCache full:https://registry.npmjs.org/@radix-ui%2frect set size:undefined disposed:false
880 silly placeDep ROOT @radix-ui/react-roving-focus@1.1.10 OK for: @radix-ui/react-menu@2.1.15 want: 1.1.10
881 silly placeDep ROOT @radix-ui/react-visually-hidden@1.2.3 OK for: @radix-ui/react-navigation-menu@1.2.13 want: 1.2.3
882 silly placeDep ROOT @floating-ui/react-dom@2.1.4 OK for: @radix-ui/react-popper@1.2.7 want: ^2.0.0
883 silly placeDep ROOT @radix-ui/react-arrow@1.1.7 OK for: @radix-ui/react-popper@1.2.7 want: 1.1.7
884 silly placeDep ROOT @radix-ui/react-use-rect@1.1.1 OK for: @radix-ui/react-popper@1.2.7 want: 1.1.1
885 silly placeDep ROOT @radix-ui/rect@1.1.1 OK for: @radix-ui/react-popper@1.2.7 want: 1.1.1
886 silly fetch manifest @floating-ui/dom@1.7.2
887 silly packumentCache full:https://registry.npmjs.org/@floating-ui%2fdom cache-miss
888 http fetch GET 200 https://registry.npmjs.org/@floating-ui%2fdom 223ms (cache miss)
889 silly packumentCache full:https://registry.npmjs.org/@floating-ui%2fdom set size:undefined disposed:false
890 silly placeDep ROOT @floating-ui/dom@1.7.2 OK for: @floating-ui/react-dom@2.1.4 want: ^1.7.2
891 silly fetch manifest @floating-ui/core@1.7.2
892 silly packumentCache full:https://registry.npmjs.org/@floating-ui%2fcore cache-miss
893 silly fetch manifest @floating-ui/utils@0.2.10
894 silly packumentCache full:https://registry.npmjs.org/@floating-ui%2futils cache-miss
895 http fetch GET 200 https://registry.npmjs.org/@floating-ui%2futils 53ms (cache miss)
896 silly packumentCache full:https://registry.npmjs.org/@floating-ui%2futils set size:undefined disposed:false
897 http fetch GET 200 https://registry.npmjs.org/@floating-ui%2fcore 278ms (cache miss)
898 silly packumentCache full:https://registry.npmjs.org/@floating-ui%2fcore set size:undefined disposed:false
899 silly placeDep ROOT @floating-ui/core@1.7.2 OK for: @floating-ui/dom@1.7.2 want: ^1.7.2
900 silly placeDep ROOT @floating-ui/utils@0.2.10 OK for: @floating-ui/dom@1.7.2 want: ^0.2.10
901 silly placeDep ROOT @radix-ui/number@1.1.1 OK for: @radix-ui/react-scroll-area@1.2.9 want: 1.1.1
902 silly placeDep ROOT @radix-ui/react-use-effect-event@0.0.2 OK for: @radix-ui/react-use-controllable-state@1.2.2 want: 0.0.2
903 silly placeDep ROOT use-sync-external-store@1.5.0 OK for: @radix-ui/react-use-is-hydrated@0.1.0 want: ^1.5.0
904 silly placeDep ROOT @tanstack/table-core@8.21.3 OK for: @tanstack/react-table@8.21.3 want: 8.21.3
905 silly placeDep ROOT tslib@2.8.1 OK for: aria-hidden@1.2.6 want: ^2.0.0
906 silly placeDep ROOT browserslist@4.25.1 OK for: autoprefixer@10.4.21 want: ^4.24.4
907 silly placeDep ROOT caniuse-lite@1.0.30001727 OK for: autoprefixer@10.4.21 want: ^1.0.30001702
908 silly placeDep ROOT fraction.js@4.3.7 OK for: autoprefixer@10.4.21 want: ^4.3.7
909 silly placeDep ROOT normalize-range@0.1.2 OK for: autoprefixer@10.4.21 want: ^0.1.2
910 silly placeDep ROOT picocolors@1.1.1 OK for: autoprefixer@10.4.21 want: ^1.1.1
911 silly placeDep ROOT postcss-value-parser@4.2.0 OK for: autoprefixer@10.4.21 want: ^4.2.0
912 silly fetch manifest node-releases@2.0.19
913 silly packumentCache full:https://registry.npmjs.org/node-releases cache-miss
914 silly fetch manifest electron-to-chromium@1.5.180
915 silly packumentCache full:https://registry.npmjs.org/electron-to-chromium cache-miss
916 silly fetch manifest update-browserslist-db@1.1.3
917 silly packumentCache full:https://registry.npmjs.org/update-browserslist-db cache-miss
918 http fetch GET 200 https://registry.npmjs.org/update-browserslist-db 53ms (cache miss)
919 silly packumentCache full:https://registry.npmjs.org/update-browserslist-db set size:undefined disposed:false
920 http fetch GET 200 https://registry.npmjs.org/node-releases 282ms (cache miss)
921 silly packumentCache full:https://registry.npmjs.org/node-releases set size:undefined disposed:false
922 http fetch GET 200 https://registry.npmjs.org/electron-to-chromium 1452ms (cache miss)
923 silly packumentCache full:https://registry.npmjs.org/electron-to-chromium set size:undefined disposed:false
924 silly placeDep ROOT follow-redirects@1.15.9 OK for: axios@1.10.0 want: ^1.15.6
925 silly placeDep ROOT form-data@4.0.3 OK for: axios@1.10.0 want: ^4.0.0
926 silly placeDep ROOT proxy-from-env@1.1.0 OK for: axios@1.10.0 want: ^1.1.0
927 silly fetch manifest hasown@2.0.2
928 silly packumentCache full:https://registry.npmjs.org/hasown cache-miss
929 silly fetch manifest asynckit@0.4.0
930 silly packumentCache full:https://registry.npmjs.org/asynckit cache-miss
931 silly fetch manifest mime-types@2.1.35
932 silly packumentCache full:https://registry.npmjs.org/mime-types cache-miss
933 silly fetch manifest combined-stream@1.0.8
934 silly packumentCache full:https://registry.npmjs.org/combined-stream cache-miss
935 silly fetch manifest es-set-tostringtag@2.1.0
936 silly packumentCache full:https://registry.npmjs.org/es-set-tostringtag cache-miss
937 http fetch GET 200 https://registry.npmjs.org/hasown 41ms (cache miss)
938 silly packumentCache full:https://registry.npmjs.org/hasown set size:undefined disposed:false
939 http fetch GET 200 https://registry.npmjs.org/asynckit 43ms (cache miss)
940 silly packumentCache full:https://registry.npmjs.org/asynckit set size:undefined disposed:false
941 http fetch GET 200 https://registry.npmjs.org/es-set-tostringtag 48ms (cache miss)
942 silly packumentCache full:https://registry.npmjs.org/es-set-tostringtag set size:undefined disposed:false
943 http fetch GET 200 https://registry.npmjs.org/combined-stream 49ms (cache miss)
944 silly packumentCache full:https://registry.npmjs.org/combined-stream set size:undefined disposed:false
945 http fetch GET 200 https://registry.npmjs.org/mime-types 74ms (cache miss)
946 silly packumentCache full:https://registry.npmjs.org/mime-types set size:undefined disposed:false
947 silly fetch manifest browserslist@>= 4.21.0
948 silly packumentCache full:https://registry.npmjs.org/browserslist cache-miss
949 http cache https://registry.npmjs.org/browserslist 2ms (cache hit)
950 silly packumentCache full:https://registry.npmjs.org/browserslist set size:504681 disposed:false
951 silly placeDep ROOT electron-to-chromium@1.5.180 OK for: browserslist@4.25.1 want: ^1.5.173
952 silly placeDep ROOT node-releases@2.0.19 OK for: browserslist@4.25.1 want: ^2.0.19
953 silly placeDep ROOT update-browserslist-db@1.1.3 OK for: browserslist@4.25.1 want: ^1.1.3
954 silly fetch manifest escalade@3.2.0
955 silly packumentCache full:https://registry.npmjs.org/escalade cache-miss
956 http fetch GET 200 https://registry.npmjs.org/escalade 43ms (cache miss)
957 silly packumentCache full:https://registry.npmjs.org/escalade set size:undefined disposed:false
958 silly placeDep ROOT embla-carousel@8.6.0 OK for: embla-carousel-react@8.6.0 want: 8.6.0
959 silly placeDep ROOT embla-carousel-reactive-utils@8.6.0 OK for: embla-carousel-react@8.6.0 want: 8.6.0
960 silly placeDep ROOT asynckit@0.4.0 OK for: form-data@4.0.3 want: ^0.4.0
961 silly placeDep ROOT combined-stream@1.0.8 OK for: form-data@4.0.3 want: ^1.0.8
962 silly placeDep ROOT es-set-tostringtag@2.1.0 OK for: form-data@4.0.3 want: ^2.1.0
963 silly placeDep ROOT hasown@2.0.2 OK for: form-data@4.0.3 want: ^2.0.2
964 silly placeDep ROOT mime-types@2.1.35 OK for: form-data@4.0.3 want: ^2.1.12
965 silly fetch manifest delayed-stream@1.0.0
966 silly packumentCache full:https://registry.npmjs.org/delayed-stream cache-miss
967 silly fetch manifest es-errors@1.3.0
968 silly packumentCache full:https://registry.npmjs.org/es-errors cache-miss
969 silly fetch manifest get-intrinsic@1.3.0
970 silly packumentCache full:https://registry.npmjs.org/get-intrinsic cache-miss
971 silly fetch manifest has-tostringtag@1.0.2
972 silly packumentCache full:https://registry.npmjs.org/has-tostringtag cache-miss
973 silly fetch manifest function-bind@1.1.2
974 silly packumentCache full:https://registry.npmjs.org/function-bind cache-miss
975 silly fetch manifest mime-db@1.52.0
976 silly packumentCache full:https://registry.npmjs.org/mime-db cache-miss
977 http fetch GET 200 https://registry.npmjs.org/function-bind 35ms (cache miss)
978 silly packumentCache full:https://registry.npmjs.org/function-bind set size:undefined disposed:false
979 http fetch GET 200 https://registry.npmjs.org/delayed-stream 130ms (cache miss)
980 silly packumentCache full:https://registry.npmjs.org/delayed-stream set size:undefined disposed:false
981 http fetch GET 200 https://registry.npmjs.org/es-errors 132ms (cache miss)
982 silly packumentCache full:https://registry.npmjs.org/es-errors set size:undefined disposed:false
983 http fetch GET 200 https://registry.npmjs.org/has-tostringtag 131ms (cache miss)
984 silly packumentCache full:https://registry.npmjs.org/has-tostringtag set size:undefined disposed:false
985 http fetch GET 200 https://registry.npmjs.org/get-intrinsic 132ms (cache miss)
986 silly packumentCache full:https://registry.npmjs.org/get-intrinsic set size:undefined disposed:false
987 http fetch GET 200 https://registry.npmjs.org/mime-db 217ms (cache miss)
988 silly packumentCache full:https://registry.npmjs.org/mime-db set size:undefined disposed:false
989 silly placeDep ROOT delayed-stream@1.0.0 OK for: combined-stream@1.0.8 want: ~1.0.0
990 silly placeDep ROOT es-errors@1.3.0 OK for: es-set-tostringtag@2.1.0 want: ^1.3.0
991 silly placeDep ROOT get-intrinsic@1.3.0 OK for: es-set-tostringtag@2.1.0 want: ^1.2.6
992 silly placeDep ROOT has-tostringtag@1.0.2 OK for: es-set-tostringtag@2.1.0 want: ^1.0.2
993 silly fetch manifest gopd@1.2.0
994 silly packumentCache full:https://registry.npmjs.org/gopd cache-miss
995 silly fetch manifest get-proto@1.0.1
996 silly packumentCache full:https://registry.npmjs.org/get-proto cache-miss
997 silly fetch manifest has-symbols@1.1.0
998 silly packumentCache full:https://registry.npmjs.org/has-symbols cache-miss
999 silly fetch manifest es-object-atoms@1.1.1
1000 silly packumentCache full:https://registry.npmjs.org/es-object-atoms cache-miss
1001 silly fetch manifest math-intrinsics@1.1.0
1002 silly packumentCache full:https://registry.npmjs.org/math-intrinsics cache-miss
1003 silly fetch manifest es-define-property@1.0.1
1004 silly packumentCache full:https://registry.npmjs.org/es-define-property cache-miss
1005 silly fetch manifest call-bind-apply-helpers@1.0.2
1006 silly packumentCache full:https://registry.npmjs.org/call-bind-apply-helpers cache-miss
1007 silly fetch manifest has-symbols@1.1.0
1008 silly packumentCache full:https://registry.npmjs.org/has-symbols cache-miss
1009 http fetch GET 200 https://registry.npmjs.org/math-intrinsics 44ms (cache miss)
1010 silly packumentCache full:https://registry.npmjs.org/math-intrinsics set size:undefined disposed:false
1011 http fetch GET 200 https://registry.npmjs.org/call-bind-apply-helpers 45ms (cache miss)
1012 silly packumentCache full:https://registry.npmjs.org/call-bind-apply-helpers set size:undefined disposed:false
1013 http fetch GET 200 https://registry.npmjs.org/gopd 47ms (cache miss)
1014 silly packumentCache full:https://registry.npmjs.org/gopd set size:undefined disposed:false
1015 http fetch GET 200 https://registry.npmjs.org/es-object-atoms 47ms (cache miss)
1016 silly packumentCache full:https://registry.npmjs.org/es-object-atoms set size:undefined disposed:false
1017 http fetch GET 200 https://registry.npmjs.org/es-define-property 47ms (cache miss)
1018 silly packumentCache full:https://registry.npmjs.org/es-define-property set size:undefined disposed:false
1019 http fetch GET 200 https://registry.npmjs.org/has-symbols 48ms (cache miss)
1020 silly packumentCache full:https://registry.npmjs.org/has-symbols set size:undefined disposed:false
1021 http fetch GET 200 https://registry.npmjs.org/has-symbols 47ms (cache miss)
1022 silly packumentCache full:https://registry.npmjs.org/has-symbols set size:undefined disposed:false
1023 http fetch GET 200 https://registry.npmjs.org/get-proto 48ms (cache miss)
1024 silly packumentCache full:https://registry.npmjs.org/get-proto set size:undefined disposed:false
1025 silly placeDep ROOT motion-dom@12.40.0 OK for: framer-motion@12.40.0 want: ^12.40.0
1026 silly placeDep ROOT motion-utils@12.39.0 OK for: framer-motion@12.40.0 want: ^12.39.0
1027 silly placeDep ROOT call-bind-apply-helpers@1.0.2 OK for: get-intrinsic@1.3.0 want: ^1.0.2
1028 silly placeDep ROOT es-define-property@1.0.1 OK for: get-intrinsic@1.3.0 want: ^1.0.1
1029 silly placeDep ROOT es-object-atoms@1.1.1 OK for: get-intrinsic@1.3.0 want: ^1.1.1
1030 silly placeDep ROOT function-bind@1.1.2 OK for: get-intrinsic@1.3.0 want: ^1.1.2
1031 silly placeDep ROOT get-proto@1.0.1 OK for: get-intrinsic@1.3.0 want: ^1.0.1
1032 silly placeDep ROOT gopd@1.2.0 OK for: get-intrinsic@1.3.0 want: ^1.2.0
1033 silly placeDep ROOT has-symbols@1.1.0 OK for: get-intrinsic@1.3.0 want: ^1.1.0
1034 silly placeDep ROOT math-intrinsics@1.1.0 OK for: get-intrinsic@1.3.0 want: ^1.1.0
1035 silly fetch manifest dunder-proto@1.0.1
1036 silly packumentCache full:https://registry.npmjs.org/dunder-proto cache-miss
1037 http fetch GET 200 https://registry.npmjs.org/dunder-proto 33ms (cache miss)
1038 silly packumentCache full:https://registry.npmjs.org/dunder-proto set size:undefined disposed:false
1039 silly placeDep ROOT dunder-proto@1.0.1 OK for: get-proto@1.0.1 want: ^1.0.1
1040 silly placeDep ROOT mime-db@1.52.0 OK for: mime-types@2.1.35 want: 1.52.0
1041 silly placeDep ROOT @mongodb-js/saslprep@1.3.0 OK for: mongodb@6.17.0 want: ^1.1.9
1042 silly placeDep ROOT bson@6.10.4 OK for: mongodb@6.17.0 want: ^6.10.4
1043 silly placeDep ROOT mongodb-connection-string-url@3.0.2 OK for: mongodb@6.17.0 want: ^3.0.0
1044 silly fetch manifest sparse-bitfield@3.0.3
1045 silly packumentCache full:https://registry.npmjs.org/sparse-bitfield cache-miss
1046 silly fetch manifest whatwg-url@14.2.0
1047 silly packumentCache full:https://registry.npmjs.org/whatwg-url cache-miss
1048 silly fetch manifest @types/whatwg-url@11.0.5
1049 silly packumentCache full:https://registry.npmjs.org/@types%2fwhatwg-url cache-miss
1050 http fetch GET 200 https://registry.npmjs.org/whatwg-url 115ms (cache miss)
1051 silly packumentCache full:https://registry.npmjs.org/whatwg-url set size:undefined disposed:false
1052 http fetch GET 200 https://registry.npmjs.org/sparse-bitfield 341ms (cache miss)
1053 silly packumentCache full:https://registry.npmjs.org/sparse-bitfield set size:undefined disposed:false
1054 http fetch GET 200 https://registry.npmjs.org/@types%2fwhatwg-url 342ms (cache miss)
1055 silly packumentCache full:https://registry.npmjs.org/@types%2fwhatwg-url set size:undefined disposed:false
1056 silly placeDep ROOT sparse-bitfield@3.0.3 OK for: @mongodb-js/saslprep@1.3.0 want: ^3.0.3
1057 silly fetch manifest memory-pager@1.5.0
1058 silly packumentCache full:https://registry.npmjs.org/memory-pager cache-miss
1059 http fetch GET 200 https://registry.npmjs.org/memory-pager 46ms (cache miss)
1060 silly packumentCache full:https://registry.npmjs.org/memory-pager set size:undefined disposed:false
1061 silly placeDep ROOT @types/whatwg-url@11.0.5 OK for: mongodb-connection-string-url@3.0.2 want: ^11.0.2
1062 silly placeDep ROOT whatwg-url@14.2.0 OK for: mongodb-connection-string-url@3.0.2 want: ^14.1.0 || ^13.0.0
1063 silly fetch manifest @types/webidl-conversions@7.0.3
1064 silly packumentCache full:https://registry.npmjs.org/@types%2fwebidl-conversions cache-miss
1065 silly fetch manifest tr46@5.1.1
1066 silly packumentCache full:https://registry.npmjs.org/tr46 cache-miss
1067 silly fetch manifest webidl-conversions@7.0.0
1068 silly packumentCache full:https://registry.npmjs.org/webidl-conversions cache-miss
1069 http fetch GET 200 https://registry.npmjs.org/webidl-conversions 52ms (cache miss)
1070 silly packumentCache full:https://registry.npmjs.org/webidl-conversions set size:undefined disposed:false
1071 http fetch GET 200 https://registry.npmjs.org/tr46 54ms (cache miss)
1072 silly packumentCache full:https://registry.npmjs.org/tr46 set size:undefined disposed:false
1073 http fetch GET 200 https://registry.npmjs.org/@types%2fwebidl-conversions 248ms (cache miss)
1074 silly packumentCache full:https://registry.npmjs.org/@types%2fwebidl-conversions set size:undefined disposed:false
1075 silly placeDep ROOT @types/webidl-conversions@7.0.3 OK for: @types/whatwg-url@11.0.5 want: *
1076 silly fetch manifest react@^18.2.0
1077 silly packumentCache full:https://registry.npmjs.org/react cache-miss
1078 http cache https://registry.npmjs.org/react 9ms (cache hit)
1079 silly packumentCache full:https://registry.npmjs.org/react set size:6659694 disposed:false
1080 silly placeDep ROOT @next/env@14.2.3 OK for: next@14.2.3 want: 14.2.3
1081 silly placeDep ROOT @next/swc-darwin-arm64@14.2.3 OK for: next@14.2.3 want: 14.2.3
1082 silly placeDep ROOT @next/swc-darwin-x64@14.2.3 OK for: next@14.2.3 want: 14.2.3
1083 silly placeDep ROOT @next/swc-linux-arm64-gnu@14.2.3 OK for: next@14.2.3 want: 14.2.3
1084 silly placeDep ROOT @next/swc-linux-arm64-musl@14.2.3 OK for: next@14.2.3 want: 14.2.3
1085 silly placeDep ROOT @next/swc-linux-x64-gnu@14.2.3 OK for: next@14.2.3 want: 14.2.3
1086 silly placeDep ROOT @next/swc-linux-x64-musl@14.2.3 OK for: next@14.2.3 want: 14.2.3
1087 silly placeDep ROOT @next/swc-win32-arm64-msvc@14.2.3 OK for: next@14.2.3 want: 14.2.3
1088 silly placeDep ROOT @next/swc-win32-ia32-msvc@14.2.3 OK for: next@14.2.3 want: 14.2.3
1089 silly placeDep ROOT @next/swc-win32-x64-msvc@14.2.3 OK for: next@14.2.3 want: 14.2.3
1090 silly placeDep ROOT @swc/helpers@0.5.5 OK for: next@14.2.3 want: 0.5.5
1091 silly placeDep ROOT busboy@1.6.0 OK for: next@14.2.3 want: 1.6.0
1092 silly placeDep ROOT graceful-fs@4.2.11 OK for: next@14.2.3 want: ^4.2.11
1093 silly placeDep node_modules/next postcss@8.4.31 OK for: next@14.2.3 want: 8.4.31
1094 silly placeDep ROOT styled-jsx@5.1.1 OK for: next@14.2.3 want: 5.1.1
1095 silly fetch manifest @swc/counter@0.1.3
1096 silly packumentCache full:https://registry.npmjs.org/@swc%2fcounter cache-miss
1097 silly fetch manifest streamsearch@1.1.0
1098 silly packumentCache full:https://registry.npmjs.org/streamsearch cache-miss
1099 silly fetch manifest client-only@0.0.1
1100 silly packumentCache full:https://registry.npmjs.org/client-only cache-miss
1101 http fetch GET 200 https://registry.npmjs.org/streamsearch 39ms (cache miss)
1102 silly packumentCache full:https://registry.npmjs.org/streamsearch set size:undefined disposed:false
1103 http fetch GET 200 https://registry.npmjs.org/client-only 44ms (cache miss)
1104 silly packumentCache full:https://registry.npmjs.org/client-only set size:undefined disposed:false
1105 http fetch GET 200 https://registry.npmjs.org/@swc%2fcounter 447ms (cache miss)
1106 silly packumentCache full:https://registry.npmjs.org/@swc%2fcounter set size:undefined disposed:false
1107 silly placeDep ROOT @swc/counter@0.1.3 OK for: @swc/helpers@0.5.5 want: ^0.1.3
1108 silly placeDep ROOT streamsearch@1.1.0 OK for: busboy@1.6.0 want: ^1.1.0
1109 silly placeDep ROOT nanoid@3.3.11 OK for: postcss@8.5.6 want: ^3.3.11
1110 silly placeDep ROOT source-map-js@1.2.1 OK for: postcss@8.5.6 want: ^1.2.1
1111 silly placeDep ROOT loose-envify@1.4.0 OK for: react@18.3.1 want: ^1.1.0
1112 silly fetch manifest js-tokens@4.0.0
1113 silly packumentCache full:https://registry.npmjs.org/js-tokens cache-miss
1114 http fetch GET 200 https://registry.npmjs.org/js-tokens 45ms (cache miss)
1115 silly packumentCache full:https://registry.npmjs.org/js-tokens set size:undefined disposed:false
1116 silly placeDep ROOT js-tokens@4.0.0 OK for: loose-envify@1.4.0 want: ^3.0.0 || ^4.0.0
1117 silly placeDep ROOT @date-fns/tz@1.2.0 OK for: react-day-picker@9.8.0 want: 1.2.0
1118 silly placeDep ROOT date-fns-jalali@4.1.0-0 OK for: react-day-picker@9.8.0 want: 4.1.0-0
1119 silly placeDep ROOT scheduler@0.23.2 OK for: react-dom@18.3.1 want: ^0.23.2
1120 silly fetch manifest react@^16.8.0 || ^17.0.0 || ^18.0.0 || ^19.0.0 || ^19.0.0-rc
1121 silly packumentCache full:https://registry.npmjs.org/react cache-miss
1122 http cache https://registry.npmjs.org/react 9ms (cache hit)
1123 silly packumentCache full:https://registry.npmjs.org/react set size:6659694 disposed:false
1124 silly placeDep ROOT react-remove-scroll-bar@2.3.8 OK for: react-remove-scroll@2.7.1 want: ^2.3.7
1125 silly placeDep ROOT react-style-singleton@2.2.3 OK for: react-remove-scroll@2.7.1 want: ^2.2.3
1126 silly placeDep ROOT use-callback-ref@1.3.3 OK for: react-remove-scroll@2.7.1 want: ^1.3.3
1127 silly placeDep ROOT use-sidecar@1.1.3 OK for: react-remove-scroll@2.7.1 want: ^1.1.3
1128 silly fetch manifest get-nonce@1.0.1
1129 silly packumentCache full:https://registry.npmjs.org/get-nonce cache-miss
1130 silly fetch manifest detect-node-es@1.1.0
1131 silly packumentCache full:https://registry.npmjs.org/detect-node-es cache-miss
1132 http fetch GET 200 https://registry.npmjs.org/get-nonce 40ms (cache miss)
1133 silly packumentCache full:https://registry.npmjs.org/get-nonce set size:undefined disposed:false
1134 http fetch GET 200 https://registry.npmjs.org/detect-node-es 40ms (cache miss)
1135 silly packumentCache full:https://registry.npmjs.org/detect-node-es set size:undefined disposed:false
1136 silly placeDep ROOT get-nonce@1.0.1 OK for: react-style-singleton@2.2.3 want: ^1.0.0
1137 silly fetch manifest react@^16.0.0 || ^17.0.0 || ^18.0.0 || ^19.0.0
1138 silly packumentCache full:https://registry.npmjs.org/react cache-miss
1139 http cache https://registry.npmjs.org/react 8ms (cache hit)
1140 silly packumentCache full:https://registry.npmjs.org/react set size:6659694 disposed:false
1141 silly fetch manifest react-dom@^16.0.0 || ^17.0.0 || ^18.0.0 || ^19.0.0
1142 silly packumentCache full:https://registry.npmjs.org/react-dom cache-miss
1143 http cache https://registry.npmjs.org/react-dom 11ms (cache hit)
1144 silly packumentCache full:https://registry.npmjs.org/react-dom set size:8883524 disposed:false
1145 silly placeDep ROOT eventemitter3@4.0.7 OK for: recharts@2.15.4 want: ^4.0.1
1146 silly placeDep ROOT lodash@4.17.21 OK for: recharts@2.15.4 want: ^4.17.21
1147 silly placeDep ROOT react-is@18.3.1 OK for: recharts@2.15.4 want: ^18.3.1
1148 silly placeDep ROOT react-smooth@4.0.4 OK for: recharts@2.15.4 want: ^4.0.4
1149 silly placeDep ROOT recharts-scale@0.4.5 OK for: recharts@2.15.4 want: ^0.4.4
1150 silly placeDep ROOT tiny-invariant@1.3.3 OK for: recharts@2.15.4 want: ^1.3.1
1151 silly placeDep ROOT victory-vendor@36.9.2 OK for: recharts@2.15.4 want: ^36.6.8
1152 silly fetch manifest fast-equals@5.2.2
1153 silly packumentCache full:https://registry.npmjs.org/fast-equals cache-miss
1154 silly fetch manifest prop-types@15.8.1
1155 silly packumentCache full:https://registry.npmjs.org/prop-types cache-miss
1156 silly fetch manifest react-transition-group@4.4.5
1157 silly packumentCache full:https://registry.npmjs.org/react-transition-group cache-miss
1158 silly fetch manifest decimal.js-light@2.5.1
1159 silly packumentCache full:https://registry.npmjs.org/decimal.js-light cache-miss
1160 silly fetch manifest d3-ease@3.0.1
1161 silly packumentCache full:https://registry.npmjs.org/d3-ease cache-miss
1162 silly fetch manifest d3-time@3.1.0
1163 silly packumentCache full:https://registry.npmjs.org/d3-time cache-miss
1164 silly fetch manifest d3-array@3.2.4
1165 silly packumentCache full:https://registry.npmjs.org/d3-array cache-miss
1166 silly fetch manifest d3-scale@4.0.2
1167 silly packumentCache full:https://registry.npmjs.org/d3-scale cache-miss
1168 silly fetch manifest d3-shape@3.2.0
1169 silly packumentCache full:https://registry.npmjs.org/d3-shape cache-miss
1170 silly fetch manifest d3-timer@3.0.1
1171 silly packumentCache full:https://registry.npmjs.org/d3-timer cache-miss
1172 silly fetch manifest @types/d3-ease@3.0.2
1173 silly packumentCache full:https://registry.npmjs.org/@types%2fd3-ease cache-miss
1174 http fetch GET 200 https://registry.npmjs.org/decimal.js-light 68ms (cache miss)
1175 silly packumentCache full:https://registry.npmjs.org/decimal.js-light set size:undefined disposed:false
1176 silly fetch manifest @types/d3-time@3.0.4
1177 silly packumentCache full:https://registry.npmjs.org/@types%2fd3-time cache-miss
1178 http fetch GET 200 https://registry.npmjs.org/d3-timer 69ms (cache miss)
1179 silly packumentCache full:https://registry.npmjs.org/d3-timer set size:undefined disposed:false
1180 silly fetch manifest d3-interpolate@3.0.1
1181 silly packumentCache full:https://registry.npmjs.org/d3-interpolate cache-miss
1182 http fetch GET 200 https://registry.npmjs.org/@types%2fd3-ease 85ms (cache miss)
1183 silly packumentCache full:https://registry.npmjs.org/@types%2fd3-ease set size:undefined disposed:false
1184 silly fetch manifest @types/d3-array@3.2.1
1185 silly packumentCache full:https://registry.npmjs.org/@types%2fd3-array cache-miss
1186 http fetch GET 200 https://registry.npmjs.org/d3-ease 86ms (cache miss)
1187 silly packumentCache full:https://registry.npmjs.org/d3-ease set size:undefined disposed:false
1188 silly fetch manifest @types/d3-scale@4.0.9
1189 silly packumentCache full:https://registry.npmjs.org/@types%2fd3-scale cache-miss
1190 http fetch GET 200 https://registry.npmjs.org/prop-types 97ms (cache miss)
1191 silly packumentCache full:https://registry.npmjs.org/prop-types set size:undefined disposed:false
1192 silly fetch manifest @types/d3-shape@3.1.7
1193 silly packumentCache full:https://registry.npmjs.org/@types%2fd3-shape cache-miss
1194 http fetch GET 200 https://registry.npmjs.org/react-transition-group 98ms (cache miss)
1195 silly packumentCache full:https://registry.npmjs.org/react-transition-group set size:undefined disposed:false
1196 silly fetch manifest @types/d3-timer@3.0.2
1197 silly packumentCache full:https://registry.npmjs.org/@types%2fd3-timer cache-miss
1198 http fetch GET 200 https://registry.npmjs.org/d3-time 100ms (cache miss)
1199 silly packumentCache full:https://registry.npmjs.org/d3-time set size:undefined disposed:false
1200 silly fetch manifest @types/d3-interpolate@3.0.4
1201 silly packumentCache full:https://registry.npmjs.org/@types%2fd3-interpolate cache-miss
1202 http fetch GET 200 https://registry.npmjs.org/d3-array 116ms (cache miss)
1203 silly packumentCache full:https://registry.npmjs.org/d3-array set size:undefined disposed:false
1204 http fetch GET 200 https://registry.npmjs.org/@types%2fd3-time 48ms (cache miss)
1205 silly packumentCache full:https://registry.npmjs.org/@types%2fd3-time set size:undefined disposed:false
1206 http fetch GET 200 https://registry.npmjs.org/fast-equals 117ms (cache miss)
1207 silly packumentCache full:https://registry.npmjs.org/fast-equals set size:undefined disposed:false
1208 http fetch GET 200 https://registry.npmjs.org/d3-shape 121ms (cache miss)
1209 silly packumentCache full:https://registry.npmjs.org/d3-shape set size:undefined disposed:false
1210 http fetch GET 200 https://registry.npmjs.org/@types%2fd3-timer 56ms (cache miss)
1211 silly packumentCache full:https://registry.npmjs.org/@types%2fd3-timer set size:undefined disposed:false
1212 http fetch GET 200 https://registry.npmjs.org/@types%2fd3-interpolate 53ms (cache miss)
1213 silly packumentCache full:https://registry.npmjs.org/@types%2fd3-interpolate set size:undefined disposed:false
1214 http fetch GET 200 https://registry.npmjs.org/@types%2fd3-scale 85ms (cache miss)
1215 silly packumentCache full:https://registry.npmjs.org/@types%2fd3-scale set size:undefined disposed:false
1216 http fetch GET 200 https://registry.npmjs.org/@types%2fd3-shape 89ms (cache miss)
1217 silly packumentCache full:https://registry.npmjs.org/@types%2fd3-shape set size:undefined disposed:false
1218 http fetch GET 200 https://registry.npmjs.org/@types%2fd3-array 109ms (cache miss)
1219 silly packumentCache full:https://registry.npmjs.org/@types%2fd3-array set size:undefined disposed:false
1220 http fetch GET 200 https://registry.npmjs.org/d3-interpolate 256ms (cache miss)
1221 silly packumentCache full:https://registry.npmjs.org/d3-interpolate set size:undefined disposed:false
1222 http fetch GET 200 https://registry.npmjs.org/d3-scale 361ms (cache miss)
1223 silly packumentCache full:https://registry.npmjs.org/d3-scale set size:undefined disposed:false
1224 silly fetch manifest react@^16.8.0 || ^17.0.0 || ^18.0.0 || ^19.0.0
1225 silly packumentCache full:https://registry.npmjs.org/react cache-miss
1226 http cache https://registry.npmjs.org/react 10ms (cache hit)
1227 silly packumentCache full:https://registry.npmjs.org/react set size:6659694 disposed:false
1228 silly fetch manifest react-dom@^16.8.0 || ^17.0.0 || ^18.0.0 || ^19.0.0
1229 silly packumentCache full:https://registry.npmjs.org/react-dom cache-miss
1230 http cache https://registry.npmjs.org/react-dom 11ms (cache hit)
1231 silly packumentCache full:https://registry.npmjs.org/react-dom set size:8883524 disposed:false
1232 silly placeDep ROOT fast-equals@5.2.2 OK for: react-smooth@4.0.4 want: ^5.0.1
1233 silly placeDep ROOT prop-types@15.8.1 OK for: react-smooth@4.0.4 want: ^15.8.1
1234 silly placeDep ROOT react-transition-group@4.4.5 OK for: react-smooth@4.0.4 want: ^4.4.5
1235 silly fetch manifest object-assign@4.1.1
1236 silly packumentCache full:https://registry.npmjs.org/object-assign cache-miss
1237 silly fetch manifest react-is@16.13.1
1238 silly packumentCache full:https://registry.npmjs.org/react-is cache-miss
1239 silly fetch manifest @babel/runtime@7.27.6
1240 silly packumentCache full:https://registry.npmjs.org/@babel%2fruntime cache-miss
1241 silly fetch manifest dom-helpers@5.2.1
1242 silly packumentCache full:https://registry.npmjs.org/dom-helpers cache-miss
1243 http cache https://registry.npmjs.org/react-is 7ms (cache hit)
1244 silly packumentCache full:https://registry.npmjs.org/react-is set size:5388215 disposed:false
1245 http fetch GET 200 https://registry.npmjs.org/object-assign 184ms (cache miss)
1246 silly packumentCache full:https://registry.npmjs.org/object-assign set size:undefined disposed:false
1247 http fetch GET 200 https://registry.npmjs.org/dom-helpers 189ms (cache miss)
1248 silly packumentCache full:https://registry.npmjs.org/dom-helpers set size:undefined disposed:false
1249 http fetch GET 200 https://registry.npmjs.org/@babel%2fruntime 264ms (cache miss)
1250 silly packumentCache full:https://registry.npmjs.org/@babel%2fruntime set size:undefined disposed:false
1251 silly placeDep ROOT object-assign@4.1.1 OK for: prop-types@15.8.1 want: ^4.1.1
1252 silly placeDep node_modules/prop-types react-is@16.13.1 OK for: prop-types@15.8.1 want: ^16.13.1
1253 silly placeDep ROOT @babel/runtime@7.27.6 OK for: react-transition-group@4.4.5 want: ^7.5.5
1254 silly placeDep ROOT dom-helpers@5.2.1 OK for: react-transition-group@4.4.5 want: ^5.0.1
1255 silly fetch manifest csstype@3.1.3
1256 silly packumentCache full:https://registry.npmjs.org/csstype cache-miss
1257 http fetch GET 200 https://registry.npmjs.org/csstype 92ms (cache miss)
1258 silly packumentCache full:https://registry.npmjs.org/csstype set size:undefined disposed:false
1259 silly placeDep ROOT csstype@3.1.3 OK for: dom-helpers@5.2.1 want: ^3.0.2
1260 silly placeDep ROOT decimal.js-light@2.5.1 OK for: recharts-scale@0.4.5 want: ^2.4.1
1261 silly placeDep ROOT memory-pager@1.5.0 OK for: sparse-bitfield@3.0.3 want: ^1.0.2
1262 silly placeDep ROOT client-only@0.0.1 OK for: styled-jsx@5.1.1 want: 0.0.1
1263 silly fetch manifest ts-node@>=9.0.0
1264 silly packumentCache full:https://registry.npmjs.org/ts-node cache-miss
1265 http fetch GET 200 https://registry.npmjs.org/ts-node 154ms (cache miss)
1266 silly packumentCache full:https://registry.npmjs.org/ts-node set size:undefined disposed:false
1267 silly fetch manifest @swc/core@>=1.2.50
1268 silly packumentCache full:https://registry.npmjs.org/@swc%2fcore cache-miss
1269 http fetch GET 200 https://registry.npmjs.org/@swc%2fcore 845ms (cache miss)
1270 silly packumentCache full:https://registry.npmjs.org/@swc%2fcore set size:undefined disposed:false
1271 silly fetch manifest @swc/helpers@>=0.5.17
1272 silly packumentCache full:https://registry.npmjs.org/@swc%2fhelpers cache-miss
1273 http cache https://registry.npmjs.org/@swc%2fhelpers 2ms (cache hit)
1274 silly packumentCache full:https://registry.npmjs.org/@swc%2fhelpers set size:775458 disposed:false
1275 silly fetch manifest @swc/wasm@>=1.2.50
1276 silly packumentCache full:https://registry.npmjs.org/@swc%2fwasm cache-miss
1277 http fetch GET 200 https://registry.npmjs.org/@swc%2fwasm 570ms (cache miss)
1278 silly packumentCache full:https://registry.npmjs.org/@swc%2fwasm set size:undefined disposed:false
1279 silly fetch manifest @types/node@*
1280 silly packumentCache full:https://registry.npmjs.org/@types%2fnode cache-miss
1281 http fetch GET 200 https://registry.npmjs.org/@types%2fnode 1471ms (cache miss)
1282 silly packumentCache full:https://registry.npmjs.org/@types%2fnode set size:undefined disposed:false
1283 silly fetch manifest typescript@>=2.7
1284 silly packumentCache full:https://registry.npmjs.org/typescript cache-miss
1285 http fetch GET 200 https://registry.npmjs.org/typescript 1532ms (cache miss)
1286 silly packumentCache full:https://registry.npmjs.org/typescript set size:undefined disposed:false
1287 silly placeDep ROOT @alloc/quick-lru@5.2.0 OK for: tailwindcss@3.4.17 want: ^5.2.0
1288 silly placeDep ROOT arg@5.0.2 OK for: tailwindcss@3.4.17 want: ^5.0.2
1289 silly placeDep ROOT chokidar@3.6.0 OK for: tailwindcss@3.4.17 want: ^3.6.0
1290 silly placeDep ROOT didyoumean@1.2.2 OK for: tailwindcss@3.4.17 want: ^1.2.2
1291 silly placeDep ROOT dlv@1.1.3 OK for: tailwindcss@3.4.17 want: ^1.1.3
1292 silly placeDep ROOT fast-glob@3.3.3 OK for: tailwindcss@3.4.17 want: ^3.3.2
1293 silly placeDep ROOT glob-parent@6.0.2 OK for: tailwindcss@3.4.17 want: ^6.0.2
1294 silly placeDep ROOT is-glob@4.0.3 OK for: tailwindcss@3.4.17 want: ^4.0.3
1295 silly placeDep ROOT jiti@1.21.7 OK for: tailwindcss@3.4.17 want: ^1.21.6
1296 silly placeDep ROOT lilconfig@3.1.3 OK for: tailwindcss@3.4.17 want: ^3.1.3
1297 silly placeDep ROOT micromatch@4.0.8 OK for: tailwindcss@3.4.17 want: ^4.0.8
1298 silly placeDep ROOT normalize-path@3.0.0 OK for: tailwindcss@3.4.17 want: ^3.0.0
1299 silly placeDep ROOT object-hash@3.0.0 OK for: tailwindcss@3.4.17 want: ^3.0.0
1300 silly placeDep ROOT postcss-import@15.1.0 OK for: tailwindcss@3.4.17 want: ^15.1.0
1301 silly placeDep ROOT postcss-js@4.0.1 OK for: tailwindcss@3.4.17 want: ^4.0.1
1302 silly placeDep node_modules/tailwindcss postcss-load-config@4.0.2 OK for: tailwindcss@3.4.17 want: ^4.0.2
1303 silly placeDep ROOT postcss-nested@6.2.0 OK for: tailwindcss@3.4.17 want: ^6.2.0
1304 silly placeDep ROOT postcss-selector-parser@6.1.2 OK for: tailwindcss@3.4.17 want: ^6.1.2
1305 silly placeDep ROOT resolve@1.22.10 OK for: tailwindcss@3.4.17 want: ^1.22.8
1306 silly placeDep ROOT sucrase@3.35.0 OK for: tailwindcss@3.4.17 want: ^3.35.0
1307 silly fetch manifest braces@3.0.3
1308 silly packumentCache full:https://registry.npmjs.org/braces cache-miss
1309 silly fetch manifest anymatch@3.1.3
1310 silly packumentCache full:https://registry.npmjs.org/anymatch cache-miss
1311 silly fetch manifest readdirp@3.6.0
1312 silly packumentCache full:https://registry.npmjs.org/readdirp cache-miss
1313 silly fetch manifest glob-parent@5.1.2
1314 silly packumentCache full:https://registry.npmjs.org/glob-parent cache-miss
1315 silly fetch manifest is-binary-path@2.1.0
1316 silly packumentCache full:https://registry.npmjs.org/is-binary-path cache-miss
1317 silly fetch manifest fsevents@2.3.3
1318 silly packumentCache full:https://registry.npmjs.org/fsevents cache-miss
1319 silly fetch manifest @nodelib/fs.stat@2.0.5
1320 silly packumentCache full:https://registry.npmjs.org/@nodelib%2ffs.stat cache-miss
1321 silly fetch manifest @nodelib/fs.walk@1.2.8
1322 silly packumentCache full:https://registry.npmjs.org/@nodelib%2ffs.walk cache-miss
1323 silly fetch manifest glob-parent@5.1.2
1324 silly packumentCache full:https://registry.npmjs.org/glob-parent cache-miss
1325 silly fetch manifest merge2@1.4.1
1326 silly packumentCache full:https://registry.npmjs.org/merge2 cache-miss
1327 silly fetch manifest is-extglob@2.1.1
1328 silly packumentCache full:https://registry.npmjs.org/is-extglob cache-miss
1329 http cache https://registry.npmjs.org/glob-parent 5ms (cache hit)
1330 silly packumentCache full:https://registry.npmjs.org/glob-parent set size:42445 disposed:false
1331 silly fetch manifest braces@3.0.3
1332 silly packumentCache full:https://registry.npmjs.org/braces cache-miss
1333 http cache https://registry.npmjs.org/glob-parent 6ms (cache hit)
1334 silly packumentCache full:https://registry.npmjs.org/glob-parent set size:42445 disposed:false
1335 silly packumentCache full:https://registry.npmjs.org/glob-parent dispose
1336 silly fetch manifest picomatch@2.3.1
1337 silly packumentCache full:https://registry.npmjs.org/picomatch cache-miss
1338 http fetch GET 200 https://registry.npmjs.org/is-extglob 35ms (cache miss)
1339 silly packumentCache full:https://registry.npmjs.org/is-extglob set size:undefined disposed:false
1340 silly fetch manifest read-cache@1.0.0
1341 silly packumentCache full:https://registry.npmjs.org/read-cache cache-miss
1342 http fetch GET 200 https://registry.npmjs.org/anymatch 44ms (cache miss)
1343 silly packumentCache full:https://registry.npmjs.org/anymatch set size:undefined disposed:false
1344 silly fetch manifest camelcase-css@2.0.1
1345 silly packumentCache full:https://registry.npmjs.org/camelcase-css cache-miss
1346 http fetch GET 200 https://registry.npmjs.org/braces 49ms (cache miss)
1347 silly packumentCache full:https://registry.npmjs.org/braces set size:undefined disposed:false
1348 silly fetch manifest yaml@2.8.0
1349 silly packumentCache full:https://registry.npmjs.org/yaml cache-miss
1350 http fetch GET 200 https://registry.npmjs.org/picomatch 44ms (cache miss)
1351 silly packumentCache full:https://registry.npmjs.org/picomatch set size:undefined disposed:false
1352 silly fetch manifest cssesc@3.0.0
1353 silly packumentCache full:https://registry.npmjs.org/cssesc cache-miss
1354 http fetch GET 200 https://registry.npmjs.org/braces 52ms (cache miss)
1355 silly packumentCache full:https://registry.npmjs.org/braces set size:undefined disposed:false
1356 silly fetch manifest util-deprecate@1.0.2
1357 silly packumentCache full:https://registry.npmjs.org/util-deprecate cache-miss
1358 http fetch GET 200 https://registry.npmjs.org/fsevents 62ms (cache miss)
1359 silly packumentCache full:https://registry.npmjs.org/fsevents set size:undefined disposed:false
1360 silly fetch manifest path-parse@1.0.7
1361 silly packumentCache full:https://registry.npmjs.org/path-parse cache-miss
1362 http fetch GET 200 https://registry.npmjs.org/readdirp 66ms (cache miss)
1363 silly packumentCache full:https://registry.npmjs.org/readdirp set size:undefined disposed:false
1364 silly fetch manifest is-core-module@2.16.1
1365 silly packumentCache full:https://registry.npmjs.org/is-core-module cache-miss
1366 http fetch GET 200 https://registry.npmjs.org/@nodelib%2ffs.walk 67ms (cache miss)
1367 silly packumentCache full:https://registry.npmjs.org/@nodelib%2ffs.walk set size:undefined disposed:false
1368 silly fetch manifest supports-preserve-symlinks-flag@1.0.0
1369 silly packumentCache full:https://registry.npmjs.org/supports-preserve-symlinks-flag cache-miss
1370 http fetch GET 200 https://registry.npmjs.org/@nodelib%2ffs.stat 68ms (cache miss)
1371 silly packumentCache full:https://registry.npmjs.org/@nodelib%2ffs.stat set size:undefined disposed:false
1372 silly fetch manifest mz@2.7.0
1373 silly packumentCache full:https://registry.npmjs.org/mz cache-miss
1374 http fetch GET 200 https://registry.npmjs.org/read-cache 33ms (cache miss)
1375 silly packumentCache full:https://registry.npmjs.org/read-cache set size:undefined disposed:false
1376 silly fetch manifest glob@10.4.5
1377 silly packumentCache full:https://registry.npmjs.org/glob cache-miss
1378 http fetch GET 200 https://registry.npmjs.org/cssesc 38ms (cache miss)
1379 silly packumentCache full:https://registry.npmjs.org/cssesc set size:undefined disposed:false
1380 silly fetch manifest pirates@4.0.7
1381 silly packumentCache full:https://registry.npmjs.org/pirates cache-miss
1382 http fetch GET 200 https://registry.npmjs.org/util-deprecate 38ms (cache miss)
1383 silly packumentCache full:https://registry.npmjs.org/util-deprecate set size:undefined disposed:false
1384 silly fetch manifest commander@4.1.1
1385 silly packumentCache full:https://registry.npmjs.org/commander cache-miss
1386 http fetch GET 200 https://registry.npmjs.org/path-parse 38ms (cache miss)
1387 silly packumentCache full:https://registry.npmjs.org/path-parse set size:undefined disposed:false
1388 silly fetch manifest lines-and-columns@1.2.4
1389 silly packumentCache full:https://registry.npmjs.org/lines-and-columns cache-miss
1390 http fetch GET 200 https://registry.npmjs.org/supports-preserve-symlinks-flag 37ms (cache miss)
1391 silly packumentCache full:https://registry.npmjs.org/supports-preserve-symlinks-flag set size:undefined disposed:false
1392 silly fetch manifest ts-interface-checker@0.1.13
1393 silly packumentCache full:https://registry.npmjs.org/ts-interface-checker cache-miss
1394 http fetch GET 200 https://registry.npmjs.org/is-core-module 54ms (cache miss)
1395 silly packumentCache full:https://registry.npmjs.org/is-core-module set size:undefined disposed:false
1396 silly fetch manifest @jridgewell/gen-mapping@0.3.12
1397 silly packumentCache full:https://registry.npmjs.org/@jridgewell%2fgen-mapping cache-miss
1398 http fetch GET 200 https://registry.npmjs.org/yaml 78ms (cache miss)
1399 silly packumentCache full:https://registry.npmjs.org/yaml set size:undefined disposed:false
1400 http fetch GET 200 https://registry.npmjs.org/pirates 43ms (cache miss)
1401 silly packumentCache full:https://registry.npmjs.org/pirates set size:undefined disposed:false
1402 http fetch GET 200 https://registry.npmjs.org/lines-and-columns 46ms (cache miss)
1403 silly packumentCache full:https://registry.npmjs.org/lines-and-columns set size:undefined disposed:false
1404 http fetch GET 200 https://registry.npmjs.org/is-binary-path 252ms (cache miss)
1405 silly packumentCache full:https://registry.npmjs.org/is-binary-path set size:undefined disposed:false
1406 http fetch GET 200 https://registry.npmjs.org/merge2 278ms (cache miss)
1407 silly packumentCache full:https://registry.npmjs.org/merge2 set size:undefined disposed:false
1408 http fetch GET 200 https://registry.npmjs.org/camelcase-css 240ms (cache miss)
1409 silly packumentCache full:https://registry.npmjs.org/camelcase-css set size:undefined disposed:false
1410 http fetch GET 200 https://registry.npmjs.org/mz 240ms (cache miss)
1411 silly packumentCache full:https://registry.npmjs.org/mz set size:undefined disposed:false
1412 http fetch GET 200 https://registry.npmjs.org/@jridgewell%2fgen-mapping 196ms (cache miss)
1413 silly packumentCache full:https://registry.npmjs.org/@jridgewell%2fgen-mapping set size:undefined disposed:false
1414 http fetch GET 200 https://registry.npmjs.org/commander 275ms (cache miss)
1415 silly packumentCache full:https://registry.npmjs.org/commander set size:undefined disposed:false
1416 http fetch GET 200 https://registry.npmjs.org/ts-interface-checker 412ms (cache miss)
1417 silly packumentCache full:https://registry.npmjs.org/ts-interface-checker set size:undefined disposed:false
1418 http fetch GET 200 https://registry.npmjs.org/glob 471ms (cache miss)
1419 silly packumentCache full:https://registry.npmjs.org/glob set size:undefined disposed:false
1420 silly placeDep ROOT anymatch@3.1.3 OK for: chokidar@3.6.0 want: ~3.1.2
1421 silly placeDep ROOT braces@3.0.3 OK for: chokidar@3.6.0 want: ~3.0.2
1422 silly placeDep ROOT fsevents@2.3.3 OK for: chokidar@3.6.0 want: ~2.3.2
1423 silly placeDep node_modules/chokidar glob-parent@5.1.2 OK for: chokidar@3.6.0 want: ~5.1.2
1424 silly placeDep ROOT is-binary-path@2.1.0 OK for: chokidar@3.6.0 want: ~2.1.0
1425 silly placeDep ROOT readdirp@3.6.0 OK for: chokidar@3.6.0 want: ~3.6.0
1426 silly fetch manifest fill-range@7.1.1
1427 silly packumentCache full:https://registry.npmjs.org/fill-range cache-miss
1428 silly fetch manifest binary-extensions@2.3.0
1429 silly packumentCache full:https://registry.npmjs.org/binary-extensions cache-miss
1430 http fetch GET 200 https://registry.npmjs.org/binary-extensions 39ms (cache miss)
1431 silly packumentCache full:https://registry.npmjs.org/binary-extensions set size:undefined disposed:false
1432 http fetch GET 200 https://registry.npmjs.org/fill-range 46ms (cache miss)
1433 silly packumentCache full:https://registry.npmjs.org/fill-range set size:undefined disposed:false
1434 silly placeDep ROOT picomatch@2.3.1 OK for: anymatch@3.1.3 want: ^2.0.4
1435 silly placeDep ROOT fill-range@7.1.1 OK for: braces@3.0.3 want: ^7.1.1
1436 silly fetch manifest to-regex-range@5.0.1
1437 silly packumentCache full:https://registry.npmjs.org/to-regex-range cache-miss
1438 http fetch GET 200 https://registry.npmjs.org/to-regex-range 40ms (cache miss)
1439 silly packumentCache full:https://registry.npmjs.org/to-regex-range set size:undefined disposed:false
1440 silly placeDep ROOT @nodelib/fs.stat@2.0.5 OK for: fast-glob@3.3.3 want: ^2.0.2
1441 silly placeDep ROOT @nodelib/fs.walk@1.2.8 OK for: fast-glob@3.3.3 want: ^1.2.3
1442 silly placeDep node_modules/fast-glob glob-parent@5.1.2 OK for: fast-glob@3.3.3 want: ^5.1.2
1443 silly placeDep ROOT merge2@1.4.1 OK for: fast-glob@3.3.3 want: ^1.3.0
1444 silly fetch manifest fastq@1.19.1
1445 silly packumentCache full:https://registry.npmjs.org/fastq cache-miss
1446 silly fetch manifest @nodelib/fs.scandir@2.1.5
1447 silly packumentCache full:https://registry.npmjs.org/@nodelib%2ffs.scandir cache-miss
1448 http fetch GET 200 https://registry.npmjs.org/fastq 203ms (cache miss)
1449 silly packumentCache full:https://registry.npmjs.org/fastq set size:undefined disposed:false
1450 http fetch GET 200 https://registry.npmjs.org/@nodelib%2ffs.scandir 366ms (cache miss)
1451 silly packumentCache full:https://registry.npmjs.org/@nodelib%2ffs.scandir set size:undefined disposed:false
1452 silly placeDep ROOT @nodelib/fs.scandir@2.1.5 OK for: @nodelib/fs.walk@1.2.8 want: 2.1.5
1453 silly placeDep ROOT fastq@1.19.1 OK for: @nodelib/fs.walk@1.2.8 want: ^1.6.0
1454 silly fetch manifest run-parallel@1.2.0
1455 silly packumentCache full:https://registry.npmjs.org/run-parallel cache-miss
1456 silly fetch manifest reusify@1.1.0
1457 silly packumentCache full:https://registry.npmjs.org/reusify cache-miss
1458 http fetch GET 200 https://registry.npmjs.org/reusify 37ms (cache miss)
1459 silly packumentCache full:https://registry.npmjs.org/reusify set size:undefined disposed:false
1460 http fetch GET 200 https://registry.npmjs.org/run-parallel 44ms (cache miss)
1461 silly packumentCache full:https://registry.npmjs.org/run-parallel set size:undefined disposed:false
1462 silly placeDep ROOT run-parallel@1.2.0 OK for: @nodelib/fs.scandir@2.1.5 want: ^1.1.9
1463 silly fetch manifest queue-microtask@1.2.3
1464 silly packumentCache full:https://registry.npmjs.org/queue-microtask cache-miss
1465 http fetch GET 200 https://registry.npmjs.org/queue-microtask 53ms (cache miss)
1466 silly packumentCache full:https://registry.npmjs.org/queue-microtask set size:undefined disposed:false
1467 silly placeDep ROOT reusify@1.1.0 OK for: fastq@1.19.1 want: ^1.0.4
1468 silly placeDep ROOT to-regex-range@5.0.1 OK for: fill-range@7.1.1 want: ^5.0.1
1469 silly fetch manifest is-number@7.0.0
1470 silly packumentCache full:https://registry.npmjs.org/is-number cache-miss
1471 http fetch GET 200 https://registry.npmjs.org/is-number 45ms (cache miss)
1472 silly packumentCache full:https://registry.npmjs.org/is-number set size:undefined disposed:false
1473 silly placeDep ROOT binary-extensions@2.3.0 OK for: is-binary-path@2.1.0 want: ^2.0.0
1474 silly placeDep ROOT is-extglob@2.1.1 OK for: is-glob@4.0.3 want: ^2.1.1
1475 silly placeDep ROOT read-cache@1.0.0 OK for: postcss-import@15.1.0 want: ^1.0.0
1476 silly fetch manifest pify@2.3.0
1477 silly packumentCache full:https://registry.npmjs.org/pify cache-miss
1478 http fetch GET 200 https://registry.npmjs.org/pify 44ms (cache miss)
1479 silly packumentCache full:https://registry.npmjs.org/pify set size:undefined disposed:false
1480 silly placeDep ROOT camelcase-css@2.0.1 OK for: postcss-js@4.0.1 want: ^2.0.1
1481 silly placeDep ROOT cssesc@3.0.0 OK for: postcss-selector-parser@6.1.2 want: ^3.0.0
1482 silly placeDep ROOT util-deprecate@1.0.2 OK for: postcss-selector-parser@6.1.2 want: ^1.0.2
1483 silly placeDep ROOT pify@2.3.0 OK for: read-cache@1.0.0 want: ^2.3.0
1484 silly placeDep ROOT is-core-module@2.16.1 OK for: resolve@1.22.10 want: ^2.16.0
1485 silly placeDep ROOT path-parse@1.0.7 OK for: resolve@1.22.10 want: ^1.0.7
1486 silly placeDep ROOT supports-preserve-symlinks-flag@1.0.0 OK for: resolve@1.22.10 want: ^1.0.0
1487 silly placeDep ROOT queue-microtask@1.2.3 OK for: run-parallel@1.2.0 want: ^1.2.2
1488 silly placeDep ROOT @jridgewell/gen-mapping@0.3.12 OK for: sucrase@3.35.0 want: ^0.3.2
1489 silly placeDep ROOT commander@4.1.1 OK for: sucrase@3.35.0 want: ^4.0.0
1490 silly placeDep ROOT glob@10.4.5 OK for: sucrase@3.35.0 want: ^10.3.10
1491 silly placeDep ROOT lines-and-columns@1.2.4 OK for: sucrase@3.35.0 want: ^1.1.6
1492 silly placeDep ROOT mz@2.7.0 OK for: sucrase@3.35.0 want: ^2.7.0
1493 silly placeDep ROOT pirates@4.0.7 OK for: sucrase@3.35.0 want: ^4.0.1
1494 silly placeDep ROOT ts-interface-checker@0.1.13 OK for: sucrase@3.35.0 want: ^0.1.9
1495 silly fetch manifest @jridgewell/trace-mapping@0.3.29
1496 silly packumentCache full:https://registry.npmjs.org/@jridgewell%2ftrace-mapping cache-miss
1497 silly fetch manifest @jridgewell/sourcemap-codec@1.5.4
1498 silly packumentCache full:https://registry.npmjs.org/@jridgewell%2fsourcemap-codec cache-miss
1499 silly fetch manifest minipass@7.1.2
1500 silly packumentCache full:https://registry.npmjs.org/minipass cache-miss
1501 silly fetch manifest jackspeak@3.4.3
1502 silly packumentCache full:https://registry.npmjs.org/jackspeak cache-miss
1503 silly fetch manifest minimatch@9.0.5
1504 silly packumentCache full:https://registry.npmjs.org/minimatch cache-miss
1505 silly fetch manifest path-scurry@1.11.1
1506 silly packumentCache full:https://registry.npmjs.org/path-scurry cache-miss
1507 silly fetch manifest foreground-child@3.3.1
1508 silly packumentCache full:https://registry.npmjs.org/foreground-child cache-miss
1509 silly fetch manifest package-json-from-dist@1.0.1
1510 silly packumentCache full:https://registry.npmjs.org/package-json-from-dist cache-miss
1511 silly fetch manifest any-promise@1.3.0
1512 silly packumentCache full:https://registry.npmjs.org/any-promise cache-miss
1513 silly fetch manifest thenify-all@1.6.0
1514 silly packumentCache full:https://registry.npmjs.org/thenify-all cache-miss
1515 http fetch GET 200 https://registry.npmjs.org/package-json-from-dist 109ms (cache miss)
1516 silly packumentCache full:https://registry.npmjs.org/package-json-from-dist set size:undefined disposed:false
1517 http fetch GET 200 https://registry.npmjs.org/thenify-all 117ms (cache miss)
1518 silly packumentCache full:https://registry.npmjs.org/thenify-all set size:undefined disposed:false
1519 http fetch GET 200 https://registry.npmjs.org/@jridgewell%2fsourcemap-codec 119ms (cache miss)
1520 silly packumentCache full:https://registry.npmjs.org/@jridgewell%2fsourcemap-codec set size:undefined disposed:false
1521 http fetch GET 200 https://registry.npmjs.org/foreground-child 118ms (cache miss)
1522 silly packumentCache full:https://registry.npmjs.org/foreground-child set size:undefined disposed:false
1523 http fetch GET 200 https://registry.npmjs.org/any-promise 123ms (cache miss)
1524 silly packumentCache full:https://registry.npmjs.org/any-promise set size:undefined disposed:false
1525 http fetch GET 200 https://registry.npmjs.org/path-scurry 129ms (cache miss)
1526 silly packumentCache full:https://registry.npmjs.org/path-scurry set size:undefined disposed:false
1527 http fetch GET 200 https://registry.npmjs.org/jackspeak 138ms (cache miss)
1528 silly packumentCache full:https://registry.npmjs.org/jackspeak set size:undefined disposed:false
1529 http fetch GET 200 https://registry.npmjs.org/@jridgewell%2ftrace-mapping 150ms (cache miss)
1530 silly packumentCache full:https://registry.npmjs.org/@jridgewell%2ftrace-mapping set size:undefined disposed:false
1531 http fetch GET 200 https://registry.npmjs.org/minipass 152ms (cache miss)
1532 silly packumentCache full:https://registry.npmjs.org/minipass set size:undefined disposed:false
1533 http fetch GET 200 https://registry.npmjs.org/minimatch 263ms (cache miss)
1534 silly packumentCache full:https://registry.npmjs.org/minimatch set size:undefined disposed:false
1535 silly placeDep ROOT @jridgewell/sourcemap-codec@1.5.4 OK for: @jridgewell/gen-mapping@0.3.12 want: ^1.5.0
1536 silly placeDep ROOT @jridgewell/trace-mapping@0.3.29 OK for: @jridgewell/gen-mapping@0.3.12 want: ^0.3.24
1537 silly fetch manifest @jridgewell/resolve-uri@3.1.2
1538 silly packumentCache full:https://registry.npmjs.org/@jridgewell%2fresolve-uri cache-miss
1539 http fetch GET 200 https://registry.npmjs.org/@jridgewell%2fresolve-uri 56ms (cache miss)
1540 silly packumentCache full:https://registry.npmjs.org/@jridgewell%2fresolve-uri set size:undefined disposed:false
1541 silly placeDep ROOT @jridgewell/resolve-uri@3.1.2 OK for: @jridgewell/trace-mapping@0.3.29 want: ^3.1.0
1542 silly placeDep ROOT foreground-child@3.3.1 OK for: glob@10.4.5 want: ^3.1.0
1543 silly placeDep ROOT jackspeak@3.4.3 OK for: glob@10.4.5 want: ^3.1.2
1544 silly placeDep ROOT minimatch@9.0.5 OK for: glob@10.4.5 want: ^9.0.4
1545 silly placeDep ROOT minipass@7.1.2 OK for: glob@10.4.5 want: ^7.1.2
1546 silly placeDep ROOT package-json-from-dist@1.0.1 OK for: glob@10.4.5 want: ^1.0.0
1547 silly placeDep ROOT path-scurry@1.11.1 OK for: glob@10.4.5 want: ^1.11.1
1548 silly fetch manifest cross-spawn@7.0.6
1549 silly packumentCache full:https://registry.npmjs.org/cross-spawn cache-miss
1550 silly fetch manifest signal-exit@4.1.0
1551 silly packumentCache full:https://registry.npmjs.org/signal-exit cache-miss
1552 silly fetch manifest @isaacs/cliui@8.0.2
1553 silly packumentCache full:https://registry.npmjs.org/@isaacs%2fcliui cache-miss
1554 silly fetch manifest @pkgjs/parseargs@0.11.0
1555 silly packumentCache full:https://registry.npmjs.org/@pkgjs%2fparseargs cache-miss
1556 silly fetch manifest brace-expansion@2.0.2
1557 silly packumentCache full:https://registry.npmjs.org/brace-expansion cache-miss
1558 silly fetch manifest lru-cache@10.4.3
1559 silly packumentCache full:https://registry.npmjs.org/lru-cache cache-miss
1560 http fetch GET 200 https://registry.npmjs.org/@isaacs%2fcliui 43ms (cache miss)
1561 silly packumentCache full:https://registry.npmjs.org/@isaacs%2fcliui set size:undefined disposed:false
1562 http fetch GET 200 https://registry.npmjs.org/signal-exit 51ms (cache miss)
1563 silly packumentCache full:https://registry.npmjs.org/signal-exit set size:undefined disposed:false
1564 http fetch GET 200 https://registry.npmjs.org/cross-spawn 52ms (cache miss)
1565 silly packumentCache full:https://registry.npmjs.org/cross-spawn set size:undefined disposed:false
1566 http fetch GET 200 https://registry.npmjs.org/brace-expansion 54ms (cache miss)
1567 silly packumentCache full:https://registry.npmjs.org/brace-expansion set size:undefined disposed:false
1568 http fetch GET 200 https://registry.npmjs.org/@pkgjs%2fparseargs 56ms (cache miss)
1569 silly packumentCache full:https://registry.npmjs.org/@pkgjs%2fparseargs set size:undefined disposed:false
1570 http fetch GET 200 https://registry.npmjs.org/lru-cache 113ms (cache miss)
1571 silly packumentCache full:https://registry.npmjs.org/lru-cache set size:undefined disposed:false
1572 silly placeDep ROOT cross-spawn@7.0.6 OK for: foreground-child@3.3.1 want: ^7.0.6
1573 silly placeDep ROOT signal-exit@4.1.0 OK for: foreground-child@3.3.1 want: ^4.0.1
1574 silly fetch manifest which@2.0.2
1575 silly packumentCache full:https://registry.npmjs.org/which cache-miss
1576 silly fetch manifest path-key@3.1.1
1577 silly packumentCache full:https://registry.npmjs.org/path-key cache-miss
1578 silly fetch manifest shebang-command@2.0.0
1579 silly packumentCache full:https://registry.npmjs.org/shebang-command cache-miss
1580 http fetch GET 200 https://registry.npmjs.org/shebang-command 37ms (cache miss)
1581 silly packumentCache full:https://registry.npmjs.org/shebang-command set size:undefined disposed:false
1582 http fetch GET 200 https://registry.npmjs.org/path-key 41ms (cache miss)
1583 silly packumentCache full:https://registry.npmjs.org/path-key set size:undefined disposed:false
1584 http fetch GET 200 https://registry.npmjs.org/which 47ms (cache miss)
1585 silly packumentCache full:https://registry.npmjs.org/which set size:undefined disposed:false
1586 silly placeDep ROOT path-key@3.1.1 OK for: cross-spawn@7.0.6 want: ^3.1.0
1587 silly placeDep ROOT shebang-command@2.0.0 OK for: cross-spawn@7.0.6 want: ^2.0.0
1588 silly placeDep ROOT which@2.0.2 OK for: cross-spawn@7.0.6 want: ^2.0.1
1589 silly fetch manifest shebang-regex@3.0.0
1590 silly packumentCache full:https://registry.npmjs.org/shebang-regex cache-miss
1591 silly fetch manifest isexe@2.0.0
1592 silly packumentCache full:https://registry.npmjs.org/isexe cache-miss
1593 http fetch GET 200 https://registry.npmjs.org/shebang-regex 114ms (cache miss)
1594 silly packumentCache full:https://registry.npmjs.org/shebang-regex set size:undefined disposed:false
1595 http fetch GET 200 https://registry.npmjs.org/isexe 166ms (cache miss)
1596 silly packumentCache full:https://registry.npmjs.org/isexe set size:undefined disposed:false
1597 silly placeDep ROOT @isaacs/cliui@8.0.2 OK for: jackspeak@3.4.3 want: ^8.0.2
1598 silly placeDep ROOT @pkgjs/parseargs@0.11.0 OK for: jackspeak@3.4.3 want: ^0.11.0
1599 silly fetch manifest wrap-ansi@8.1.0
1600 silly packumentCache full:https://registry.npmjs.org/wrap-ansi cache-miss
1601 silly fetch manifest strip-ansi@7.1.0
1602 silly packumentCache full:https://registry.npmjs.org/strip-ansi cache-miss
1603 silly fetch manifest string-width@5.1.2
1604 silly packumentCache full:https://registry.npmjs.org/string-width cache-miss
1605 silly fetch manifest wrap-ansi-cjs@npm:wrap-ansi@7.0.0
1606 silly packumentCache full:https://registry.npmjs.org/wrap-ansi cache-miss
1607 silly fetch manifest strip-ansi-cjs@npm:strip-ansi@6.0.1
1608 silly packumentCache full:https://registry.npmjs.org/strip-ansi cache-miss
1609 silly fetch manifest string-width-cjs@npm:string-width@4.2.3
1610 silly packumentCache full:https://registry.npmjs.org/string-width cache-miss
1611 http fetch GET 200 https://registry.npmjs.org/wrap-ansi 42ms (cache miss)
1612 silly packumentCache full:https://registry.npmjs.org/wrap-ansi set size:undefined disposed:false
1613 http fetch GET 200 https://registry.npmjs.org/string-width 44ms (cache miss)
1614 silly packumentCache full:https://registry.npmjs.org/string-width set size:undefined disposed:false
1615 http fetch GET 200 https://registry.npmjs.org/strip-ansi 46ms (cache miss)
1616 silly packumentCache full:https://registry.npmjs.org/strip-ansi set size:undefined disposed:false
1617 http fetch GET 200 https://registry.npmjs.org/string-width 52ms (cache miss)
1618 silly packumentCache full:https://registry.npmjs.org/string-width set size:undefined disposed:false
1619 http fetch GET 200 https://registry.npmjs.org/strip-ansi 51ms (cache miss)
1620 silly packumentCache full:https://registry.npmjs.org/strip-ansi set size:undefined disposed:false
1621 http fetch GET 200 https://registry.npmjs.org/wrap-ansi 53ms (cache miss)
1622 silly packumentCache full:https://registry.npmjs.org/wrap-ansi set size:undefined disposed:false
1623 silly placeDep ROOT string-width@5.1.2 OK for: @isaacs/cliui@8.0.2 want: ^5.1.2
1624 silly placeDep ROOT string-width-cjs@4.2.3 OK for: @isaacs/cliui@8.0.2 want: npm:string-width@^4.2.0
1625 silly placeDep ROOT strip-ansi@7.1.0 OK for: @isaacs/cliui@8.0.2 want: ^7.0.1
1626 silly placeDep ROOT strip-ansi-cjs@6.0.1 OK for: @isaacs/cliui@8.0.2 want: npm:strip-ansi@^6.0.1
1627 silly placeDep ROOT wrap-ansi@8.1.0 OK for: @isaacs/cliui@8.0.2 want: ^8.1.0
1628 silly placeDep ROOT wrap-ansi-cjs@7.0.0 OK for: @isaacs/cliui@8.0.2 want: npm:wrap-ansi@^7.0.0
1629 silly fetch manifest emoji-regex@9.2.2
1630 silly packumentCache full:https://registry.npmjs.org/emoji-regex cache-miss
1631 silly fetch manifest eastasianwidth@0.2.0
1632 silly packumentCache full:https://registry.npmjs.org/eastasianwidth cache-miss
1633 silly fetch manifest strip-ansi@6.0.1
1634 silly packumentCache full:https://registry.npmjs.org/strip-ansi cache-miss
1635 silly fetch manifest emoji-regex@8.0.0
1636 silly packumentCache full:https://registry.npmjs.org/emoji-regex cache-miss
1637 silly fetch manifest is-fullwidth-code-point@3.0.0
1638 silly packumentCache full:https://registry.npmjs.org/is-fullwidth-code-point cache-miss
1639 silly fetch manifest ansi-regex@6.1.0
1640 silly packumentCache full:https://registry.npmjs.org/ansi-regex cache-miss
1641 silly fetch manifest ansi-regex@5.0.1
1642 silly packumentCache full:https://registry.npmjs.org/ansi-regex cache-miss
1643 silly fetch manifest ansi-styles@6.2.1
1644 silly packumentCache full:https://registry.npmjs.org/ansi-styles cache-miss
1645 silly fetch manifest strip-ansi@6.0.1
1646 silly packumentCache full:https://registry.npmjs.org/strip-ansi cache-miss
1647 silly fetch manifest ansi-styles@4.3.0
1648 silly packumentCache full:https://registry.npmjs.org/ansi-styles cache-miss
1649 silly fetch manifest string-width@4.2.3
1650 silly packumentCache full:https://registry.npmjs.org/string-width cache-miss
1651 http cache https://registry.npmjs.org/strip-ansi 4ms (cache hit)
1652 silly packumentCache full:https://registry.npmjs.org/strip-ansi set size:44998 disposed:false
1653 http cache https://registry.npmjs.org/string-width 3ms (cache hit)
1654 silly packumentCache full:https://registry.npmjs.org/string-width set size:70381 disposed:false
1655 http cache https://registry.npmjs.org/strip-ansi 5ms (cache hit)
1656 silly packumentCache full:https://registry.npmjs.org/strip-ansi set size:44998 disposed:false
1657 silly packumentCache full:https://registry.npmjs.org/strip-ansi dispose
1658 http fetch GET 200 https://registry.npmjs.org/eastasianwidth 44ms (cache miss)
1659 silly packumentCache full:https://registry.npmjs.org/eastasianwidth set size:undefined disposed:false
1660 http fetch GET 200 https://registry.npmjs.org/ansi-regex 45ms (cache miss)
1661 silly packumentCache full:https://registry.npmjs.org/ansi-regex set size:undefined disposed:false
1662 http fetch GET 200 https://registry.npmjs.org/is-fullwidth-code-point 45ms (cache miss)
1663 silly packumentCache full:https://registry.npmjs.org/is-fullwidth-code-point set size:undefined disposed:false
1664 http fetch GET 200 https://registry.npmjs.org/ansi-regex 45ms (cache miss)
1665 silly packumentCache full:https://registry.npmjs.org/ansi-regex set size:undefined disposed:false
1666 http fetch GET 200 https://registry.npmjs.org/ansi-styles 45ms (cache miss)
1667 silly packumentCache full:https://registry.npmjs.org/ansi-styles set size:undefined disposed:false
1668 http fetch GET 200 https://registry.npmjs.org/ansi-styles 48ms (cache miss)
1669 silly packumentCache full:https://registry.npmjs.org/ansi-styles set size:undefined disposed:false
1670 http fetch GET 200 https://registry.npmjs.org/emoji-regex 49ms (cache miss)
1671 silly packumentCache full:https://registry.npmjs.org/emoji-regex set size:undefined disposed:false
1672 http fetch GET 200 https://registry.npmjs.org/emoji-regex 51ms (cache miss)
1673 silly packumentCache full:https://registry.npmjs.org/emoji-regex set size:undefined disposed:false
1674 silly placeDep ROOT brace-expansion@2.0.2 OK for: minimatch@9.0.5 want: ^2.0.1
1675 silly fetch manifest balanced-match@1.0.2
1676 silly packumentCache full:https://registry.npmjs.org/balanced-match cache-miss
1677 http fetch GET 200 https://registry.npmjs.org/balanced-match 46ms (cache miss)
1678 silly packumentCache full:https://registry.npmjs.org/balanced-match set size:undefined disposed:false
1679 silly placeDep ROOT balanced-match@1.0.2 OK for: brace-expansion@2.0.2 want: ^1.0.0
1680 silly placeDep ROOT any-promise@1.3.0 OK for: mz@2.7.0 want: ^1.0.0
1681 silly placeDep ROOT thenify-all@1.6.0 OK for: mz@2.7.0 want: ^1.0.0
1682 silly fetch manifest thenify@3.3.1
1683 silly packumentCache full:https://registry.npmjs.org/thenify cache-miss
1684 http fetch GET 200 https://registry.npmjs.org/thenify 35ms (cache miss)
1685 silly packumentCache full:https://registry.npmjs.org/thenify set size:undefined disposed:false
1686 silly placeDep ROOT lru-cache@10.4.3 OK for: path-scurry@1.11.1 want: ^10.2.0
1687 silly placeDep ROOT shebang-regex@3.0.0 OK for: shebang-command@2.0.0 want: ^3.0.0
1688 silly placeDep ROOT eastasianwidth@0.2.0 OK for: string-width@5.1.2 want: ^0.2.0
1689 silly placeDep ROOT emoji-regex@9.2.2 OK for: string-width@5.1.2 want: ^9.2.2
1690 silly placeDep node_modules/string-width-cjs emoji-regex@8.0.0 OK for: string-width@4.2.3 want: ^8.0.0
1691 silly placeDep ROOT is-fullwidth-code-point@3.0.0 OK for: string-width@4.2.3 want: ^3.0.0
1692 silly placeDep node_modules/string-width-cjs strip-ansi@6.0.1 OK for: string-width@4.2.3 want: ^6.0.1
1693 silly placeDep ROOT ansi-regex@6.1.0 OK for: strip-ansi@7.1.0 want: ^6.0.1
1694 silly placeDep node_modules/strip-ansi-cjs ansi-regex@5.0.1 OK for: strip-ansi@6.0.1 want: ^5.0.1
1695 silly placeDep ROOT thenify@3.3.1 OK for: thenify-all@1.6.0 want: >= 3.1.0 < 4
1696 silly placeDep ROOT is-number@7.0.0 OK for: to-regex-range@5.0.1 want: ^7.0.0
1697 silly placeDep ROOT escalade@3.2.0 OK for: update-browserslist-db@1.1.3 want: ^3.2.0
1698 silly placeDep ROOT detect-node-es@1.1.0 OK for: use-sidecar@1.1.3 want: ^1.1.0
1699 silly placeDep ROOT @types/d3-array@3.2.1 OK for: victory-vendor@36.9.2 want: ^3.0.3
1700 silly placeDep ROOT @types/d3-ease@3.0.2 OK for: victory-vendor@36.9.2 want: ^3.0.0
1701 silly placeDep ROOT @types/d3-interpolate@3.0.4 OK for: victory-vendor@36.9.2 want: ^3.0.1
1702 silly placeDep ROOT @types/d3-scale@4.0.9 OK for: victory-vendor@36.9.2 want: ^4.0.2
1703 silly placeDep ROOT @types/d3-shape@3.1.7 OK for: victory-vendor@36.9.2 want: ^3.1.0
1704 silly placeDep ROOT @types/d3-time@3.0.4 OK for: victory-vendor@36.9.2 want: ^3.0.0
1705 silly placeDep ROOT @types/d3-timer@3.0.2 OK for: victory-vendor@36.9.2 want: ^3.0.0
1706 silly placeDep ROOT d3-array@3.2.4 OK for: victory-vendor@36.9.2 want: ^3.1.6
1707 silly placeDep ROOT d3-ease@3.0.1 OK for: victory-vendor@36.9.2 want: ^3.0.1
1708 silly placeDep ROOT d3-interpolate@3.0.1 OK for: victory-vendor@36.9.2 want: ^3.0.1
1709 silly placeDep ROOT d3-scale@4.0.2 OK for: victory-vendor@36.9.2 want: ^4.0.2
1710 silly placeDep ROOT d3-shape@3.2.0 OK for: victory-vendor@36.9.2 want: ^3.1.0
1711 silly placeDep ROOT d3-time@3.1.0 OK for: victory-vendor@36.9.2 want: ^3.0.0
1712 silly placeDep ROOT d3-timer@3.0.1 OK for: victory-vendor@36.9.2 want: ^3.0.1
1713 silly fetch manifest @types/d3-color@3.1.3
1714 silly packumentCache full:https://registry.npmjs.org/@types%2fd3-color cache-miss
1715 silly fetch manifest @types/d3-path@3.1.1
1716 silly packumentCache full:https://registry.npmjs.org/@types%2fd3-path cache-miss
1717 silly fetch manifest internmap@2.0.3
1718 silly packumentCache full:https://registry.npmjs.org/internmap cache-miss
1719 silly fetch manifest d3-color@3.1.0
1720 silly packumentCache full:https://registry.npmjs.org/d3-color cache-miss
1721 silly fetch manifest d3-format@3.1.0
1722 silly packumentCache full:https://registry.npmjs.org/d3-format cache-miss
1723 silly fetch manifest d3-time-format@4.1.0
1724 silly packumentCache full:https://registry.npmjs.org/d3-time-format cache-miss
1725 silly fetch manifest d3-path@3.1.0
1726 silly packumentCache full:https://registry.npmjs.org/d3-path cache-miss
1727 http fetch GET 200 https://registry.npmjs.org/internmap 45ms (cache miss)
1728 silly packumentCache full:https://registry.npmjs.org/internmap set size:undefined disposed:false
1729 http fetch GET 200 https://registry.npmjs.org/@types%2fd3-path 45ms (cache miss)
1730 silly packumentCache full:https://registry.npmjs.org/@types%2fd3-path set size:undefined disposed:false
1731 http fetch GET 200 https://registry.npmjs.org/d3-path 46ms (cache miss)
1732 silly packumentCache full:https://registry.npmjs.org/d3-path set size:undefined disposed:false
1733 http fetch GET 200 https://registry.npmjs.org/d3-color 49ms (cache miss)
1734 silly packumentCache full:https://registry.npmjs.org/d3-color set size:undefined disposed:false
1735 http fetch GET 200 https://registry.npmjs.org/d3-format 55ms (cache miss)
1736 silly packumentCache full:https://registry.npmjs.org/d3-format set size:undefined disposed:false
1737 http fetch GET 200 https://registry.npmjs.org/@types%2fd3-color 65ms (cache miss)
1738 silly packumentCache full:https://registry.npmjs.org/@types%2fd3-color set size:undefined disposed:false
1739 http fetch GET 200 https://registry.npmjs.org/d3-time-format 446ms (cache miss)
1740 silly packumentCache full:https://registry.npmjs.org/d3-time-format set size:undefined disposed:false
1741 silly placeDep ROOT @types/d3-color@3.1.3 OK for: @types/d3-interpolate@3.0.4 want: *
1742 silly placeDep ROOT @types/d3-path@3.1.1 OK for: @types/d3-shape@3.1.7 want: *
1743 silly placeDep ROOT internmap@2.0.3 OK for: d3-array@3.2.4 want: 1 - 2
1744 silly placeDep ROOT d3-color@3.1.0 OK for: d3-interpolate@3.0.1 want: 1 - 3
1745 silly placeDep ROOT d3-format@3.1.0 OK for: d3-scale@4.0.2 want: 1 - 3
1746 silly placeDep ROOT d3-time-format@4.1.0 OK for: d3-scale@4.0.2 want: 2 - 4
1747 silly placeDep ROOT d3-path@3.1.0 OK for: d3-shape@3.2.0 want: ^3.1.0
1748 silly placeDep ROOT tr46@5.1.1 OK for: whatwg-url@14.2.0 want: ^5.1.0
1749 silly placeDep ROOT webidl-conversions@7.0.0 OK for: whatwg-url@14.2.0 want: ^7.0.0
1750 silly fetch manifest punycode@2.3.1
1751 silly packumentCache full:https://registry.npmjs.org/punycode cache-miss
1752 http fetch GET 200 https://registry.npmjs.org/punycode 45ms (cache miss)
1753 silly packumentCache full:https://registry.npmjs.org/punycode set size:undefined disposed:false
1754 silly placeDep ROOT punycode@2.3.1 OK for: tr46@5.1.1 want: ^2.3.1
1755 silly placeDep ROOT isexe@2.0.0 OK for: which@2.0.2 want: ^2.0.0
1756 silly placeDep ROOT ansi-styles@6.2.1 OK for: wrap-ansi@8.1.0 want: ^6.1.0
1757 silly placeDep node_modules/wrap-ansi-cjs ansi-styles@4.3.0 OK for: wrap-ansi@7.0.0 want: ^4.0.0
1758 silly placeDep node_modules/wrap-ansi-cjs string-width@4.2.3 OK for: wrap-ansi@7.0.0 want: ^4.1.0
1759 silly placeDep node_modules/wrap-ansi-cjs strip-ansi@6.0.1 OK for: wrap-ansi@7.0.0 want: ^6.0.0
1760 silly fetch manifest color-convert@2.0.1
1761 silly packumentCache full:https://registry.npmjs.org/color-convert cache-miss
1762 http fetch GET 200 https://registry.npmjs.org/color-convert 42ms (cache miss)
1763 silly packumentCache full:https://registry.npmjs.org/color-convert set size:undefined disposed:false
1764 silly placeDep node_modules/string-width-cjs ansi-regex@5.0.1 OK for: strip-ansi@6.0.1 want: ^5.0.1
1765 silly placeDep ROOT yaml@2.8.0 OK for: postcss-load-config@4.0.2 want: ^2.3.4
1766 silly placeDep ROOT color-convert@2.0.1 OK for: ansi-styles@4.3.0 want: ^2.0.1
1767 silly fetch manifest color-name@1.1.4
1768 silly packumentCache full:https://registry.npmjs.org/color-name cache-miss
1769 http fetch GET 200 https://registry.npmjs.org/color-name 43ms (cache miss)
1770 silly packumentCache full:https://registry.npmjs.org/color-name set size:undefined disposed:false
1771 silly placeDep ROOT color-name@1.1.4 OK for: color-convert@2.0.1 want: ~1.1.4
1772 silly placeDep node_modules/wrap-ansi-cjs emoji-regex@8.0.0 OK for: string-width@4.2.3 want: ^8.0.0
1773 silly placeDep node_modules/wrap-ansi-cjs ansi-regex@5.0.1 OK for: strip-ansi@6.0.1 want: ^5.0.1
1774 silly reify moves {}
1775 silly audit bulk request {
1775 silly audit   '@hookform/resolvers': [ '5.1.1' ],
1775 silly audit   'react-hook-form': [ '7.60.0' ],
1775 silly audit   react: [ '18.3.1' ],
1775 silly audit   '@radix-ui/react-accordion': [ '1.2.11' ],
1775 silly audit   'react-dom': [ '18.3.1' ],
1775 silly audit   '@radix-ui/react-alert-dialog': [ '1.1.14' ],
1775 silly audit   '@radix-ui/react-aspect-ratio': [ '1.1.7' ],
1775 silly audit   '@radix-ui/react-avatar': [ '1.1.10' ],
1775 silly audit   '@radix-ui/react-checkbox': [ '1.3.2' ],
1775 silly audit   '@radix-ui/react-collapsible': [ '1.1.11' ],
1775 silly audit   '@radix-ui/react-context-menu': [ '2.2.15' ],
1775 silly audit   '@radix-ui/react-dialog': [ '1.1.14' ],
1775 silly audit   '@radix-ui/react-dropdown-menu': [ '2.1.15' ],
1775 silly audit   '@radix-ui/react-hover-card': [ '1.1.14' ],
1775 silly audit   '@radix-ui/react-label': [ '2.1.7' ],
1775 silly audit   '@radix-ui/react-menubar': [ '1.1.15' ],
1775 silly audit   '@radix-ui/react-navigation-menu': [ '1.2.13' ],
1775 silly audit   '@radix-ui/react-popover': [ '1.1.14' ],
1775 silly audit   '@radix-ui/react-progress': [ '1.1.7' ],
1775 silly audit   '@radix-ui/react-radio-group': [ '1.3.7' ],
1775 silly audit   '@radix-ui/react-scroll-area': [ '1.2.9' ],
1775 silly audit   '@radix-ui/react-select': [ '2.2.5' ],
1775 silly audit   '@radix-ui/react-separator': [ '1.1.7' ],
1775 silly audit   '@radix-ui/react-slider': [ '1.3.5' ],
1775 silly audit   '@radix-ui/react-slot': [ '1.2.3' ],
1775 silly audit   '@radix-ui/react-switch': [ '1.2.5' ],
1775 silly audit   '@radix-ui/react-tabs': [ '1.1.12' ],
1775 silly audit   '@radix-ui/react-toast': [ '1.2.14' ],
1775 silly audit   '@radix-ui/react-toggle': [ '1.1.9' ],
1775 silly audit   '@radix-ui/react-toggle-group': [ '1.1.10' ],
1775 silly audit   '@radix-ui/react-tooltip': [ '1.2.7' ],
1775 silly audit   '@tanstack/react-table': [ '8.21.3' ],
1775 silly audit   autoprefixer: [ '10.4.21' ],
1775 silly audit   postcss: [ '8.5.6', '8.4.31' ],
1775 silly audit   axios: [ '1.10.0' ],
1775 silly audit   'class-variance-authority': [ '0.7.1' ],
1775 silly audit   clsx: [ '2.1.1' ],
1775 silly audit   cmdk: [ '1.1.1' ],
1775 silly audit   'date-fns': [ '4.1.0' ],
1775 silly audit   'embla-carousel-react': [ '8.6.0' ],
1775 silly audit   'framer-motion': [ '12.40.0' ],
1775 silly audit   globals: [ '16.3.0' ],
1775 silly audit   'input-otp': [ '1.4.2' ],
1775 silly audit   'lucide-react': [ '0.516.0' ],
1775 silly audit   mongodb: [ '6.17.0' ],
1775 silly audit   next: [ '14.2.3' ],
1775 silly audit   'next-themes': [ '0.4.6' ],
1775 silly audit   'react-day-picker': [ '9.8.0' ],
1775 silly audit   'react-resizable-panels': [ '3.0.3' ],
1775 silly audit   recharts: [ '2.15.4' ],
1775 silly audit   sonner: [ '2.0.6' ],
1775 silly audit   'tailwind-merge': [ '3.3.1' ],
1775 silly audit   tailwindcss: [ '3.4.17' ],
1775 silly audit   'tailwindcss-animate': [ '1.0.7' ],
1775 silly audit   uuid: [ '9.0.1' ],
1775 silly audit   vaul: [ '1.1.2' ],
1775 silly audit   zod: [ '3.25.76' ],
1775 silly audit   '@standard-schema/utils': [ '0.3.0' ],
1775 silly audit   '@radix-ui/primitive': [ '1.1.2' ],
1775 silly audit   '@radix-ui/react-collection': [ '1.1.7' ],
1775 silly audit   '@radix-ui/react-compose-refs': [ '1.1.2' ],
1775 silly audit   '@radix-ui/react-context': [ '1.1.2' ],
1775 silly audit   '@radix-ui/react-direction': [ '1.1.1' ],
1775 silly audit   '@radix-ui/react-id': [ '1.1.1' ],
1775 silly audit   '@radix-ui/react-primitive': [ '2.1.3' ],
1775 silly audit   '@radix-ui/react-use-controllable-state': [ '1.2.2' ],
1775 silly audit   '@radix-ui/react-use-callback-ref': [ '1.1.1' ],
1775 silly audit   '@radix-ui/react-use-is-hydrated': [ '0.1.0' ],
1775 silly audit   '@radix-ui/react-use-layout-effect': [ '1.1.1' ],
1775 silly audit   '@radix-ui/react-presence': [ '1.1.4' ],
1775 silly audit   '@radix-ui/react-use-previous': [ '1.1.1' ],
1775 silly audit   '@radix-ui/react-use-size': [ '1.1.1' ],
1775 silly audit   '@radix-ui/react-menu': [ '2.1.15' ],
1775 silly audit   '@radix-ui/react-dismissable-layer': [ '1.1.10' ],
1775 silly audit   '@radix-ui/react-focus-guards': [ '1.1.2' ],
1775 silly audit   '@radix-ui/react-focus-scope': [ '1.1.7' ],
1775 silly audit   '@radix-ui/react-portal': [ '1.1.9' ],
1775 silly audit   'aria-hidden': [ '1.2.6' ],
1775 silly audit   'react-remove-scroll': [ '2.7.1' ],
1775 silly audit   '@radix-ui/react-use-escape-keydown': [ '1.1.1' ],
1775 silly audit   '@radix-ui/react-popper': [ '1.2.7' ],
1775 silly audit   '@radix-ui/react-roving-focus': [ '1.1.10' ],
1775 silly audit   '@radix-ui/react-visually-hidden': [ '1.2.3' ],
1775 silly audit   '@floating-ui/react-dom': [ '2.1.4' ],
1775 silly audit   '@radix-ui/react-arrow': [ '1.1.7' ],
1775 silly audit   '@radix-ui/react-use-rect': [ '1.1.1' ],
1775 silly audit   '@radix-ui/rect': [ '1.1.1' ],
1775 silly audit   '@floating-ui/dom': [ '1.7.2' ],
1775 silly audit   '@floating-ui/core': [ '1.7.2' ],
1775 silly audit   '@floating-ui/utils': [ '0.2.10' ],
1775 silly audit   '@radix-ui/number': [ '1.1.1' ],
1775 silly audit   '@radix-ui/react-use-effect-event': [ '0.0.2' ],
1775 silly audit   'use-sync-external-store': [ '1.5.0' ],
1775 silly audit   '@tanstack/table-core': [ '8.21.3' ],
1775 silly audit   tslib: [ '2.8.1' ],
1775 silly audit   browserslist: [ '4.25.1' ],
1775 silly audit   'caniuse-lite': [ '1.0.30001727' ],
1775 silly audit   'fraction.js': [ '4.3.7' ],
1775 silly audit   'normalize-range': [ '0.1.2' ],
1775 silly audit   picocolors: [ '1.1.1' ],
1775 silly audit   'postcss-value-parser': [ '4.2.0' ],
1775 silly audit   'follow-redirects': [ '1.15.9' ],
1775 silly audit   'form-data': [ '4.0.3' ],
1775 silly audit   'proxy-from-env': [ '1.1.0' ],
1775 silly audit   'electron-to-chromium': [ '1.5.180' ],
1775 silly audit   'node-releases': [ '2.0.19' ],
1775 silly audit   'update-browserslist-db': [ '1.1.3' ],
1775 silly audit   'embla-carousel': [ '8.6.0' ],
1775 silly audit   'embla-carousel-reactive-utils': [ '8.6.0' ],
1775 silly audit   asynckit: [ '0.4.0' ],
1775 silly audit   'combined-stream': [ '1.0.8' ],
1775 silly audit   'es-set-tostringtag': [ '2.1.0' ],
1775 silly audit   hasown: [ '2.0.2' ],
1775 silly audit   'mime-types': [ '2.1.35' ],
1775 silly audit   'delayed-stream': [ '1.0.0' ],
1775 silly audit   'es-errors': [ '1.3.0' ],
1775 silly audit   'get-intrinsic': [ '1.3.0' ],
1775 silly audit   'has-tostringtag': [ '1.0.2' ],
1775 silly audit   'motion-dom': [ '12.40.0' ],
1775 silly audit   'motion-utils': [ '12.39.0' ],
1775 silly audit   'call-bind-apply-helpers': [ '1.0.2' ],
1775 silly audit   'es-define-property': [ '1.0.1' ],
1775 silly audit   'es-object-atoms': [ '1.1.1' ],
1775 silly audit   'function-bind': [ '1.1.2' ],
1775 silly audit   'get-proto': [ '1.0.1' ],
1775 silly audit   gopd: [ '1.2.0' ],
1775 silly audit   'has-symbols': [ '1.1.0' ],
1775 silly audit   'math-intrinsics': [ '1.1.0' ],
1775 silly audit   'dunder-proto': [ '1.0.1' ],
1775 silly audit   'mime-db': [ '1.52.0' ],
1775 silly audit   '@mongodb-js/saslprep': [ '1.3.0' ],
1775 silly audit   bson: [ '6.10.4' ],
1775 silly audit   'mongodb-connection-string-url': [ '3.0.2' ],
1775 silly audit   'sparse-bitfield': [ '3.0.3' ],
1775 silly audit   '@types/whatwg-url': [ '11.0.5' ],
1775 silly audit   'whatwg-url': [ '14.2.0' ],
1775 silly audit   '@types/webidl-conversions': [ '7.0.3' ],
1775 silly audit   '@next/env': [ '14.2.3' ],
1775 silly audit   '@next/swc-darwin-arm64': [ '14.2.3' ],
1775 silly audit   '@next/swc-darwin-x64': [ '14.2.3' ],
1775 silly audit   '@next/swc-linux-arm64-gnu': [ '14.2.3' ],
1775 silly audit   '@next/swc-linux-arm64-musl': [ '14.2.3' ],
1775 silly audit   '@next/swc-linux-x64-gnu': [ '14.2.3' ],
1775 silly audit   '@next/swc-linux-x64-musl': [ '14.2.3' ],
1775 silly audit   '@next/swc-win32-arm64-msvc': [ '14.2.3' ],
1775 silly audit   '@next/swc-win32-ia32-msvc': [ '14.2.3' ],
1775 silly audit   '@next/swc-win32-x64-msvc': [ '14.2.3' ],
1775 silly audit   '@swc/helpers': [ '0.5.5' ],
1775 silly audit   busboy: [ '1.6.0' ],
1775 silly audit   'graceful-fs': [ '4.2.11' ],
1775 silly audit   'styled-jsx': [ '5.1.1' ],
1775 silly audit   '@swc/counter': [ '0.1.3' ],
1775 silly audit   streamsearch: [ '1.1.0' ],
1775 silly audit   nanoid: [ '3.3.11' ],
1775 silly audit   'source-map-js': [ '1.2.1' ],
1775 silly audit   'loose-envify': [ '1.4.0' ],
1775 silly audit   'js-tokens': [ '4.0.0' ],
1775 silly audit   '@date-fns/tz': [ '1.2.0' ],
1775 silly audit   'date-fns-jalali': [ '4.1.0-0' ],
1775 silly audit   scheduler: [ '0.23.2' ],
1775 silly audit   'react-remove-scroll-bar': [ '2.3.8' ],
1775 silly audit   'react-style-singleton': [ '2.2.3' ],
1775 silly audit   'use-callback-ref': [ '1.3.3' ],
1775 silly audit   'use-sidecar': [ '1.1.3' ],
1775 silly audit   'get-nonce': [ '1.0.1' ],
1775 silly audit   eventemitter3: [ '4.0.7' ],
1775 silly audit   lodash: [ '4.17.21' ],
1775 silly audit   'react-is': [ '18.3.1', '16.13.1' ],
1775 silly audit   'react-smooth': [ '4.0.4' ],
1775 silly audit   'recharts-scale': [ '0.4.5' ],
1775 silly audit   'tiny-invariant': [ '1.3.3' ],
1775 silly audit   'victory-vendor': [ '36.9.2' ],
1775 silly audit   'fast-equals': [ '5.2.2' ],
1775 silly audit   'prop-types': [ '15.8.1' ],
1775 silly audit   'react-transition-group': [ '4.4.5' ],
1775 silly audit   'object-assign': [ '4.1.1' ],
1775 silly audit   '@babel/runtime': [ '7.27.6' ],
1775 silly audit   'dom-helpers': [ '5.2.1' ],
1775 silly audit   csstype: [ '3.1.3' ],
1775 silly audit   'decimal.js-light': [ '2.5.1' ],
1775 silly audit   'memory-pager': [ '1.5.0' ],
1775 silly audit   'client-only': [ '0.0.1' ],
1775 silly audit   '@alloc/quick-lru': [ '5.2.0' ],
1775 silly audit   arg: [ '5.0.2' ],
1775 silly audit   chokidar: [ '3.6.0' ],
1775 silly audit   didyoumean: [ '1.2.2' ],
1775 silly audit   dlv: [ '1.1.3' ],
1775 silly audit   'fast-glob': [ '3.3.3' ],
1775 silly audit   'glob-parent': [ '6.0.2', '5.1.2' ],
1775 silly audit   'is-glob': [ '4.0.3' ],
1775 silly audit   jiti: [ '1.21.7' ],
1775 silly audit   lilconfig: [ '3.1.3' ],
1775 silly audit   micromatch: [ '4.0.8' ],
1775 silly audit   'normalize-path': [ '3.0.0' ],
1775 silly audit   'object-hash': [ '3.0.0' ],
1775 silly audit   'postcss-import': [ '15.1.0' ],
1775 silly audit   'postcss-js': [ '4.0.1' ],
1775 silly audit   'postcss-load-config': [ '4.0.2' ],
1775 silly audit   'postcss-nested': [ '6.2.0' ],
1775 silly audit   'postcss-selector-parser': [ '6.1.2' ],
1775 silly audit   resolve: [ '1.22.10' ],
1775 silly audit   sucrase: [ '3.35.0' ],
1775 silly audit   anymatch: [ '3.1.3' ],
1775 silly audit   braces: [ '3.0.3' ],
1775 silly audit   fsevents: [ '2.3.3' ],
1775 silly audit   'is-binary-path': [ '2.1.0' ],
1775 silly audit   readdirp: [ '3.6.0' ],
1775 silly audit   picomatch: [ '2.3.1' ],
1775 silly audit   'fill-range': [ '7.1.1' ],
1775 silly audit   '@nodelib/fs.stat': [ '2.0.5' ],
1775 silly audit   '@nodelib/fs.walk': [ '1.2.8' ],
1775 silly audit   merge2: [ '1.4.1' ],
1775 silly audit   '@nodelib/fs.scandir': [ '2.1.5' ],
1775 silly audit   fastq: [ '1.19.1' ],
1775 silly audit   'run-parallel': [ '1.2.0' ],
1775 silly audit   reusify: [ '1.1.0' ],
1775 silly audit   'to-regex-range': [ '5.0.1' ],
1775 silly audit   'binary-extensions': [ '2.3.0' ],
1775 silly audit   'is-extglob': [ '2.1.1' ],
1775 silly audit   'read-cache': [ '1.0.0' ],
1775 silly audit   'camelcase-css': [ '2.0.1' ],
1775 silly audit   cssesc: [ '3.0.0' ],
1775 silly audit   'util-deprecate': [ '1.0.2' ],
1775 silly audit   pify: [ '2.3.0' ],
1775 silly audit   'is-core-module': [ '2.16.1' ],
1775 silly audit   'path-parse': [ '1.0.7' ],
1775 silly audit   'supports-preserve-symlinks-flag': [ '1.0.0' ],
1775 silly audit   'queue-microtask': [ '1.2.3' ],
1775 silly audit   '@jridgewell/gen-mapping': [ '0.3.12' ],
1775 silly audit   commander: [ '4.1.1' ],
1775 silly audit   glob: [ '10.4.5' ],
1775 silly audit   'lines-and-columns': [ '1.2.4' ],
1775 silly audit   mz: [ '2.7.0' ],
1775 silly audit   pirates: [ '4.0.7' ],
1775 silly audit   'ts-interface-checker': [ '0.1.13' ],
1775 silly audit   '@jridgewell/sourcemap-codec': [ '1.5.4' ],
1775 silly audit   '@jridgewell/trace-mapping': [ '0.3.29' ],
1775 silly audit   '@jridgewell/resolve-uri': [ '3.1.2' ],
1775 silly audit   'foreground-child': [ '3.3.1' ],
1775 silly audit   jackspeak: [ '3.4.3' ],
1775 silly audit   minimatch: [ '9.0.5' ],
1775 silly audit   minipass: [ '7.1.2' ],
1775 silly audit   'package-json-from-dist': [ '1.0.1' ],
1775 silly audit   'path-scurry': [ '1.11.1' ],
1775 silly audit   'cross-spawn': [ '7.0.6' ],
1775 silly audit   'signal-exit': [ '4.1.0' ],
1775 silly audit   'path-key': [ '3.1.1' ],
1775 silly audit   'shebang-command': [ '2.0.0' ],
1775 silly audit   which: [ '2.0.2' ],
1775 silly audit   '@isaacs/cliui': [ '8.0.2' ],
1775 silly audit   '@pkgjs/parseargs': [ '0.11.0' ],
1775 silly audit   'string-width': [ '5.1.2', '4.2.3' ],
1775 silly audit   'strip-ansi': [ '7.1.0', '6.0.1' ],
1775 silly audit   'wrap-ansi': [ '8.1.0', '7.0.0' ],
1775 silly audit   'brace-expansion': [ '2.0.2' ],
1775 silly audit   'balanced-match': [ '1.0.2' ],
1775 silly audit   'any-promise': [ '1.3.0' ],
1775 silly audit   'thenify-all': [ '1.6.0' ],
1775 silly audit   'lru-cache': [ '10.4.3' ],
1775 silly audit   'shebang-regex': [ '3.0.0' ],
1775 silly audit   eastasianwidth: [ '0.2.0' ],
1775 silly audit   'emoji-regex': [ '9.2.2', '8.0.0' ],
1775 silly audit   'is-fullwidth-code-point': [ '3.0.0' ],
1775 silly audit   'ansi-regex': [ '6.1.0', '5.0.1' ],
1775 silly audit   thenify: [ '3.3.1' ],
1775 silly audit   'is-number': [ '7.0.0' ],
1775 silly audit   escalade: [ '3.2.0' ],
1775 silly audit   'detect-node-es': [ '1.1.0' ],
1775 silly audit   '@types/d3-array': [ '3.2.1' ],
1775 silly audit   '@types/d3-ease': [ '3.0.2' ],
1775 silly audit   '@types/d3-interpolate': [ '3.0.4' ],
1775 silly audit   '@types/d3-scale': [ '4.0.9' ],
1775 silly audit   '@types/d3-shape': [ '3.1.7' ],
1775 silly audit   '@types/d3-time': [ '3.0.4' ],
1775 silly audit   '@types/d3-timer': [ '3.0.2' ],
1775 silly audit   'd3-array': [ '3.2.4' ],
1775 silly audit   'd3-ease': [ '3.0.1' ],
1775 silly audit   'd3-interpolate': [ '3.0.1' ],
1775 silly audit   'd3-scale': [ '4.0.2' ],
1775 silly audit   'd3-shape': [ '3.2.0' ],
1775 silly audit   'd3-time': [ '3.1.0' ],
1775 silly audit   'd3-timer': [ '3.0.1' ],
1775 silly audit   '@types/d3-color': [ '3.1.3' ],
1775 silly audit   '@types/d3-path': [ '3.1.1' ],
1775 silly audit   internmap: [ '2.0.3' ],
1775 silly audit   'd3-color': [ '3.1.0' ],
1775 silly audit   'd3-format': [ '3.1.0' ],
1775 silly audit   'd3-time-format': [ '4.1.0' ],
1775 silly audit   'd3-path': [ '3.1.0' ],
1775 silly audit   tr46: [ '5.1.1' ],
1775 silly audit   'webidl-conversions': [ '7.0.0' ],
1775 silly audit   punycode: [ '2.3.1' ],
1775 silly audit   isexe: [ '2.0.0' ],
1775 silly audit   'ansi-styles': [ '6.2.1', '4.3.0' ],
1775 silly audit   yaml: [ '2.8.0' ],
1775 silly audit   'color-convert': [ '2.0.1' ],
1775 silly audit   'color-name': [ '1.1.4' ]
1775 silly audit }
1776 verbose reify failed optional dependency /Users/redakaleem/Downloads/wsc-healthcare 2/node_modules/@next/swc-win32-x64-msvc
1777 silly reify mark deleted [
1777 silly reify   '/Users/redakaleem/Downloads/wsc-healthcare 2/node_modules/@next/swc-win32-x64-msvc'
1777 silly reify ]
1778 verbose reify failed optional dependency /Users/redakaleem/Downloads/wsc-healthcare 2/node_modules/@next/swc-win32-ia32-msvc
1779 silly reify mark deleted [
1779 silly reify   '/Users/redakaleem/Downloads/wsc-healthcare 2/node_modules/@next/swc-win32-ia32-msvc'
1779 silly reify ]
1780 verbose reify failed optional dependency /Users/redakaleem/Downloads/wsc-healthcare 2/node_modules/@next/swc-win32-arm64-msvc
1781 silly reify mark deleted [
1781 silly reify   '/Users/redakaleem/Downloads/wsc-healthcare 2/node_modules/@next/swc-win32-arm64-msvc'
1781 silly reify ]
1782 verbose reify failed optional dependency /Users/redakaleem/Downloads/wsc-healthcare 2/node_modules/@next/swc-linux-x64-musl
1783 silly reify mark deleted [
1783 silly reify   '/Users/redakaleem/Downloads/wsc-healthcare 2/node_modules/@next/swc-linux-x64-musl'
1783 silly reify ]
1784 verbose reify failed optional dependency /Users/redakaleem/Downloads/wsc-healthcare 2/node_modules/@next/swc-linux-x64-gnu
1785 silly reify mark deleted [
1785 silly reify   '/Users/redakaleem/Downloads/wsc-healthcare 2/node_modules/@next/swc-linux-x64-gnu'
1785 silly reify ]
1786 verbose reify failed optional dependency /Users/redakaleem/Downloads/wsc-healthcare 2/node_modules/@next/swc-linux-arm64-musl
1787 silly reify mark deleted [
1787 silly reify   '/Users/redakaleem/Downloads/wsc-healthcare 2/node_modules/@next/swc-linux-arm64-musl'
1787 silly reify ]
1788 verbose reify failed optional dependency /Users/redakaleem/Downloads/wsc-healthcare 2/node_modules/@next/swc-linux-arm64-gnu
1789 silly reify mark deleted [
1789 silly reify   '/Users/redakaleem/Downloads/wsc-healthcare 2/node_modules/@next/swc-linux-arm64-gnu'
1789 silly reify ]
1790 verbose reify failed optional dependency /Users/redakaleem/Downloads/wsc-healthcare 2/node_modules/@next/swc-darwin-x64
1791 silly reify mark deleted [
1791 silly reify   '/Users/redakaleem/Downloads/wsc-healthcare 2/node_modules/@next/swc-darwin-x64'
1791 silly reify ]
1792 http cache color-name@https://registry.npmjs.org/color-name/-/color-name-1.1.4.tgz 0ms (cache hit)
1793 http cache color-convert@https://registry.npmjs.org/color-convert/-/color-convert-2.0.1.tgz 0ms (cache hit)
1794 http cache punycode@https://registry.npmjs.org/punycode/-/punycode-2.3.1.tgz 0ms (cache hit)
1795 http cache ansi-styles@https://registry.npmjs.org/ansi-styles/-/ansi-styles-6.2.1.tgz 0ms (cache hit)
1796 http cache @types/d3-path@https://registry.npmjs.org/@types/d3-path/-/d3-path-3.1.1.tgz 0ms (cache hit)
1797 http cache @types/d3-color@https://registry.npmjs.org/@types/d3-color/-/d3-color-3.1.3.tgz 0ms (cache hit)
1798 http cache @types/d3-timer@https://registry.npmjs.org/@types/d3-timer/-/d3-timer-3.0.2.tgz 0ms (cache hit)
1799 http cache @types/d3-shape@https://registry.npmjs.org/@types/d3-shape/-/d3-shape-3.1.7.tgz 0ms (cache hit)
1800 http cache @types/d3-scale@https://registry.npmjs.org/@types/d3-scale/-/d3-scale-4.0.9.tgz 0ms (cache hit)
1801 http cache @types/d3-interpolate@https://registry.npmjs.org/@types/d3-interpolate/-/d3-interpolate-3.0.4.tgz 0ms (cache hit)
1802 http cache @types/d3-ease@https://registry.npmjs.org/@types/d3-ease/-/d3-ease-3.0.2.tgz 0ms (cache hit)
1803 http cache @types/d3-time@https://registry.npmjs.org/@types/d3-time/-/d3-time-3.0.4.tgz 0ms (cache hit)
1804 http cache is-number@https://registry.npmjs.org/is-number/-/is-number-7.0.0.tgz 0ms (cache hit)
1805 http cache @types/d3-array@https://registry.npmjs.org/@types/d3-array/-/d3-array-3.2.1.tgz 0ms (cache hit)
1806 http cache ansi-regex@https://registry.npmjs.org/ansi-regex/-/ansi-regex-6.1.0.tgz 0ms (cache hit)
1807 http cache thenify@https://registry.npmjs.org/thenify/-/thenify-3.3.1.tgz 0ms (cache hit)
1808 http cache is-fullwidth-code-point@https://registry.npmjs.org/is-fullwidth-code-point/-/is-fullwidth-code-point-3.0.0.tgz 0ms (cache hit)
1809 http cache shebang-regex@https://registry.npmjs.org/shebang-regex/-/shebang-regex-3.0.0.tgz 0ms (cache hit)
1810 http cache eastasianwidth@https://registry.npmjs.org/eastasianwidth/-/eastasianwidth-0.2.0.tgz 0ms (cache hit)
1811 http cache thenify-all@https://registry.npmjs.org/thenify-all/-/thenify-all-1.6.0.tgz 0ms (cache hit)
1812 http cache wrap-ansi-cjs@https://registry.npmjs.org/wrap-ansi/-/wrap-ansi-7.0.0.tgz 0ms (cache hit)
1813 http cache strip-ansi-cjs@https://registry.npmjs.org/strip-ansi/-/strip-ansi-6.0.1.tgz 0ms (cache hit)
1814 http cache strip-ansi@https://registry.npmjs.org/strip-ansi/-/strip-ansi-7.1.0.tgz 0ms (cache hit)
1815 http cache string-width@https://registry.npmjs.org/string-width/-/string-width-5.1.2.tgz 0ms (cache hit)
1816 http cache string-width-cjs@https://registry.npmjs.org/string-width/-/string-width-4.2.3.tgz 0ms (cache hit)
1817 http cache shebang-command@https://registry.npmjs.org/shebang-command/-/shebang-command-2.0.0.tgz 0ms (cache hit)
1818 http cache wrap-ansi@https://registry.npmjs.org/wrap-ansi/-/wrap-ansi-8.1.0.tgz 0ms (cache hit)
1819 http cache path-key@https://registry.npmjs.org/path-key/-/path-key-3.1.1.tgz 0ms (cache hit)
1820 http cache queue-microtask@https://registry.npmjs.org/queue-microtask/-/queue-microtask-1.2.3.tgz 0ms (cache hit)
1821 http cache mz@https://registry.npmjs.org/mz/-/mz-2.7.0.tgz 0ms (cache hit)
1822 http cache path-parse@https://registry.npmjs.org/path-parse/-/path-parse-1.0.7.tgz 0ms (cache hit)
1823 http cache camelcase-css@https://registry.npmjs.org/camelcase-css/-/camelcase-css-2.0.1.tgz 0ms (cache hit)
1824 http cache util-deprecate@https://registry.npmjs.org/util-deprecate/-/util-deprecate-1.0.2.tgz 0ms (cache hit)
1825 http cache read-cache@https://registry.npmjs.org/read-cache/-/read-cache-1.0.0.tgz 0ms (cache hit)
1826 http cache to-regex-range@https://registry.npmjs.org/to-regex-range/-/to-regex-range-5.0.1.tgz 0ms (cache hit)
1827 http cache is-extglob@https://registry.npmjs.org/is-extglob/-/is-extglob-2.1.1.tgz 0ms (cache hit)
1828 http cache merge2@https://registry.npmjs.org/merge2/-/merge2-1.4.1.tgz 0ms (cache hit)
1829 http cache pify@https://registry.npmjs.org/pify/-/pify-2.3.0.tgz 0ms (cache hit)
1830 http cache run-parallel@https://registry.npmjs.org/run-parallel/-/run-parallel-1.2.0.tgz 0ms (cache hit)
1831 http cache fill-range@https://registry.npmjs.org/fill-range/-/fill-range-7.1.1.tgz 0ms (cache hit)
1832 http cache fsevents@https://registry.npmjs.org/fsevents/-/fsevents-2.3.3.tgz 0ms (cache hit)
1833 http cache binary-extensions@https://registry.npmjs.org/binary-extensions/-/binary-extensions-2.3.0.tgz 0ms (cache hit)
1834 http cache readdirp@https://registry.npmjs.org/readdirp/-/readdirp-3.6.0.tgz 0ms (cache hit)
1835 http cache anymatch@https://registry.npmjs.org/anymatch/-/anymatch-3.1.3.tgz 0ms (cache hit)
1836 http cache postcss-js@https://registry.npmjs.org/postcss-js/-/postcss-js-4.0.1.tgz 0ms (cache hit)
1837 http cache micromatch@https://registry.npmjs.org/micromatch/-/micromatch-4.0.8.tgz 0ms (cache hit)
1838 http cache normalize-path@https://registry.npmjs.org/normalize-path/-/normalize-path-3.0.0.tgz 0ms (cache hit)
1839 http cache glob-parent@https://registry.npmjs.org/glob-parent/-/glob-parent-6.0.2.tgz 0ms (cache hit)
1840 http cache is-binary-path@https://registry.npmjs.org/is-binary-path/-/is-binary-path-2.1.0.tgz 0ms (cache hit)
1841 http cache didyoumean@https://registry.npmjs.org/didyoumean/-/didyoumean-1.2.2.tgz 0ms (cache hit)
1842 http cache memory-pager@https://registry.npmjs.org/memory-pager/-/memory-pager-1.5.0.tgz 0ms (cache hit)
1843 http cache @alloc/quick-lru@https://registry.npmjs.org/@alloc/quick-lru/-/quick-lru-5.2.0.tgz 0ms (cache hit)
1844 http cache client-only@https://registry.npmjs.org/client-only/-/client-only-0.0.1.tgz 0ms (cache hit)
1845 http cache arg@https://registry.npmjs.org/arg/-/arg-5.0.2.tgz 0ms (cache hit)
1846 http cache is-glob@https://registry.npmjs.org/is-glob/-/is-glob-4.0.3.tgz 0ms (cache hit)
1847 http cache csstype@https://registry.npmjs.org/csstype/-/csstype-3.1.3.tgz 0ms (cache hit)
1848 http cache postcss-nested@https://registry.npmjs.org/postcss-nested/-/postcss-nested-6.2.0.tgz 0ms (cache hit)
1849 http cache object-assign@https://registry.npmjs.org/object-assign/-/object-assign-4.1.1.tgz 0ms (cache hit)
1850 http cache js-tokens@https://registry.npmjs.org/js-tokens/-/js-tokens-4.0.0.tgz 0ms (cache hit)
1851 http cache @swc/counter@https://registry.npmjs.org/@swc/counter/-/counter-0.1.3.tgz 0ms (cache hit)
1852 http cache graceful-fs@https://registry.npmjs.org/graceful-fs/-/graceful-fs-4.2.11.tgz 0ms (cache hit)
1853 http cache @next/swc-darwin-arm64@https://registry.npmjs.org/@next/swc-darwin-arm64/-/swc-darwin-arm64-14.2.3.tgz 0ms (cache hit)
1854 http cache @types/webidl-conversions@https://registry.npmjs.org/@types/webidl-conversions/-/webidl-conversions-7.0.3.tgz 0ms (cache hit)
1855 http cache sparse-bitfield@https://registry.npmjs.org/sparse-bitfield/-/sparse-bitfield-3.0.3.tgz 0ms (cache hit)
1856 http cache mime-db@https://registry.npmjs.org/mime-db/-/mime-db-1.52.0.tgz 0ms (cache hit)
1857 http cache mime-types@https://registry.npmjs.org/mime-types/-/mime-types-2.1.35.tgz 0ms (cache hit)
1858 http cache electron-to-chromium@https://registry.npmjs.org/electron-to-chromium/-/electron-to-chromium-1.5.180.tgz 0ms (cache hit)
1859 http cache proxy-from-env@https://registry.npmjs.org/proxy-from-env/-/proxy-from-env-1.1.0.tgz 0ms (cache hit)
1860 http cache follow-redirects@https://registry.npmjs.org/follow-redirects/-/follow-redirects-1.15.9.tgz 0ms (cache hit)
1861 http cache picocolors@https://registry.npmjs.org/picocolors/-/picocolors-1.1.1.tgz 0ms (cache hit)
1862 http cache normalize-range@https://registry.npmjs.org/normalize-range/-/normalize-range-0.1.2.tgz 0ms (cache hit)
1863 http cache fraction.js@https://registry.npmjs.org/fraction.js/-/fraction.js-4.3.7.tgz 0ms (cache hit)
1864 http cache tailwindcss-animate@https://registry.npmjs.org/tailwindcss-animate/-/tailwindcss-animate-1.0.7.tgz 0ms (cache hit)
1865 http cache globals@https://registry.npmjs.org/globals/-/globals-16.3.0.tgz 0ms (cache hit)
1866 http cache ansi-regex@https://registry.npmjs.org/ansi-regex/-/ansi-regex-5.0.1.tgz 0ms (cache hit)
1867 http cache ansi-styles@https://registry.npmjs.org/ansi-styles/-/ansi-styles-4.3.0.tgz 0ms (cache hit)
1868 http cache strip-ansi@https://registry.npmjs.org/strip-ansi/-/strip-ansi-6.0.1.tgz 0ms (cache hit)
1869 http cache string-width@https://registry.npmjs.org/string-width/-/string-width-4.2.3.tgz 0ms (cache hit)
1870 http cache ansi-regex@https://registry.npmjs.org/ansi-regex/-/ansi-regex-5.0.1.tgz 0ms (cache hit)
1871 http cache ansi-regex@https://registry.npmjs.org/ansi-regex/-/ansi-regex-5.0.1.tgz 0ms (cache hit)
1872 http cache glob-parent@https://registry.npmjs.org/glob-parent/-/glob-parent-5.1.2.tgz 0ms (cache hit)
1873 http cache strip-ansi@https://registry.npmjs.org/strip-ansi/-/strip-ansi-6.0.1.tgz 0ms (cache hit)
1874 silly tarball no local data for color-name@https://registry.npmjs.org/color-name/-/color-name-1.1.4.tgz. Extracting by manifest.
1875 http cache glob-parent@https://registry.npmjs.org/glob-parent/-/glob-parent-5.1.2.tgz 0ms (cache hit)
1876 silly tarball no local data for color-convert@https://registry.npmjs.org/color-convert/-/color-convert-2.0.1.tgz. Extracting by manifest.
1877 silly tarball no local data for punycode@https://registry.npmjs.org/punycode/-/punycode-2.3.1.tgz. Extracting by manifest.
1878 silly tarball no local data for ansi-styles@https://registry.npmjs.org/ansi-styles/-/ansi-styles-6.2.1.tgz. Extracting by manifest.
1879 silly tarball no local data for @types/d3-path@https://registry.npmjs.org/@types/d3-path/-/d3-path-3.1.1.tgz. Extracting by manifest.
1880 silly tarball no local data for @types/d3-color@https://registry.npmjs.org/@types/d3-color/-/d3-color-3.1.3.tgz. Extracting by manifest.
1881 silly tarball no local data for @types/d3-timer@https://registry.npmjs.org/@types/d3-timer/-/d3-timer-3.0.2.tgz. Extracting by manifest.
1882 silly tarball no local data for @types/d3-shape@https://registry.npmjs.org/@types/d3-shape/-/d3-shape-3.1.7.tgz. Extracting by manifest.
1883 silly tarball no local data for @types/d3-scale@https://registry.npmjs.org/@types/d3-scale/-/d3-scale-4.0.9.tgz. Extracting by manifest.
1884 silly tarball no local data for @types/d3-interpolate@https://registry.npmjs.org/@types/d3-interpolate/-/d3-interpolate-3.0.4.tgz. Extracting by manifest.
1885 silly tarball no local data for @types/d3-ease@https://registry.npmjs.org/@types/d3-ease/-/d3-ease-3.0.2.tgz. Extracting by manifest.
1886 silly tarball no local data for @types/d3-time@https://registry.npmjs.org/@types/d3-time/-/d3-time-3.0.4.tgz. Extracting by manifest.
1887 silly tarball no local data for is-number@https://registry.npmjs.org/is-number/-/is-number-7.0.0.tgz. Extracting by manifest.
1888 silly tarball no local data for @types/d3-array@https://registry.npmjs.org/@types/d3-array/-/d3-array-3.2.1.tgz. Extracting by manifest.
1889 silly tarball no local data for ansi-regex@https://registry.npmjs.org/ansi-regex/-/ansi-regex-6.1.0.tgz. Extracting by manifest.
1890 silly tarball no local data for thenify@https://registry.npmjs.org/thenify/-/thenify-3.3.1.tgz. Extracting by manifest.
1891 silly tarball no local data for is-fullwidth-code-point@https://registry.npmjs.org/is-fullwidth-code-point/-/is-fullwidth-code-point-3.0.0.tgz. Extracting by manifest.
1892 silly tarball no local data for shebang-regex@https://registry.npmjs.org/shebang-regex/-/shebang-regex-3.0.0.tgz. Extracting by manifest.
1893 silly tarball no local data for eastasianwidth@https://registry.npmjs.org/eastasianwidth/-/eastasianwidth-0.2.0.tgz. Extracting by manifest.
1894 silly tarball no local data for thenify-all@https://registry.npmjs.org/thenify-all/-/thenify-all-1.6.0.tgz. Extracting by manifest.
1895 silly tarball no local data for wrap-ansi-cjs@https://registry.npmjs.org/wrap-ansi/-/wrap-ansi-7.0.0.tgz. Extracting by manifest.
1896 silly tarball no local data for strip-ansi-cjs@https://registry.npmjs.org/strip-ansi/-/strip-ansi-6.0.1.tgz. Extracting by manifest.
1897 silly tarball no local data for strip-ansi@https://registry.npmjs.org/strip-ansi/-/strip-ansi-7.1.0.tgz. Extracting by manifest.
1898 silly tarball no local data for string-width@https://registry.npmjs.org/string-width/-/string-width-5.1.2.tgz. Extracting by manifest.
1899 silly tarball no local data for string-width-cjs@https://registry.npmjs.org/string-width/-/string-width-4.2.3.tgz. Extracting by manifest.
1900 silly tarball no local data for shebang-command@https://registry.npmjs.org/shebang-command/-/shebang-command-2.0.0.tgz. Extracting by manifest.
1901 silly tarball no local data for wrap-ansi@https://registry.npmjs.org/wrap-ansi/-/wrap-ansi-8.1.0.tgz. Extracting by manifest.
1902 silly tarball no local data for path-key@https://registry.npmjs.org/path-key/-/path-key-3.1.1.tgz. Extracting by manifest.
1903 silly tarball no local data for queue-microtask@https://registry.npmjs.org/queue-microtask/-/queue-microtask-1.2.3.tgz. Extracting by manifest.
1904 silly tarball no local data for mz@https://registry.npmjs.org/mz/-/mz-2.7.0.tgz. Extracting by manifest.
1905 silly tarball no local data for path-parse@https://registry.npmjs.org/path-parse/-/path-parse-1.0.7.tgz. Extracting by manifest.
1906 silly tarball no local data for camelcase-css@https://registry.npmjs.org/camelcase-css/-/camelcase-css-2.0.1.tgz. Extracting by manifest.
1907 silly tarball no local data for util-deprecate@https://registry.npmjs.org/util-deprecate/-/util-deprecate-1.0.2.tgz. Extracting by manifest.
1908 silly tarball no local data for read-cache@https://registry.npmjs.org/read-cache/-/read-cache-1.0.0.tgz. Extracting by manifest.
1909 silly tarball no local data for to-regex-range@https://registry.npmjs.org/to-regex-range/-/to-regex-range-5.0.1.tgz. Extracting by manifest.
1910 silly tarball no local data for is-extglob@https://registry.npmjs.org/is-extglob/-/is-extglob-2.1.1.tgz. Extracting by manifest.
1911 silly tarball no local data for merge2@https://registry.npmjs.org/merge2/-/merge2-1.4.1.tgz. Extracting by manifest.
1912 silly tarball no local data for pify@https://registry.npmjs.org/pify/-/pify-2.3.0.tgz. Extracting by manifest.
1913 silly tarball no local data for run-parallel@https://registry.npmjs.org/run-parallel/-/run-parallel-1.2.0.tgz. Extracting by manifest.
1914 silly tarball no local data for fill-range@https://registry.npmjs.org/fill-range/-/fill-range-7.1.1.tgz. Extracting by manifest.
1915 silly tarball no local data for fsevents@https://registry.npmjs.org/fsevents/-/fsevents-2.3.3.tgz. Extracting by manifest.
1916 silly tarball no local data for binary-extensions@https://registry.npmjs.org/binary-extensions/-/binary-extensions-2.3.0.tgz. Extracting by manifest.
1917 silly tarball no local data for readdirp@https://registry.npmjs.org/readdirp/-/readdirp-3.6.0.tgz. Extracting by manifest.
1918 silly tarball no local data for anymatch@https://registry.npmjs.org/anymatch/-/anymatch-3.1.3.tgz. Extracting by manifest.
1919 silly tarball no local data for postcss-js@https://registry.npmjs.org/postcss-js/-/postcss-js-4.0.1.tgz. Extracting by manifest.
1920 silly tarball no local data for micromatch@https://registry.npmjs.org/micromatch/-/micromatch-4.0.8.tgz. Extracting by manifest.
1921 silly tarball no local data for normalize-path@https://registry.npmjs.org/normalize-path/-/normalize-path-3.0.0.tgz. Extracting by manifest.
1922 silly tarball no local data for glob-parent@https://registry.npmjs.org/glob-parent/-/glob-parent-6.0.2.tgz. Extracting by manifest.
1923 silly tarball no local data for is-binary-path@https://registry.npmjs.org/is-binary-path/-/is-binary-path-2.1.0.tgz. Extracting by manifest.
1924 silly tarball no local data for didyoumean@https://registry.npmjs.org/didyoumean/-/didyoumean-1.2.2.tgz. Extracting by manifest.
1925 silly tarball no local data for memory-pager@https://registry.npmjs.org/memory-pager/-/memory-pager-1.5.0.tgz. Extracting by manifest.
1926 silly tarball no local data for @alloc/quick-lru@https://registry.npmjs.org/@alloc/quick-lru/-/quick-lru-5.2.0.tgz. Extracting by manifest.
1927 silly tarball no local data for client-only@https://registry.npmjs.org/client-only/-/client-only-0.0.1.tgz. Extracting by manifest.
1928 silly tarball no local data for arg@https://registry.npmjs.org/arg/-/arg-5.0.2.tgz. Extracting by manifest.
1929 silly tarball no local data for is-glob@https://registry.npmjs.org/is-glob/-/is-glob-4.0.3.tgz. Extracting by manifest.
1930 silly tarball no local data for csstype@https://registry.npmjs.org/csstype/-/csstype-3.1.3.tgz. Extracting by manifest.
1931 silly tarball no local data for postcss-nested@https://registry.npmjs.org/postcss-nested/-/postcss-nested-6.2.0.tgz. Extracting by manifest.
1932 silly tarball no local data for object-assign@https://registry.npmjs.org/object-assign/-/object-assign-4.1.1.tgz. Extracting by manifest.
1933 silly tarball no local data for js-tokens@https://registry.npmjs.org/js-tokens/-/js-tokens-4.0.0.tgz. Extracting by manifest.
1934 silly tarball no local data for @swc/counter@https://registry.npmjs.org/@swc/counter/-/counter-0.1.3.tgz. Extracting by manifest.
1935 silly tarball no local data for graceful-fs@https://registry.npmjs.org/graceful-fs/-/graceful-fs-4.2.11.tgz. Extracting by manifest.
1936 silly tarball no local data for @next/swc-darwin-arm64@https://registry.npmjs.org/@next/swc-darwin-arm64/-/swc-darwin-arm64-14.2.3.tgz. Extracting by manifest.
1937 silly tarball no local data for @types/webidl-conversions@https://registry.npmjs.org/@types/webidl-conversions/-/webidl-conversions-7.0.3.tgz. Extracting by manifest.
1938 silly tarball no local data for sparse-bitfield@https://registry.npmjs.org/sparse-bitfield/-/sparse-bitfield-3.0.3.tgz. Extracting by manifest.
1939 silly tarball no local data for mime-db@https://registry.npmjs.org/mime-db/-/mime-db-1.52.0.tgz. Extracting by manifest.
1940 http cache loose-envify@https://registry.npmjs.org/loose-envify/-/loose-envify-1.4.0.tgz 0ms (cache hit)
1941 silly tarball no local data for mime-types@https://registry.npmjs.org/mime-types/-/mime-types-2.1.35.tgz. Extracting by manifest.
1942 silly tarball no local data for electron-to-chromium@https://registry.npmjs.org/electron-to-chromium/-/electron-to-chromium-1.5.180.tgz. Extracting by manifest.
1943 silly tarball no local data for proxy-from-env@https://registry.npmjs.org/proxy-from-env/-/proxy-from-env-1.1.0.tgz. Extracting by manifest.
1944 http cache update-browserslist-db@https://registry.npmjs.org/update-browserslist-db/-/update-browserslist-db-1.1.3.tgz 0ms (cache hit)
1945 silly tarball no local data for follow-redirects@https://registry.npmjs.org/follow-redirects/-/follow-redirects-1.15.9.tgz. Extracting by manifest.
1946 http cache browserslist@https://registry.npmjs.org/browserslist/-/browserslist-4.25.1.tgz 0ms (cache hit)
1947 silly tarball no local data for picocolors@https://registry.npmjs.org/picocolors/-/picocolors-1.1.1.tgz. Extracting by manifest.
1948 silly tarball no local data for normalize-range@https://registry.npmjs.org/normalize-range/-/normalize-range-0.1.2.tgz. Extracting by manifest.
1949 silly tarball no local data for fraction.js@https://registry.npmjs.org/fraction.js/-/fraction.js-4.3.7.tgz. Extracting by manifest.
1950 silly tarball no local data for tailwindcss-animate@https://registry.npmjs.org/tailwindcss-animate/-/tailwindcss-animate-1.0.7.tgz. Extracting by manifest.
1951 silly tarball no local data for globals@https://registry.npmjs.org/globals/-/globals-16.3.0.tgz. Extracting by manifest.
1952 silly tarball no local data for ansi-regex@https://registry.npmjs.org/ansi-regex/-/ansi-regex-5.0.1.tgz. Extracting by manifest.
1953 http fetch POST 200 https://registry.npmjs.org/-/npm/v1/security/advisories/bulk 598ms
1954 silly audit report {
1954 silly audit report   postcss: [
1954 silly audit report     {
1954 silly audit report       id: 1117015,
1954 silly audit report       url: 'https://github.com/advisories/GHSA-qx2v-qp2m-jg93',
1954 silly audit report       title: 'PostCSS has XSS via Unescaped </style> in its CSS Stringify Output',
1954 silly audit report       severity: 'moderate',
1954 silly audit report       vulnerable_versions: '<8.5.10',
1954 silly audit report       cwe: [Array],
1954 silly audit report       cvss: [Object]
1954 silly audit report     }
1954 silly audit report   ],
1954 silly audit report   axios: [
1954 silly audit report     {
1954 silly audit report       id: 1118607,
1954 silly audit report       url: 'https://github.com/advisories/GHSA-q8qp-cvcw-x6jj',
1954 silly audit report       title: 'Axios has prototype pollution read-side gadgets in HTTP adapter that allow credential injection and request hijacking',
1954 silly audit report       severity: 'high',
1954 silly audit report       vulnerable_versions: '>=1.0.0 <1.15.2',
1954 silly audit report       cwe: [Array],
1954 silly audit report       cvss: [Object]
1954 silly audit report     },
1954 silly audit report     {
1954 silly audit report       id: 1112195,
1954 silly audit report       url: 'https://github.com/advisories/GHSA-4hjh-wcwx-xvwj',
1954 silly audit report       title: 'Axios is vulnerable to DoS attack through lack of data size check',
1954 silly audit report       severity: 'high',
1954 silly audit report       vulnerable_versions: '>=1.0.0 <1.12.0',
1954 silly audit report       cwe: [Array],
1954 silly audit report       cvss: [Object]
1954 silly audit report     },
1954 silly audit report     {
1954 silly audit report       id: 1119404,
1954 silly audit report       url: 'https://github.com/advisories/GHSA-fvcv-3m26-pcqx',
1954 silly audit report       title: 'Axios has Unrestricted Cloud Metadata Exfiltration via Header Injection Chain',
1954 silly audit report       severity: 'moderate',
1954 silly audit report       vulnerable_versions: '>=1.0.0 <1.15.0',
1954 silly audit report       cwe: [Array],
1954 silly audit report       cvss: [Object]
1954 silly audit report     },
1954 silly audit report     {
1954 silly audit report       id: 1116673,
1954 silly audit report       url: 'https://github.com/advisories/GHSA-3p68-rc4w-qgx5',
1954 silly audit report       title: 'Axios has a NO_PROXY Hostname Normalization Bypass that Leads to SSRF',
1954 silly audit report       severity: 'moderate',
1954 silly audit report       vulnerable_versions: '>=1.0.0 <1.15.0',
1954 silly audit report       cwe: [Array],
1954 silly audit report       cvss: [Object]
1954 silly audit report     },
1954 silly audit report     {
1954 silly audit report       id: 1117574,
1954 silly audit report       url: 'https://github.com/advisories/GHSA-w9j2-pvgh-6h63',
1954 silly audit report       title: 'Axios: Authentication Bypass via Prototype Pollution Gadget in `validateStatus` Merge Strategy',
1954 silly audit report       severity: 'moderate',
1954 silly audit report       vulnerable_versions: '>=1.0.0 <1.15.1',
1954 silly audit report       cwe: [Array],
1954 silly audit report       cvss: [Object]
1954 silly audit report     },
1954 silly audit report     {
1954 silly audit report       id: 1117576,
1954 silly audit report       url: 'https://github.com/advisories/GHSA-pmwg-cvhr-8vh7',
1954 silly audit report       title: 'Axios: Incomplete Fix for CVE-2025-62718 — NO_PROXY Protection Bypassed via RFC 1122 Loopback Subnet (127.0.0.0/8) in Axios 1.15.0',
1954 silly audit report       severity: 'high',
1954 silly audit report       vulnerable_versions: '>=1.0.0 <1.15.1',
1954 silly audit report       cwe: [Array],
1954 silly audit report       cvss: [Object]
1954 silly audit report     },
1954 silly audit report     {
1954 silly audit report       id: 1117577,
1954 silly audit report       url: 'https://github.com/advisories/GHSA-3w6x-2g7m-8v23',
1954 silly audit report       title: 'Axios: Invisible JSON Response Tampering via Prototype Pollution Gadget in `parseReviver`',
1954 silly audit report       severity: 'moderate',
1954 silly audit report       vulnerable_versions: '>=1.0.0 <1.15.2',
1954 silly audit report       cwe: [Array],
1954 silly audit report       cvss: [Object]
1954 silly audit report     },
1954 silly audit report     {
1954 silly audit report       id: 1117580,
1954 silly audit report       url: 'https://github.com/advisories/GHSA-xhjh-pmcv-23jw',
1954 silly audit report       title: 'Axios: Null Byte Injection via Reverse-Encoding in AxiosURLSearchParams',
1954 silly audit report       severity: 'low',
1954 silly audit report       vulnerable_versions: '>=1.0.0 <1.15.1',
1954 silly audit report       cwe: [Array],
1954 silly audit report       cvss: [Object]
1954 silly audit report     },
1954 silly audit report     {
1954 silly audit report       id: 1117581,
1954 silly audit report       url: 'https://github.com/advisories/GHSA-445q-vr5w-6q77',
1954 silly audit report       title: 'Axios: CRLF Injection in multipart/form-data body via unsanitized blob.type in formDataToStream',
1954 silly audit report       severity: 'moderate',
1954 silly audit report       vulnerable_versions: '>=1.0.0 <1.15.1',
1954 silly audit report       cwe: [Array],
1954 silly audit report       cvss: [Object]
1954 silly audit report     },
1954 silly audit report     {
1954 silly audit report       id: 1117583,
1954 silly audit report       url: 'https://github.com/advisories/GHSA-m7pr-hjqh-92cm',
1954 silly audit report       title: 'Axios: no_proxy bypass via IP alias allows SSRF',
1954 silly audit report       severity: 'moderate',
1954 silly audit report       vulnerable_versions: '>=1.0.0 <1.15.1',
1954 silly audit report       cwe: [Array],
1954 silly audit report       cvss: [Object]
1954 silly audit report     },
1954 silly audit report     {
1954 silly audit report       id: 1117585,
1954 silly audit report       url: 'https://github.com/advisories/GHSA-62hf-57xw-28j9',
1954 silly audit report       title: 'Axios: unbounded recursion in toFormData causes DoS via deeply nested request data',
1954 silly audit report       severity: 'moderate',
1954 silly audit report       vulnerable_versions: '>=1.0.0 <1.15.1',
1954 silly audit report       cwe: [Array],
1954 silly audit report       cvss: [Object]
1954 silly audit report     },
1954 silly audit report     {
1954 silly audit report       id: 1117587,
1954 silly audit report       url: 'https://github.com/advisories/GHSA-5c9x-8gcm-mpgx',
1954 silly audit report       title: "Axios' HTTP adapter-streamed uploads bypass maxBodyLength when maxRedirects: 0",
1954 silly audit report       severity: 'moderate',
1954 silly audit report       vulnerable_versions: '>=1.0.0 <1.15.1',
1954 silly audit report       cwe: [Array],
1954 silly audit report       cvss: [Object]
1954 silly audit report     },
1954 silly audit report     {
1954 silly audit report       id: 1117589,
1954 silly audit report       url: 'https://github.com/advisories/GHSA-vf2m-468p-8v99',
1954 silly audit report       title: 'Axios: HTTP adapter streamed responses bypass maxContentLength',
1954 silly audit report       severity: 'moderate',
1954 silly audit report       vulnerable_versions: '>=1.0.0 <1.15.1',
1954 silly audit report       cwe: [Array],
1954 silly audit report       cvss: [Object]
1954 silly audit report     },
1954 silly audit report     {
1954 silly audit report       id: 1117591,
1954 silly audit report       url: 'https://github.com/advisories/GHSA-pf86-5x62-jrwf',
1954 silly audit report       title: 'Axios: Prototype Pollution Gadgets - Response Tampering, Data Exfiltration, and Request Hijacking',
1954 silly audit report       severity: 'high',
1954 silly audit report       vulnerable_versions: '>=1.0.0 <1.15.1',
1954 silly audit report       cwe: [Array],
1954 silly audit report       cvss: [Object]
1954 silly audit report     },
1954 silly audit report     {
1954 silly audit report       id: 1117593,
1954 silly audit report       url: 'https://github.com/advisories/GHSA-6chq-wfr3-2hj9',
1954 silly audit report       title: 'Axios: Header Injection via Prototype Pollution',
1954 silly audit report       severity: 'high',
1954 silly audit report       vulnerable_versions: '>=1.0.0 <1.15.1',
1954 silly audit report       cwe: [Array],
1954 silly audit report       cvss: [Object]
1954 silly audit report     },
1954 silly audit report     {
1954 silly audit report       id: 1117595,
1954 silly audit report       url: 'https://github.com/advisories/GHSA-xx6v-rp6x-q39c',
1954 silly audit report       title: 'Axios: XSRF Token Cross-Origin Leakage via Prototype Pollution Gadget in `withXSRFToken` Boolean Coercion',
1954 silly audit report       severity: 'moderate',
1954 silly audit report       vulnerable_versions: '>=1.0.0 <1.15.1',
1954 silly audit report       cwe: [Array],
1954 silly audit report       cvss: [Object]
1954 silly audit report     },
1954 silly audit report     {
1954 silly audit report       id: 1117858,
1954 silly audit report       url: 'https://github.com/advisories/GHSA-43fc-jf86-j433',
1954 silly audit report       title: 'Axios is Vulnerable to Denial of Service via __proto__ Key in mergeConfig',
1954 silly audit report       severity: 'high',
1954 silly audit report       vulnerable_versions: '>=1.0.0 <=1.13.4',
1954 silly audit report       cwe: [Array],
1954 silly audit report       cvss: [Object]
1954 silly audit report     }
1954 silly audit report   ],
1954 silly audit report   next: [
1954 silly audit report     {
1954 silly audit report       id: 1099638,
1954 silly audit report       url: 'https://github.com/advisories/GHSA-gp8f-8m3g-qvj9',
1954 silly audit report       title: 'Next.js Cache Poisoning',
1954 silly audit report       severity: 'high',
1954 silly audit report       vulnerable_versions: '>=14.0.0 <14.2.10',
1954 silly audit report       cwe: [Array],
1954 silly audit report       cvss: [Object]
1954 silly audit report     },
1954 silly audit report     {
1954 silly audit report       id: 1100421,
1954 silly audit report       url: 'https://github.com/advisories/GHSA-g77x-44xx-532m',
1954 silly audit report       title: 'Denial of Service condition in Next.js image optimization',
1954 silly audit report       severity: 'moderate',
1954 silly audit report       vulnerable_versions: '>=10.0.0 <14.2.7',
1954 silly audit report       cwe: [Array],
1954 silly audit report       cvss: [Object]
1954 silly audit report     },
1954 silly audit report     {
1954 silly audit report       id: 1117931,
1954 silly audit report       url: 'https://github.com/advisories/GHSA-8h8q-6873-q5fj',
1954 silly audit report       title: 'Next.js Vulnerable to Denial of Service with Server Components',
1954 silly audit report       severity: 'high',
1954 silly audit report       vulnerable_versions: '>=13.0.0 <15.5.16',
1954 silly audit report       cwe: [Array],
1954 silly audit report       cvss: [Object]
1954 silly audit report     },
1954 silly audit report     {
1954 silly audit report       id: 1101438,
1954 silly audit report       url: 'https://github.com/advisories/GHSA-7m27-7ghc-44w9',
1954 silly audit report       title: 'Next.js Allows a Denial of Service (DoS) with Server Actions',
1954 silly audit report       severity: 'moderate',
1954 silly audit report       vulnerable_versions: '>=14.0.0 <14.2.21',
1954 silly audit report       cwe: [Array],
1954 silly audit report       cvss: [Object]
1954 silly audit report     },
1954 silly audit report     {
1954 silly audit report       id: 1105461,
1954 silly audit report       url: 'https://github.com/advisories/GHSA-3h52-269p-cp9r',
1954 silly audit report       title: 'Information exposure in Next.js dev server due to lack of origin verification',
1954 silly audit report       severity: 'low',
1954 silly audit report       vulnerable_versions: '>=13.0 <14.2.30',
1954 silly audit report       cwe: [Array],
1954 silly audit report       cvss: [Object]
1954 silly audit report     },
1954 silly audit report     {
1954 silly audit report       id: 1111391,
1954 silly audit report       url: 'https://github.com/advisories/GHSA-mwv6-3258-q52c',
1954 silly audit report       title: 'Next Vulnerable to Denial of Service with Server Components',
1954 silly audit report       severity: 'high',
1954 silly audit report       vulnerable_versions: '>=13.3.0 <14.2.34',
1954 silly audit report       cwe: [Array],
1954 silly audit report       cvss: [Object]
1954 silly audit report     },
1954 silly audit report     {
1954 silly audit report       id: 1107226,
1954 silly audit report       url: 'https://github.com/advisories/GHSA-g5qg-72qw-gw5v',
1954 silly audit report       title: 'Next.js Affected by Cache Key Confusion for Image Optimization API Routes',
1954 silly audit report       severity: 'moderate',
1954 silly audit report       vulnerable_versions: '>=0.9.9 <14.2.31',
1954 silly audit report       cwe: [Array],
1954 silly audit report       cvss: [Object]
1954 silly audit report     },
1954 silly audit report     {
1954 silly audit report       id: 1107420,
1954 silly audit report       url: 'https://github.com/advisories/GHSA-7gfc-8cq8-jh5f',
1954 silly audit report       title: 'Next.js authorization bypass vulnerability',
1954 silly audit report       severity: 'high',
1954 silly audit report       vulnerable_versions: '>=9.5.5 <14.2.15',
1954 silly audit report       cwe: [Array],
1954 silly audit report       cvss: [Object]
1954 silly audit report     },
1954 silly audit report     {
1954 silly audit report       id: 1107512,
1954 silly audit report       url: 'https://github.com/advisories/GHSA-4342-x723-ch2f',
1954 silly audit report       title: 'Next.js Improper Middleware Redirect Handling Leads to SSRF',
1954 silly audit report       severity: 'moderate',
1954 silly audit report       vulnerable_versions: '>=0.9.9 <14.2.32',
1954 silly audit report       cwe: [Array],
1954 silly audit report       cvss: [Object]
1954 silly audit report     },
1954 silly audit report     {
1954 silly audit report       id: 1107513,
1954 silly audit report       url: 'https://github.com/advisories/GHSA-xv57-4mr9-wg8v',
1954 silly audit report       title: 'Next.js Content Injection Vulnerability for Image Optimization',
1954 silly audit report       severity: 'moderate',
1954 silly audit report       vulnerable_versions: '>=0.9.9 <14.2.31',
1954 silly audit report       cwe: [Array],
1954 silly audit report       cvss: [Object]
1954 silly audit report     },
1954 silly audit report     {
1954 silly audit report       id: 1112182,
1954 silly audit report       url: 'https://github.com/advisories/GHSA-5j59-xgg2-r9c4',
1954 silly audit report       title: 'Next has a Denial of Service with Server Components - Incomplete Fix Follow-Up',
1954 silly audit report       severity: 'high',
1954 silly audit report       vulnerable_versions: '>=13.3.1-canary.0 <14.2.35',
1954 silly audit report       cwe: [Array],
1954 silly audit report       cvss: [Object]
1954 silly audit report     },
1954 silly audit report     {
1954 silly audit report       id: 1108291,
1954 silly audit report       url: 'https://github.com/advisories/GHSA-qpjv-v59x-3qc4',
1954 silly audit report       title: 'Next.js Race Condition to Cache Poisoning',
1954 silly audit report       severity: 'low',
1954 silly audit report       vulnerable_versions: '>=0.9.9 <14.2.24',
1954 silly audit report       cwe: [Array],
1954 silly audit report       cvss: [Object]
1954 silly audit report     },
1954 silly audit report     {
1954 silly audit report       id: 1118942,
1954 silly audit report       url: 'https://github.com/advisories/GHSA-3g8h-86w9-wvmq',
1954 silly audit report       title: "Next.js's Middleware / Proxy redirects can be cache-poisoned",
1954 silly audit report       severity: 'low',
1954 silly audit report       vulnerable_versions: '>=12.2.0 <15.5.16',
1954 silly audit report       cwe: [Array],
1954 silly audit report       cvss: [Object]
1954 silly audit report     },
1954 silly audit report     {
1954 silly audit report       id: 1118944,
1954 silly audit report       url: 'https://github.com/advisories/GHSA-ffhc-5mcf-pf4q',
1954 silly audit report       title: 'Next.js vulnerable to cross-site scripting in App Router applications using CSP nonces',
1954 silly audit report       severity: 'moderate',
1954 silly audit report       vulnerable_versions: '>=13.4.0 <15.5.16',
1954 silly audit report       cwe: [Array],
1954 silly audit report       cvss: [Object]
1954 silly audit report     },
1954 silly audit report     {
1954 silly audit report       id: 1118946,
1954 silly audit report       url: 'https://github.com/advisories/GHSA-vfv6-92ff-j949',
1954 silly audit report       title: 'Next.js vulnerable to cache poisoning via collisions in React Server Component cache-busting',
1954 silly audit report       severity: 'low',
1954 silly audit report       vulnerable_versions: '>=13.4.6 <15.5.16',
1954 silly audit report       cwe: [Array],
1954 silly audit report       cvss: [Object]
1954 silly audit report     },
1954 silly audit report     {
1954 silly audit report       id: 1118948,
1954 silly audit report       url: 'https://github.com/advisories/GHSA-gx5p-jg67-6x7h',
1954 silly audit report       title: 'Next.js has cross-site scripting in beforeInteractive scripts with untrusted input',
1954 silly audit report       severity: 'moderate',
1954 silly audit report       vulnerable_versions: '>=13.0.0 <15.5.16',
1954 silly audit report       cwe: [Array],
1954 silly audit report       cvss: [Object]
1954 silly audit report     },
1954 silly audit report     {
1954 silly audit report       id: 1118952,
1954 silly audit report       url: 'https://github.com/advisories/GHSA-h64f-5h5j-jqjh',
1954 silly audit report       title: 'Next.js has a Denial of Service in the Image Optimization API',
1954 silly audit report       severity: 'moderate',
1954 silly audit report       vulnerable_versions: '>=10.0.0 <15.5.16',
1954 silly audit report       cwe: [Array],
1954 silly audit report       cvss: [Object]
1954 silly audit report     },
1954 silly audit report     {
1954 silly audit report       id: 1118954,
1954 silly audit report       url: 'https://github.com/advisories/GHSA-c4j6-fc7j-m34r',
1954 silly audit report       title: 'Next.js vulnerable to server-side request forgery in applications using WebSocket upgrades',
1954 silly audit report       severity: 'high',
1954 silly audit report       vulnerable_versions: '>=13.4.13 <15.5.16',
1954 silly audit report       cwe: [Array],
1954 silly audit report       cvss: [Object]
1954 silly audit report     },
1954 silly audit report     {
1954 silly audit report       id: 1118958,
1954 silly audit report       url: 'https://github.com/advisories/GHSA-wfc6-r584-vfw7',
1954 silly audit report       title: 'Next.js vulnerable to cache poisoning in React Server Component responses',
1954 silly audit report       severity: 'moderate',
1954 silly audit report       vulnerable_versions: '>=14.2.0 <15.5.16',
1954 silly audit report       cwe: [Array],
1954 silly audit report       cvss: [Object]
1954 silly audit report     },
1954 silly audit report     {
1954 silly audit report       id: 1118962,
1954 silly audit report       url: 'https://github.com/advisories/GHSA-36qx-fr4f-26g5',
1954 silly audit report       title: 'Next.js has a Middleware / Proxy bypass in Pages Router applications using i18n',
1954 silly audit report       severity: 'high',
1954 silly audit report       vulnerable_versions: '>=12.2.0 <15.5.16',
1954 silly audit report       cwe: [Array],
1954 silly audit report       cvss: [Object]
1954 silly audit report     },
1954 silly audit report     {
1954 silly audit report       id: 1112593,
1954 silly audit report       url: 'https://github.com/advisories/GHSA-9g9p-9gw9-jx7f',
1954 silly audit report       title: 'Next.js self-hosted applications vulnerable to DoS via Image Optimizer remotePatterns configuration',
1954 silly audit report       severity: 'moderate',
1954 silly audit report       vulnerable_versions: '>=10.0.0 <15.5.10',
1954 silly audit report       cwe: [Array],
1954 silly audit report       cvss: [Object]
1954 silly audit report     },
1954 silly audit report     {
1954 silly audit report       id: 1112653,
1954 silly audit report       url: 'https://github.com/advisories/GHSA-h25m-26qc-wcjf',
1954 silly audit report       title: 'Next.js HTTP request deserialization can lead to DoS when using insecure React Server Components',
1954 silly audit report       severity: 'high',
1954 silly audit report       vulnerable_versions: '>=13.0.0 <15.0.8',
1954 silly audit report       cwe: [Array],
1954 silly audit report       cvss: [Object]
1954 silly audit report     },
1954 silly audit report     {
1954 silly audit report       id: 1113689,
1954 silly audit report       url: 'https://github.com/advisories/GHSA-f82v-jwr5-mffw',
1954 silly audit report       title: 'Authorization Bypass in Next.js Middleware',
1954 silly audit report       severity: 'critical',
1954 silly audit report       vulnerable_versions: '>=14.0.0 <14.2.25',
1954 silly audit report       cwe: [Array],
1954 silly audit report       cvss: [Object]
1954 silly audit report     },
1954 silly audit report     {
1954 silly audit report       id: 1114897,
1954 silly audit report       url: 'https://github.com/advisories/GHSA-ggv3-7p47-pfv8',
1954 silly audit report       title: 'Next.js: HTTP request smuggling in rewrites',
1954 silly audit report       severity: 'moderate',
1954 silly audit report       vulnerable_versions: '>=9.5.0 <15.5.13',
1954 silly audit report       cwe: [Array],
1954 silly audit report       cvss: [Object]
1954 silly audit report     },
1954 silly audit report     {
1954 silly audit report       id: 1114940,
1954 silly audit report       url: 'https://github.com/advisories/GHSA-3x4c-7xq6-9pq8',
1954 silly audit report       title: 'Next.js: Unbounded next/image disk cache growth can exhaust storage',
1954 silly audit report       severity: 'moderate',
1954 silly audit report       vulnerable_versions: '>=10.0.0 <15.5.14',
1954 silly audit report       cwe: [Array],
1954 silly audit report       cvss: [Object]
1954 silly audit report     },
1954 silly audit report     {
1954 silly audit report       id: 1116376,
1954 silly audit report       url: 'https://github.com/advisories/GHSA-q4gf-8mx6-v5v3',
1954 silly audit report       title: 'Next.js has a Denial of Service with Server Components',
1954 silly audit report       severity: 'high',
1954 silly audit report       vulnerable_versions: '>=13.0.0 <15.5.15',
1954 silly audit report       cwe: [Array],
1954 silly audit report       cvss: [Object]
1954 silly audit report     }
1954 silly audit report   ],
1954 silly audit report   uuid: [
1954 silly audit report     {
1954 silly audit report       id: 1119441,
1954 silly audit report       url: 'https://github.com/advisories/GHSA-w5hq-g745-h8pq',
1954 silly audit report       title: 'uuid: Missing buffer bounds check in v3/v5/v6 when buf is provided',
1954 silly audit report       severity: 'moderate',
1954 silly audit report       vulnerable_versions: '<11.1.1',
1954 silly audit report       cwe: [Array],
1954 silly audit report       cvss: [Object]
1954 silly audit report     }
1954 silly audit report   ],
1954 silly audit report   'follow-redirects': [
1954 silly audit report     {
1954 silly audit report       id: 1116560,
1954 silly audit report       url: 'https://github.com/advisories/GHSA-r4q5-vmmm-2653',
1954 silly audit report       title: 'follow-redirects leaks Custom Authentication Headers to Cross-Domain Redirect Targets',
1954 silly audit report       severity: 'moderate',
1954 silly audit report       vulnerable_versions: '<=1.15.11',
1954 silly audit report       cwe: [Array],
1954 silly audit report       cvss: [Object]
1954 silly audit report     }
1954 silly audit report   ],
1954 silly audit report   'form-data': [
1954 silly audit report     {
1954 silly audit report       id: 1109538,
1954 silly audit report       url: 'https://github.com/advisories/GHSA-fjxv-7rqg-78g4',
1954 silly audit report       title: 'form-data uses unsafe random function in form-data for choosing boundary',
1954 silly audit report       severity: 'critical',
1954 silly audit report       vulnerable_versions: '>=4.0.0 <4.0.4',
1954 silly audit report       cwe: [Array],
1954 silly audit report       cvss: [Object]
1954 silly audit report     }
1954 silly audit report   ],
1954 silly audit report   lodash: [
1954 silly audit report     {
1954 silly audit report       id: 1112455,
1954 silly audit report       url: 'https://github.com/advisories/GHSA-xxjr-mmjv-4gpg',
1954 silly audit report       title: 'Lodash has Prototype Pollution Vulnerability in `_.unset` and `_.omit` functions',
1954 silly audit report       severity: 'moderate',
1954 silly audit report       vulnerable_versions: '>=4.0.0 <=4.17.22',
1954 silly audit report       cwe: [Array],
1954 silly audit report       cvss: [Object]
1954 silly audit report     },
1954 silly audit report     {
1954 silly audit report       id: 1115806,
1954 silly audit report       url: 'https://github.com/advisories/GHSA-r5fr-rjxr-66jc',
1954 silly audit report       title: 'lodash vulnerable to Code Injection via `_.template` imports key names',
1954 silly audit report       severity: 'high',
1954 silly audit report       vulnerable_versions: '>=4.0.0 <=4.17.23',
1954 silly audit report       cwe: [Array],
1954 silly audit report       cvss: [Object]
1954 silly audit report     },
1954 silly audit report     {
1954 silly audit report       id: 1115810,
1954 silly audit report       url: 'https://github.com/advisories/GHSA-f23m-r3pf-42rh',
1954 silly audit report       title: 'lodash vulnerable to Prototype Pollution via array path bypass in `_.unset` and `_.omit`',
1954 silly audit report       severity: 'moderate',
1954 silly audit report       vulnerable_versions: '<=4.17.23',
1954 silly audit report       cwe: [Array],
1954 silly audit report       cvss: [Object]
1954 silly audit report     }
1954 silly audit report   ],
1954 silly audit report   picomatch: [
1954 silly audit report     {
1954 silly audit report       id: 1115549,
1954 silly audit report       url: 'https://github.com/advisories/GHSA-3v7f-55p6-f55p',
1954 silly audit report       title: 'Picomatch: Method Injection in POSIX Character Classes causes incorrect Glob Matching',
1954 silly audit report       severity: 'moderate',
1954 silly audit report       vulnerable_versions: '<2.3.2',
1954 silly audit report       cwe: [Array],
1954 silly audit report       cvss: [Object]
1954 silly audit report     },
1954 silly audit report     {
1954 silly audit report       id: 1115552,
1954 silly audit report       url: 'https://github.com/advisories/GHSA-c2c7-rcm5-vvqj',
1954 silly audit report       title: 'Picomatch has a ReDoS vulnerability via extglob quantifiers',
1954 silly audit report       severity: 'high',
1954 silly audit report       vulnerable_versions: '<2.3.2',
1954 silly audit report       cwe: [Array],
1954 silly audit report       cvss: [Object]
1954 silly audit report     }
1954 silly audit report   ],
1954 silly audit report   glob: [
1954 silly audit report     {
1954 silly audit report       id: 1109842,
1954 silly audit report       url: 'https://github.com/advisories/GHSA-5j98-mcp5-4vw2',
1954 silly audit report       title: 'glob CLI: Command injection via -c/--cmd executes matches with shell:true',
1954 silly audit report       severity: 'high',
1954 silly audit report       vulnerable_versions: '>=10.2.0 <10.5.0',
1954 silly audit report       cwe: [Array],
1954 silly audit report       cvss: [Object]
1954 silly audit report     }
1954 silly audit report   ],
1954 silly audit report   minimatch: [
1954 silly audit report     {
1954 silly audit report       id: 1113465,
1954 silly audit report       url: 'https://github.com/advisories/GHSA-3ppc-4f35-3m26',
1954 silly audit report       title: 'minimatch has a ReDoS via repeated wildcards with non-matching literal in pattern',
1954 silly audit report       severity: 'high',
1954 silly audit report       vulnerable_versions: '>=9.0.0 <9.0.6',
1954 silly audit report       cwe: [Array],
1954 silly audit report       cvss: [Object]
1954 silly audit report     },
1954 silly audit report     {
1954 silly audit report       id: 1113544,
1954 silly audit report       url: 'https://github.com/advisories/GHSA-7r86-cg39-jmmj',
1954 silly audit report       title: 'minimatch has ReDoS: matchOne() combinatorial backtracking via multiple non-adjacent GLOBSTAR segments',
1954 silly audit report       severity: 'high',
1954 silly audit report       vulnerable_versions: '>=9.0.0 <9.0.7',
1954 silly audit report       cwe: [Array],
1954 silly audit report       cvss: [Object]
1954 silly audit report     },
1954 silly audit report     {
1954 silly audit report       id: 1113552,
1954 silly audit report       url: 'https://github.com/advisories/GHSA-23c5-xmqv-rm74',
1954 silly audit report       title: 'minimatch ReDoS: nested *() extglobs generate catastrophically backtracking regular expressions',
1954 silly audit report       severity: 'high',
1954 silly audit report       vulnerable_versions: '>=9.0.0 <9.0.7',
1954 silly audit report       cwe: [Array],
1954 silly audit report       cvss: [Object]
1954 silly audit report     }
1954 silly audit report   ],
1954 silly audit report   'brace-expansion': [
1954 silly audit report     {
1954 silly audit report       id: 1115541,
1954 silly audit report       url: 'https://github.com/advisories/GHSA-f886-m6hf-6m8v',
1954 silly audit report       title: 'brace-expansion: Zero-step sequence causes process hang and memory exhaustion',
1954 silly audit report       severity: 'moderate',
1954 silly audit report       vulnerable_versions: '>=2.0.0 <2.0.3',
1954 silly audit report       cwe: [Array],
1954 silly audit report       cvss: [Object]
1954 silly audit report     }
1954 silly audit report   ],
1954 silly audit report   yaml: [
1954 silly audit report     {
1954 silly audit report       id: 1115556,
1954 silly audit report       url: 'https://github.com/advisories/GHSA-48c2-rrv3-qjmp',
1954 silly audit report       title: 'yaml is vulnerable to Stack Overflow via deeply nested YAML collections',
1954 silly audit report       severity: 'moderate',
1954 silly audit report       vulnerable_versions: '>=2.0.0 <2.8.3',
1954 silly audit report       cwe: [Array],
1954 silly audit report       cvss: [Object]
1954 silly audit report     }
1954 silly audit report   ]
1954 silly audit report }
1955 silly packumentCache corgi:https://registry.npmjs.org/postcss cache-miss
1956 silly packumentCache corgi:https://registry.npmjs.org/axios cache-miss
1957 silly packumentCache corgi:https://registry.npmjs.org/next cache-miss
1958 silly packumentCache corgi:https://registry.npmjs.org/uuid cache-miss
1959 silly packumentCache corgi:https://registry.npmjs.org/follow-redirects cache-miss
1960 silly packumentCache corgi:https://registry.npmjs.org/form-data cache-miss
1961 silly packumentCache corgi:https://registry.npmjs.org/lodash cache-miss
1962 silly packumentCache corgi:https://registry.npmjs.org/picomatch cache-miss
1963 silly packumentCache corgi:https://registry.npmjs.org/glob cache-miss
1964 silly packumentCache corgi:https://registry.npmjs.org/minimatch cache-miss
1965 silly packumentCache corgi:https://registry.npmjs.org/brace-expansion cache-miss
1966 silly packumentCache corgi:https://registry.npmjs.org/yaml cache-miss
1967 silly tarball no local data for ansi-styles@https://registry.npmjs.org/ansi-styles/-/ansi-styles-4.3.0.tgz. Extracting by manifest.
1968 silly tarball no local data for strip-ansi@https://registry.npmjs.org/strip-ansi/-/strip-ansi-6.0.1.tgz. Extracting by manifest.
1969 silly tarball no local data for string-width@https://registry.npmjs.org/string-width/-/string-width-4.2.3.tgz. Extracting by manifest.
1970 silly tarball no local data for ansi-regex@https://registry.npmjs.org/ansi-regex/-/ansi-regex-5.0.1.tgz. Extracting by manifest.
1971 silly tarball no local data for glob-parent@https://registry.npmjs.org/glob-parent/-/glob-parent-5.1.2.tgz. Extracting by manifest.
1972 silly tarball no local data for strip-ansi@https://registry.npmjs.org/strip-ansi/-/strip-ansi-6.0.1.tgz. Extracting by manifest.
1973 silly tarball no local data for glob-parent@https://registry.npmjs.org/glob-parent/-/glob-parent-5.1.2.tgz. Extracting by manifest.
1974 silly tarball no local data for ansi-regex@https://registry.npmjs.org/ansi-regex/-/ansi-regex-5.0.1.tgz. Extracting by manifest.
1975 silly tarball no local data for loose-envify@https://registry.npmjs.org/loose-envify/-/loose-envify-1.4.0.tgz. Extracting by manifest.
1976 silly tarball no local data for update-browserslist-db@https://registry.npmjs.org/update-browserslist-db/-/update-browserslist-db-1.1.3.tgz. Extracting by manifest.
1977 silly tarball no local data for browserslist@https://registry.npmjs.org/browserslist/-/browserslist-4.25.1.tgz. Extracting by manifest.
1978 http cache webidl-conversions@https://registry.npmjs.org/webidl-conversions/-/webidl-conversions-7.0.0.tgz 0ms (cache hit)
1979 http cache isexe@https://registry.npmjs.org/isexe/-/isexe-2.0.0.tgz 0ms (cache hit)
1980 http cache d3-path@https://registry.npmjs.org/d3-path/-/d3-path-3.1.0.tgz 0ms (cache hit)
1981 http cache d3-color@https://registry.npmjs.org/d3-color/-/d3-color-3.1.0.tgz 0ms (cache hit)
1982 http cache internmap@https://registry.npmjs.org/internmap/-/internmap-2.0.3.tgz 0ms (cache hit)
1983 http cache d3-timer@https://registry.npmjs.org/d3-timer/-/d3-timer-3.0.1.tgz 0ms (cache hit)
1984 http cache d3-time@https://registry.npmjs.org/d3-time/-/d3-time-3.1.0.tgz 0ms (cache hit)
1985 http cache tr46@https://registry.npmjs.org/tr46/-/tr46-5.1.1.tgz 0ms (cache hit)
1986 http cache d3-ease@https://registry.npmjs.org/d3-ease/-/d3-ease-3.0.1.tgz 0ms (cache hit)
1987 http cache d3-format@https://registry.npmjs.org/d3-format/-/d3-format-3.1.0.tgz 0ms (cache hit)
1988 http cache d3-time-format@https://registry.npmjs.org/d3-time-format/-/d3-time-format-4.1.0.tgz 0ms (cache hit)
1989 http cache detect-node-es@https://registry.npmjs.org/detect-node-es/-/detect-node-es-1.1.0.tgz 0ms (cache hit)
1990 http cache emoji-regex@https://registry.npmjs.org/emoji-regex/-/emoji-regex-9.2.2.tgz 0ms (cache hit)
1991 http cache d3-scale@https://registry.npmjs.org/d3-scale/-/d3-scale-4.0.2.tgz 0ms (cache hit)
1992 http cache escalade@https://registry.npmjs.org/escalade/-/escalade-3.2.0.tgz 0ms (cache hit)
1993 http cache brace-expansion@https://registry.npmjs.org/brace-expansion/-/brace-expansion-2.0.2.tgz 0ms (cache hit)
1994 http cache balanced-match@https://registry.npmjs.org/balanced-match/-/balanced-match-1.0.2.tgz 0ms (cache hit)
1995 http cache any-promise@https://registry.npmjs.org/any-promise/-/any-promise-1.3.0.tgz 0ms (cache hit)
1996 http cache @pkgjs/parseargs@https://registry.npmjs.org/@pkgjs/parseargs/-/parseargs-0.11.0.tgz 0ms (cache hit)
1997 http cache @jridgewell/trace-mapping@https://registry.npmjs.org/@jridgewell/trace-mapping/-/trace-mapping-0.3.29.tgz 0ms (cache hit)
1998 http cache @jridgewell/sourcemap-codec@https://registry.npmjs.org/@jridgewell/sourcemap-codec/-/sourcemap-codec-1.5.4.tgz 0ms (cache hit)
1999 http cache ts-interface-checker@https://registry.npmjs.org/ts-interface-checker/-/ts-interface-checker-0.1.13.tgz 0ms (cache hit)
2000 http cache pirates@https://registry.npmjs.org/pirates/-/pirates-4.0.7.tgz 0ms (cache hit)
2001 http cache lines-and-columns@https://registry.npmjs.org/lines-and-columns/-/lines-and-columns-1.2.4.tgz 0ms (cache hit)
2002 http cache commander@https://registry.npmjs.org/commander/-/commander-4.1.1.tgz 0ms (cache hit)
2003 http cache is-core-module@https://registry.npmjs.org/is-core-module/-/is-core-module-2.16.1.tgz 0ms (cache hit)
2004 http cache supports-preserve-symlinks-flag@https://registry.npmjs.org/supports-preserve-symlinks-flag/-/supports-preserve-symlinks-flag-1.0.0.tgz 0ms (cache hit)
2005 http cache picomatch@https://registry.npmjs.org/picomatch/-/picomatch-2.3.1.tgz 0ms (cache hit)
2006 http cache object-hash@https://registry.npmjs.org/object-hash/-/object-hash-3.0.0.tgz 0ms (cache hit)
2007 http cache postcss-import@https://registry.npmjs.org/postcss-import/-/postcss-import-15.1.0.tgz 0ms (cache hit)
2008 http cache lilconfig@https://registry.npmjs.org/lilconfig/-/lilconfig-3.1.3.tgz 0ms (cache hit)
2009 http cache braces@https://registry.npmjs.org/braces/-/braces-3.0.3.tgz 0ms (cache hit)
2010 http cache dlv@https://registry.npmjs.org/dlv/-/dlv-1.1.3.tgz 0ms (cache hit)
2011 http cache chokidar@https://registry.npmjs.org/chokidar/-/chokidar-3.6.0.tgz 0ms (cache hit)
2012 http cache decimal.js-light@https://registry.npmjs.org/decimal.js-light/-/decimal.js-light-2.5.1.tgz 0ms (cache hit)
2013 http cache prop-types@https://registry.npmjs.org/prop-types/-/prop-types-15.8.1.tgz 0ms (cache hit)
2014 http cache dom-helpers@https://registry.npmjs.org/dom-helpers/-/dom-helpers-5.2.1.tgz 0ms (cache hit)
2015 http cache react-is@https://registry.npmjs.org/react-is/-/react-is-18.3.1.tgz 0ms (cache hit)
2016 http cache eventemitter3@https://registry.npmjs.org/eventemitter3/-/eventemitter3-4.0.7.tgz 0ms (cache hit)
2017 http cache react-smooth@https://registry.npmjs.org/react-smooth/-/react-smooth-4.0.4.tgz 0ms (cache hit)
2018 http cache @jridgewell/gen-mapping@https://registry.npmjs.org/@jridgewell/gen-mapping/-/gen-mapping-0.3.12.tgz 0ms (cache hit)
2019 http cache scheduler@https://registry.npmjs.org/scheduler/-/scheduler-0.23.2.tgz 0ms (cache hit)
2020 http cache source-map-js@https://registry.npmjs.org/source-map-js/-/source-map-js-1.2.1.tgz 0ms (cache hit)
2021 http cache @date-fns/tz@https://registry.npmjs.org/@date-fns/tz/-/tz-1.2.0.tgz 0ms (cache hit)
2022 http cache @types/whatwg-url@https://registry.npmjs.org/@types/whatwg-url/-/whatwg-url-11.0.5.tgz 1ms (cache hit)
2023 http cache whatwg-url@https://registry.npmjs.org/whatwg-url/-/whatwg-url-14.2.0.tgz 0ms (cache hit)
2024 http cache lodash@https://registry.npmjs.org/lodash/-/lodash-4.17.21.tgz 0ms (cache hit)
2025 http cache dunder-proto@https://registry.npmjs.org/dunder-proto/-/dunder-proto-1.0.1.tgz 0ms (cache hit)
2026 http cache @mongodb-js/saslprep@https://registry.npmjs.org/@mongodb-js/saslprep/-/saslprep-1.3.0.tgz 1ms (cache hit)
2027 http cache math-intrinsics@https://registry.npmjs.org/math-intrinsics/-/math-intrinsics-1.1.0.tgz 0ms (cache hit)
2028 http cache gopd@https://registry.npmjs.org/gopd/-/gopd-1.2.0.tgz 0ms (cache hit)
2029 http cache get-proto@https://registry.npmjs.org/get-proto/-/get-proto-1.0.1.tgz 0ms (cache hit)
2030 http cache function-bind@https://registry.npmjs.org/function-bind/-/function-bind-1.1.2.tgz 0ms (cache hit)
2031 http cache es-define-property@https://registry.npmjs.org/es-define-property/-/es-define-property-1.0.1.tgz 0ms (cache hit)
2032 http cache call-bind-apply-helpers@https://registry.npmjs.org/call-bind-apply-helpers/-/call-bind-apply-helpers-1.0.2.tgz 0ms (cache hit)
2033 http cache es-object-atoms@https://registry.npmjs.org/es-object-atoms/-/es-object-atoms-1.1.1.tgz 0ms (cache hit)
2034 http cache get-intrinsic@https://registry.npmjs.org/get-intrinsic/-/get-intrinsic-1.3.0.tgz 0ms (cache hit)
2035 http cache combined-stream@https://registry.npmjs.org/combined-stream/-/combined-stream-1.0.8.tgz 0ms (cache hit)
2036 http cache hasown@https://registry.npmjs.org/hasown/-/hasown-2.0.2.tgz 0ms (cache hit)
2037 http cache es-errors@https://registry.npmjs.org/es-errors/-/es-errors-1.3.0.tgz 0ms (cache hit)
2038 http cache es-set-tostringtag@https://registry.npmjs.org/es-set-tostringtag/-/es-set-tostringtag-2.1.0.tgz 0ms (cache hit)
2039 http cache delayed-stream@https://registry.npmjs.org/delayed-stream/-/delayed-stream-1.0.0.tgz 0ms (cache hit)
2040 http cache @next/env@https://registry.npmjs.org/@next/env/-/env-14.2.3.tgz 1ms (cache hit)
2041 http cache asynckit@https://registry.npmjs.org/asynckit/-/asynckit-0.4.0.tgz 0ms (cache hit)
2042 http cache form-data@https://registry.npmjs.org/form-data/-/form-data-4.0.3.tgz 0ms (cache hit)
2043 http cache mongodb-connection-string-url@https://registry.npmjs.org/mongodb-connection-string-url/-/mongodb-connection-string-url-3.0.2.tgz 0ms (cache hit)
2044 http cache tslib@https://registry.npmjs.org/tslib/-/tslib-2.8.1.tgz 0ms (cache hit)
2045 http cache postcss-value-parser@https://registry.npmjs.org/postcss-value-parser/-/postcss-value-parser-4.2.0.tgz 0ms (cache hit)
2046 http cache @radix-ui/number@https://registry.npmjs.org/@radix-ui/number/-/number-1.1.1.tgz 0ms (cache hit)
2047 http cache @radix-ui/react-use-effect-event@https://registry.npmjs.org/@radix-ui/react-use-effect-event/-/react-use-effect-event-0.0.2.tgz 0ms (cache hit)
2048 http cache @floating-ui/utils@https://registry.npmjs.org/@floating-ui/utils/-/utils-0.2.10.tgz 0ms (cache hit)
2049 http cache @radix-ui/rect@https://registry.npmjs.org/@radix-ui/rect/-/rect-1.1.1.tgz 0ms (cache hit)
2050 http cache @radix-ui/react-roving-focus@https://registry.npmjs.org/@radix-ui/react-roving-focus/-/react-roving-focus-1.1.10.tgz 0ms (cache hit)
2051 http cache @radix-ui/react-arrow@https://registry.npmjs.org/@radix-ui/react-arrow/-/react-arrow-1.1.7.tgz 0ms (cache hit)
2052 http cache @radix-ui/react-use-rect@https://registry.npmjs.org/@radix-ui/react-use-rect/-/react-use-rect-1.1.1.tgz 0ms (cache hit)
2053 http cache @floating-ui/core@https://registry.npmjs.org/@floating-ui/core/-/core-1.7.2.tgz 0ms (cache hit)
2054 http cache @radix-ui/react-popper@https://registry.npmjs.org/@radix-ui/react-popper/-/react-popper-1.2.7.tgz 0ms (cache hit)
2055 http cache @floating-ui/dom@https://registry.npmjs.org/@floating-ui/dom/-/dom-1.7.2.tgz 0ms (cache hit)
2056 http cache @radix-ui/react-dismissable-layer@https://registry.npmjs.org/@radix-ui/react-dismissable-layer/-/react-dismissable-layer-1.1.10.tgz 0ms (cache hit)
2057 http cache @radix-ui/react-visually-hidden@https://registry.npmjs.org/@radix-ui/react-visually-hidden/-/react-visually-hidden-1.2.3.tgz 0ms (cache hit)
2058 http cache @radix-ui/react-portal@https://registry.npmjs.org/@radix-ui/react-portal/-/react-portal-1.1.9.tgz 0ms (cache hit)
2059 http cache @floating-ui/react-dom@https://registry.npmjs.org/@floating-ui/react-dom/-/react-dom-2.1.4.tgz 0ms (cache hit)
2060 http cache @radix-ui/react-use-escape-keydown@https://registry.npmjs.org/@radix-ui/react-use-escape-keydown/-/react-use-escape-keydown-1.1.1.tgz 0ms (cache hit)
2061 http cache @radix-ui/react-menu@https://registry.npmjs.org/@radix-ui/react-menu/-/react-menu-2.1.15.tgz 0ms (cache hit)
2062 http cache @radix-ui/react-focus-scope@https://registry.npmjs.org/@radix-ui/react-focus-scope/-/react-focus-scope-1.1.7.tgz 0ms (cache hit)
2063 http cache @radix-ui/react-use-previous@https://registry.npmjs.org/@radix-ui/react-use-previous/-/react-use-previous-1.1.1.tgz 0ms (cache hit)
2064 http cache @radix-ui/react-focus-guards@https://registry.npmjs.org/@radix-ui/react-focus-guards/-/react-focus-guards-1.1.2.tgz 0ms (cache hit)
2065 http cache @radix-ui/react-presence@https://registry.npmjs.org/@radix-ui/react-presence/-/react-presence-1.1.4.tgz 0ms (cache hit)
2066 http cache @radix-ui/react-use-is-hydrated@https://registry.npmjs.org/@radix-ui/react-use-is-hydrated/-/react-use-is-hydrated-0.1.0.tgz 0ms (cache hit)
2067 http cache @radix-ui/react-use-layout-effect@https://registry.npmjs.org/@radix-ui/react-use-layout-effect/-/react-use-layout-effect-1.1.1.tgz 0ms (cache hit)
2068 http cache @radix-ui/react-primitive@https://registry.npmjs.org/@radix-ui/react-primitive/-/react-primitive-2.1.3.tgz 0ms (cache hit)
2069 http cache @radix-ui/react-context@https://registry.npmjs.org/@radix-ui/react-context/-/react-context-1.1.2.tgz 0ms (cache hit)
2070 http cache @radix-ui/react-use-size@https://registry.npmjs.org/@radix-ui/react-use-size/-/react-use-size-1.1.1.tgz 0ms (cache hit)
2071 http cache @radix-ui/react-use-callback-ref@https://registry.npmjs.org/@radix-ui/react-use-callback-ref/-/react-use-callback-ref-1.1.1.tgz 0ms (cache hit)
2072 http cache @radix-ui/react-use-controllable-state@https://registry.npmjs.org/@radix-ui/react-use-controllable-state/-/react-use-controllable-state-1.2.2.tgz 0ms (cache hit)
2073 http cache vaul@https://registry.npmjs.org/vaul/-/vaul-1.1.2.tgz 0ms (cache hit)
2074 http cache @radix-ui/react-collection@https://registry.npmjs.org/@radix-ui/react-collection/-/react-collection-1.1.7.tgz 0ms (cache hit)
2075 http cache @radix-ui/react-id@https://registry.npmjs.org/@radix-ui/react-id/-/react-id-1.1.1.tgz 0ms (cache hit)
2076 http cache @radix-ui/react-direction@https://registry.npmjs.org/@radix-ui/react-direction/-/react-direction-1.1.1.tgz 0ms (cache hit)
2077 http cache sonner@https://registry.npmjs.org/sonner/-/sonner-2.0.6.tgz 0ms (cache hit)
2078 http cache next-themes@https://registry.npmjs.org/next-themes/-/next-themes-0.4.6.tgz 0ms (cache hit)
2079 http cache input-otp@https://registry.npmjs.org/input-otp/-/input-otp-1.4.2.tgz 0ms (cache hit)
2080 http cache clsx@https://registry.npmjs.org/clsx/-/clsx-2.1.1.tgz 0ms (cache hit)
2081 http cache cmdk@https://registry.npmjs.org/cmdk/-/cmdk-1.1.1.tgz 0ms (cache hit)
2082 http cache class-variance-authority@https://registry.npmjs.org/class-variance-authority/-/class-variance-authority-0.7.1.tgz 0ms (cache hit)
2083 http cache @radix-ui/primitive@https://registry.npmjs.org/@radix-ui/primitive/-/primitive-1.1.2.tgz 0ms (cache hit)
2084 http cache @standard-schema/utils@https://registry.npmjs.org/@standard-schema/utils/-/utils-0.3.0.tgz 0ms (cache hit)
2085 http cache postcss@https://registry.npmjs.org/postcss/-/postcss-8.5.6.tgz 0ms (cache hit)
2086 http cache @radix-ui/react-compose-refs@https://registry.npmjs.org/@radix-ui/react-compose-refs/-/react-compose-refs-1.1.2.tgz 0ms (cache hit)
2087 http cache @radix-ui/react-toggle-group@https://registry.npmjs.org/@radix-ui/react-toggle-group/-/react-toggle-group-1.1.10.tgz 0ms (cache hit)
2088 http cache @radix-ui/react-tooltip@https://registry.npmjs.org/@radix-ui/react-tooltip/-/react-tooltip-1.2.7.tgz 0ms (cache hit)
2089 http cache @radix-ui/react-toggle@https://registry.npmjs.org/@radix-ui/react-toggle/-/react-toggle-1.1.9.tgz 0ms (cache hit)
2090 http cache @radix-ui/react-slot@https://registry.npmjs.org/@radix-ui/react-slot/-/react-slot-1.2.3.tgz 0ms (cache hit)
2091 http cache @radix-ui/react-toast@https://registry.npmjs.org/@radix-ui/react-toast/-/react-toast-1.2.14.tgz 1ms (cache hit)
2092 http cache @radix-ui/react-switch@https://registry.npmjs.org/@radix-ui/react-switch/-/react-switch-1.2.5.tgz 0ms (cache hit)
2093 http cache @radix-ui/react-tabs@https://registry.npmjs.org/@radix-ui/react-tabs/-/react-tabs-1.1.12.tgz 0ms (cache hit)
2094 http cache @radix-ui/react-separator@https://registry.npmjs.org/@radix-ui/react-separator/-/react-separator-1.1.7.tgz 0ms (cache hit)
2095 http cache @radix-ui/react-select@https://registry.npmjs.org/@radix-ui/react-select/-/react-select-2.2.5.tgz 0ms (cache hit)
2096 http cache @radix-ui/react-slider@https://registry.npmjs.org/@radix-ui/react-slider/-/react-slider-1.3.5.tgz 0ms (cache hit)
2097 http cache @radix-ui/react-radio-group@https://registry.npmjs.org/@radix-ui/react-radio-group/-/react-radio-group-1.3.7.tgz 0ms (cache hit)
2098 http cache @radix-ui/react-scroll-area@https://registry.npmjs.org/@radix-ui/react-scroll-area/-/react-scroll-area-1.2.9.tgz 0ms (cache hit)
2099 http cache @radix-ui/react-progress@https://registry.npmjs.org/@radix-ui/react-progress/-/react-progress-1.1.7.tgz 0ms (cache hit)
2100 http cache @radix-ui/react-label@https://registry.npmjs.org/@radix-ui/react-label/-/react-label-2.1.7.tgz 0ms (cache hit)
2101 http cache @radix-ui/react-popover@https://registry.npmjs.org/@radix-ui/react-popover/-/react-popover-1.1.14.tgz 0ms (cache hit)
2102 http cache @radix-ui/react-navigation-menu@https://registry.npmjs.org/@radix-ui/react-navigation-menu/-/react-navigation-menu-1.2.13.tgz 0ms (cache hit)
2103 http cache @radix-ui/react-context-menu@https://registry.npmjs.org/@radix-ui/react-context-menu/-/react-context-menu-2.2.15.tgz 0ms (cache hit)
2104 http cache @radix-ui/react-menubar@https://registry.npmjs.org/@radix-ui/react-menubar/-/react-menubar-1.1.15.tgz 0ms (cache hit)
2105 http cache @radix-ui/react-dialog@https://registry.npmjs.org/@radix-ui/react-dialog/-/react-dialog-1.1.14.tgz 0ms (cache hit)
2106 http cache @radix-ui/react-hover-card@https://registry.npmjs.org/@radix-ui/react-hover-card/-/react-hover-card-1.1.14.tgz 0ms (cache hit)
2107 http cache @radix-ui/react-checkbox@https://registry.npmjs.org/@radix-ui/react-checkbox/-/react-checkbox-1.3.2.tgz 0ms (cache hit)
2108 http cache @radix-ui/react-dropdown-menu@https://registry.npmjs.org/@radix-ui/react-dropdown-menu/-/react-dropdown-menu-2.1.15.tgz 0ms (cache hit)
2109 http cache react-dom@https://registry.npmjs.org/react-dom/-/react-dom-18.3.1.tgz 0ms (cache hit)
2110 http cache @radix-ui/react-aspect-ratio@https://registry.npmjs.org/@radix-ui/react-aspect-ratio/-/react-aspect-ratio-1.1.7.tgz 0ms (cache hit)
2111 http cache @radix-ui/react-collapsible@https://registry.npmjs.org/@radix-ui/react-collapsible/-/react-collapsible-1.1.11.tgz 0ms (cache hit)
2112 http cache @radix-ui/react-alert-dialog@https://registry.npmjs.org/@radix-ui/react-alert-dialog/-/react-alert-dialog-1.1.14.tgz 0ms (cache hit)
2113 http cache react@https://registry.npmjs.org/react/-/react-18.3.1.tgz 0ms (cache hit)
2114 http cache @radix-ui/react-accordion@https://registry.npmjs.org/@radix-ui/react-accordion/-/react-accordion-1.2.11.tgz 0ms (cache hit)
2115 silly tarball no local data for isexe@https://registry.npmjs.org/isexe/-/isexe-2.0.0.tgz. Extracting by manifest.
2116 silly tarball no local data for webidl-conversions@https://registry.npmjs.org/webidl-conversions/-/webidl-conversions-7.0.0.tgz. Extracting by manifest.
2117 silly tarball no local data for d3-path@https://registry.npmjs.org/d3-path/-/d3-path-3.1.0.tgz. Extracting by manifest.
2118 http cache emoji-regex@https://registry.npmjs.org/emoji-regex/-/emoji-regex-8.0.0.tgz 0ms (cache hit)
2119 http cache emoji-regex@https://registry.npmjs.org/emoji-regex/-/emoji-regex-8.0.0.tgz 0ms (cache hit)
2120 silly tarball no local data for d3-color@https://registry.npmjs.org/d3-color/-/d3-color-3.1.0.tgz. Extracting by manifest.
2121 silly tarball no local data for internmap@https://registry.npmjs.org/internmap/-/internmap-2.0.3.tgz. Extracting by manifest.
2122 silly tarball no local data for d3-timer@https://registry.npmjs.org/d3-timer/-/d3-timer-3.0.1.tgz. Extracting by manifest.
2123 silly tarball no local data for d3-time@https://registry.npmjs.org/d3-time/-/d3-time-3.1.0.tgz. Extracting by manifest.
2124 http cache @radix-ui/react-avatar@https://registry.npmjs.org/@radix-ui/react-avatar/-/react-avatar-1.1.10.tgz 0ms (cache hit)
2125 silly tarball no local data for tr46@https://registry.npmjs.org/tr46/-/tr46-5.1.1.tgz. Extracting by manifest.
2126 silly tarball no local data for d3-ease@https://registry.npmjs.org/d3-ease/-/d3-ease-3.0.1.tgz. Extracting by manifest.
2127 silly tarball no local data for d3-format@https://registry.npmjs.org/d3-format/-/d3-format-3.1.0.tgz. Extracting by manifest.
2128 silly tarball no local data for d3-time-format@https://registry.npmjs.org/d3-time-format/-/d3-time-format-4.1.0.tgz. Extracting by manifest.
2129 silly tarball no local data for detect-node-es@https://registry.npmjs.org/detect-node-es/-/detect-node-es-1.1.0.tgz. Extracting by manifest.
2130 silly tarball no local data for emoji-regex@https://registry.npmjs.org/emoji-regex/-/emoji-regex-9.2.2.tgz. Extracting by manifest.
2131 silly tarball no local data for d3-scale@https://registry.npmjs.org/d3-scale/-/d3-scale-4.0.2.tgz. Extracting by manifest.
2132 silly tarball no local data for brace-expansion@https://registry.npmjs.org/brace-expansion/-/brace-expansion-2.0.2.tgz. Extracting by manifest.
2133 silly tarball no local data for balanced-match@https://registry.npmjs.org/balanced-match/-/balanced-match-1.0.2.tgz. Extracting by manifest.
2134 silly tarball no local data for any-promise@https://registry.npmjs.org/any-promise/-/any-promise-1.3.0.tgz. Extracting by manifest.
2135 silly tarball no local data for escalade@https://registry.npmjs.org/escalade/-/escalade-3.2.0.tgz. Extracting by manifest.
2136 silly tarball no local data for @pkgjs/parseargs@https://registry.npmjs.org/@pkgjs/parseargs/-/parseargs-0.11.0.tgz. Extracting by manifest.
2137 silly tarball no local data for @jridgewell/trace-mapping@https://registry.npmjs.org/@jridgewell/trace-mapping/-/trace-mapping-0.3.29.tgz. Extracting by manifest.
2138 silly tarball no local data for @jridgewell/sourcemap-codec@https://registry.npmjs.org/@jridgewell/sourcemap-codec/-/sourcemap-codec-1.5.4.tgz. Extracting by manifest.
2139 http cache which@https://registry.npmjs.org/which/-/which-2.0.2.tgz 0ms (cache hit)
2140 silly tarball no local data for ts-interface-checker@https://registry.npmjs.org/ts-interface-checker/-/ts-interface-checker-0.1.13.tgz. Extracting by manifest.
2141 silly tarball no local data for pirates@https://registry.npmjs.org/pirates/-/pirates-4.0.7.tgz. Extracting by manifest.
2142 silly tarball no local data for lines-and-columns@https://registry.npmjs.org/lines-and-columns/-/lines-and-columns-1.2.4.tgz. Extracting by manifest.
2143 silly tarball no local data for commander@https://registry.npmjs.org/commander/-/commander-4.1.1.tgz. Extracting by manifest.
2144 silly tarball no local data for is-core-module@https://registry.npmjs.org/is-core-module/-/is-core-module-2.16.1.tgz. Extracting by manifest.
2145 silly tarball no local data for supports-preserve-symlinks-flag@https://registry.npmjs.org/supports-preserve-symlinks-flag/-/supports-preserve-symlinks-flag-1.0.0.tgz. Extracting by manifest.
2146 http cache cssesc@https://registry.npmjs.org/cssesc/-/cssesc-3.0.0.tgz 0ms (cache hit)
2147 silly tarball no local data for picomatch@https://registry.npmjs.org/picomatch/-/picomatch-2.3.1.tgz. Extracting by manifest.
2148 silly tarball no local data for object-hash@https://registry.npmjs.org/object-hash/-/object-hash-3.0.0.tgz. Extracting by manifest.
2149 silly tarball no local data for postcss-import@https://registry.npmjs.org/postcss-import/-/postcss-import-15.1.0.tgz. Extracting by manifest.
2150 silly tarball no local data for lilconfig@https://registry.npmjs.org/lilconfig/-/lilconfig-3.1.3.tgz. Extracting by manifest.
2151 silly tarball no local data for braces@https://registry.npmjs.org/braces/-/braces-3.0.3.tgz. Extracting by manifest.
2152 silly tarball no local data for dlv@https://registry.npmjs.org/dlv/-/dlv-1.1.3.tgz. Extracting by manifest.
2153 silly tarball no local data for chokidar@https://registry.npmjs.org/chokidar/-/chokidar-3.6.0.tgz. Extracting by manifest.
2154 silly tarball no local data for decimal.js-light@https://registry.npmjs.org/decimal.js-light/-/decimal.js-light-2.5.1.tgz. Extracting by manifest.
2155 silly tarball no local data for prop-types@https://registry.npmjs.org/prop-types/-/prop-types-15.8.1.tgz. Extracting by manifest.
2156 silly tarball no local data for dom-helpers@https://registry.npmjs.org/dom-helpers/-/dom-helpers-5.2.1.tgz. Extracting by manifest.
2157 silly tarball no local data for react-is@https://registry.npmjs.org/react-is/-/react-is-18.3.1.tgz. Extracting by manifest.
2158 http cache postcss-load-config@https://registry.npmjs.org/postcss-load-config/-/postcss-load-config-4.0.2.tgz 0ms (cache hit)
2159 silly tarball no local data for eventemitter3@https://registry.npmjs.org/eventemitter3/-/eventemitter3-4.0.7.tgz. Extracting by manifest.
2160 silly tarball no local data for react-smooth@https://registry.npmjs.org/react-smooth/-/react-smooth-4.0.4.tgz. Extracting by manifest.
2161 silly tarball no local data for @jridgewell/gen-mapping@https://registry.npmjs.org/@jridgewell/gen-mapping/-/gen-mapping-0.3.12.tgz. Extracting by manifest.
2162 silly tarball no local data for scheduler@https://registry.npmjs.org/scheduler/-/scheduler-0.23.2.tgz. Extracting by manifest.
2163 silly tarball no local data for @date-fns/tz@https://registry.npmjs.org/@date-fns/tz/-/tz-1.2.0.tgz. Extracting by manifest.
2164 http cache nanoid@https://registry.npmjs.org/nanoid/-/nanoid-3.3.11.tgz 0ms (cache hit)
2165 silly tarball no local data for source-map-js@https://registry.npmjs.org/source-map-js/-/source-map-js-1.2.1.tgz. Extracting by manifest.
2166 silly tarball no local data for @types/whatwg-url@https://registry.npmjs.org/@types/whatwg-url/-/whatwg-url-11.0.5.tgz. Extracting by manifest.
2167 silly tarball no local data for lodash@https://registry.npmjs.org/lodash/-/lodash-4.17.21.tgz. Extracting by manifest.
2168 silly tarball no local data for whatwg-url@https://registry.npmjs.org/whatwg-url/-/whatwg-url-14.2.0.tgz. Extracting by manifest.
2169 silly tarball no local data for dunder-proto@https://registry.npmjs.org/dunder-proto/-/dunder-proto-1.0.1.tgz. Extracting by manifest.
2170 silly tarball no local data for @mongodb-js/saslprep@https://registry.npmjs.org/@mongodb-js/saslprep/-/saslprep-1.3.0.tgz. Extracting by manifest.
2171 silly tarball no local data for math-intrinsics@https://registry.npmjs.org/math-intrinsics/-/math-intrinsics-1.1.0.tgz. Extracting by manifest.
2172 silly tarball no local data for get-proto@https://registry.npmjs.org/get-proto/-/get-proto-1.0.1.tgz. Extracting by manifest.
2173 silly tarball no local data for gopd@https://registry.npmjs.org/gopd/-/gopd-1.2.0.tgz. Extracting by manifest.
2174 silly tarball no local data for function-bind@https://registry.npmjs.org/function-bind/-/function-bind-1.1.2.tgz. Extracting by manifest.
2175 silly tarball no local data for es-define-property@https://registry.npmjs.org/es-define-property/-/es-define-property-1.0.1.tgz. Extracting by manifest.
2176 silly tarball no local data for call-bind-apply-helpers@https://registry.npmjs.org/call-bind-apply-helpers/-/call-bind-apply-helpers-1.0.2.tgz. Extracting by manifest.
2177 silly tarball no local data for es-object-atoms@https://registry.npmjs.org/es-object-atoms/-/es-object-atoms-1.1.1.tgz. Extracting by manifest.
2178 silly tarball no local data for get-intrinsic@https://registry.npmjs.org/get-intrinsic/-/get-intrinsic-1.3.0.tgz. Extracting by manifest.
2179 silly tarball no local data for combined-stream@https://registry.npmjs.org/combined-stream/-/combined-stream-1.0.8.tgz. Extracting by manifest.
2180 silly tarball no local data for hasown@https://registry.npmjs.org/hasown/-/hasown-2.0.2.tgz. Extracting by manifest.
2181 silly tarball no local data for es-errors@https://registry.npmjs.org/es-errors/-/es-errors-1.3.0.tgz. Extracting by manifest.
2182 silly tarball no local data for es-set-tostringtag@https://registry.npmjs.org/es-set-tostringtag/-/es-set-tostringtag-2.1.0.tgz. Extracting by manifest.
2183 silly tarball no local data for delayed-stream@https://registry.npmjs.org/delayed-stream/-/delayed-stream-1.0.0.tgz. Extracting by manifest.
2184 silly tarball no local data for @next/env@https://registry.npmjs.org/@next/env/-/env-14.2.3.tgz. Extracting by manifest.
2185 silly tarball no local data for asynckit@https://registry.npmjs.org/asynckit/-/asynckit-0.4.0.tgz. Extracting by manifest.
2186 silly tarball no local data for form-data@https://registry.npmjs.org/form-data/-/form-data-4.0.3.tgz. Extracting by manifest.
2187 silly tarball no local data for mongodb-connection-string-url@https://registry.npmjs.org/mongodb-connection-string-url/-/mongodb-connection-string-url-3.0.2.tgz. Extracting by manifest.
2188 silly tarball no local data for tslib@https://registry.npmjs.org/tslib/-/tslib-2.8.1.tgz. Extracting by manifest.
2189 silly tarball no local data for postcss-value-parser@https://registry.npmjs.org/postcss-value-parser/-/postcss-value-parser-4.2.0.tgz. Extracting by manifest.
2190 silly tarball no local data for @radix-ui/number@https://registry.npmjs.org/@radix-ui/number/-/number-1.1.1.tgz. Extracting by manifest.
2191 silly tarball no local data for @radix-ui/react-use-effect-event@https://registry.npmjs.org/@radix-ui/react-use-effect-event/-/react-use-effect-event-0.0.2.tgz. Extracting by manifest.
2192 silly tarball no local data for @floating-ui/utils@https://registry.npmjs.org/@floating-ui/utils/-/utils-0.2.10.tgz. Extracting by manifest.
2193 silly tarball no local data for @radix-ui/rect@https://registry.npmjs.org/@radix-ui/rect/-/rect-1.1.1.tgz. Extracting by manifest.
2194 silly tarball no local data for @radix-ui/react-arrow@https://registry.npmjs.org/@radix-ui/react-arrow/-/react-arrow-1.1.7.tgz. Extracting by manifest.
2195 silly tarball no local data for @radix-ui/react-roving-focus@https://registry.npmjs.org/@radix-ui/react-roving-focus/-/react-roving-focus-1.1.10.tgz. Extracting by manifest.
2196 silly tarball no local data for @floating-ui/core@https://registry.npmjs.org/@floating-ui/core/-/core-1.7.2.tgz. Extracting by manifest.
2197 silly tarball no local data for @radix-ui/react-use-rect@https://registry.npmjs.org/@radix-ui/react-use-rect/-/react-use-rect-1.1.1.tgz. Extracting by manifest.
2198 silly tarball no local data for @floating-ui/dom@https://registry.npmjs.org/@floating-ui/dom/-/dom-1.7.2.tgz. Extracting by manifest.
2199 silly tarball no local data for @radix-ui/react-dismissable-layer@https://registry.npmjs.org/@radix-ui/react-dismissable-layer/-/react-dismissable-layer-1.1.10.tgz. Extracting by manifest.
2200 silly tarball no local data for @radix-ui/react-popper@https://registry.npmjs.org/@radix-ui/react-popper/-/react-popper-1.2.7.tgz. Extracting by manifest.
2201 silly tarball no local data for @radix-ui/react-visually-hidden@https://registry.npmjs.org/@radix-ui/react-visually-hidden/-/react-visually-hidden-1.2.3.tgz. Extracting by manifest.
2202 silly tarball no local data for @floating-ui/react-dom@https://registry.npmjs.org/@floating-ui/react-dom/-/react-dom-2.1.4.tgz. Extracting by manifest.
2203 silly tarball no local data for @radix-ui/react-portal@https://registry.npmjs.org/@radix-ui/react-portal/-/react-portal-1.1.9.tgz. Extracting by manifest.
2204 silly tarball no local data for @radix-ui/react-use-escape-keydown@https://registry.npmjs.org/@radix-ui/react-use-escape-keydown/-/react-use-escape-keydown-1.1.1.tgz. Extracting by manifest.
2205 silly tarball no local data for @radix-ui/react-menu@https://registry.npmjs.org/@radix-ui/react-menu/-/react-menu-2.1.15.tgz. Extracting by manifest.
2206 silly tarball no local data for @radix-ui/react-focus-scope@https://registry.npmjs.org/@radix-ui/react-focus-scope/-/react-focus-scope-1.1.7.tgz. Extracting by manifest.
2207 silly tarball no local data for @radix-ui/react-focus-guards@https://registry.npmjs.org/@radix-ui/react-focus-guards/-/react-focus-guards-1.1.2.tgz. Extracting by manifest.
2208 silly tarball no local data for @radix-ui/react-use-previous@https://registry.npmjs.org/@radix-ui/react-use-previous/-/react-use-previous-1.1.1.tgz. Extracting by manifest.
2209 silly tarball no local data for @radix-ui/react-presence@https://registry.npmjs.org/@radix-ui/react-presence/-/react-presence-1.1.4.tgz. Extracting by manifest.
2210 silly tarball no local data for @radix-ui/react-use-layout-effect@https://registry.npmjs.org/@radix-ui/react-use-layout-effect/-/react-use-layout-effect-1.1.1.tgz. Extracting by manifest.
2211 silly tarball no local data for @radix-ui/react-use-is-hydrated@https://registry.npmjs.org/@radix-ui/react-use-is-hydrated/-/react-use-is-hydrated-0.1.0.tgz. Extracting by manifest.
2212 silly tarball no local data for @radix-ui/react-primitive@https://registry.npmjs.org/@radix-ui/react-primitive/-/react-primitive-2.1.3.tgz. Extracting by manifest.
2213 silly tarball no local data for @radix-ui/react-context@https://registry.npmjs.org/@radix-ui/react-context/-/react-context-1.1.2.tgz. Extracting by manifest.
2214 silly tarball no local data for @radix-ui/react-use-size@https://registry.npmjs.org/@radix-ui/react-use-size/-/react-use-size-1.1.1.tgz. Extracting by manifest.
2215 silly tarball no local data for @radix-ui/react-use-callback-ref@https://registry.npmjs.org/@radix-ui/react-use-callback-ref/-/react-use-callback-ref-1.1.1.tgz. Extracting by manifest.
2216 http cache postcss@https://registry.npmjs.org/postcss/-/postcss-8.4.31.tgz 0ms (cache hit)
2217 silly tarball no local data for @radix-ui/react-use-controllable-state@https://registry.npmjs.org/@radix-ui/react-use-controllable-state/-/react-use-controllable-state-1.2.2.tgz. Extracting by manifest.
2218 silly tarball no local data for vaul@https://registry.npmjs.org/vaul/-/vaul-1.1.2.tgz. Extracting by manifest.
2219 silly tarball no local data for @radix-ui/react-id@https://registry.npmjs.org/@radix-ui/react-id/-/react-id-1.1.1.tgz. Extracting by manifest.
2220 silly tarball no local data for @radix-ui/react-direction@https://registry.npmjs.org/@radix-ui/react-direction/-/react-direction-1.1.1.tgz. Extracting by manifest.
2221 silly tarball no local data for @radix-ui/react-collection@https://registry.npmjs.org/@radix-ui/react-collection/-/react-collection-1.1.7.tgz. Extracting by manifest.
2222 silly tarball no local data for sonner@https://registry.npmjs.org/sonner/-/sonner-2.0.6.tgz. Extracting by manifest.
2223 silly tarball no local data for next-themes@https://registry.npmjs.org/next-themes/-/next-themes-0.4.6.tgz. Extracting by manifest.
2224 silly tarball no local data for input-otp@https://registry.npmjs.org/input-otp/-/input-otp-1.4.2.tgz. Extracting by manifest.
2225 http cache react-is@https://registry.npmjs.org/react-is/-/react-is-16.13.1.tgz 0ms (cache hit)
2226 silly tarball no local data for clsx@https://registry.npmjs.org/clsx/-/clsx-2.1.1.tgz. Extracting by manifest.
2227 silly tarball no local data for cmdk@https://registry.npmjs.org/cmdk/-/cmdk-1.1.1.tgz. Extracting by manifest.
2228 silly tarball no local data for class-variance-authority@https://registry.npmjs.org/class-variance-authority/-/class-variance-authority-0.7.1.tgz. Extracting by manifest.
2229 silly tarball no local data for @radix-ui/primitive@https://registry.npmjs.org/@radix-ui/primitive/-/primitive-1.1.2.tgz. Extracting by manifest.
2230 silly tarball no local data for postcss@https://registry.npmjs.org/postcss/-/postcss-8.5.6.tgz. Extracting by manifest.
2231 silly tarball no local data for @standard-schema/utils@https://registry.npmjs.org/@standard-schema/utils/-/utils-0.3.0.tgz. Extracting by manifest.
2232 silly tarball no local data for @radix-ui/react-compose-refs@https://registry.npmjs.org/@radix-ui/react-compose-refs/-/react-compose-refs-1.1.2.tgz. Extracting by manifest.
2233 silly tarball no local data for @radix-ui/react-toggle-group@https://registry.npmjs.org/@radix-ui/react-toggle-group/-/react-toggle-group-1.1.10.tgz. Extracting by manifest.
2234 silly tarball no local data for @radix-ui/react-tooltip@https://registry.npmjs.org/@radix-ui/react-tooltip/-/react-tooltip-1.2.7.tgz. Extracting by manifest.
2235 silly tarball no local data for @radix-ui/react-toggle@https://registry.npmjs.org/@radix-ui/react-toggle/-/react-toggle-1.1.9.tgz. Extracting by manifest.
2236 silly tarball no local data for @radix-ui/react-slot@https://registry.npmjs.org/@radix-ui/react-slot/-/react-slot-1.2.3.tgz. Extracting by manifest.
2237 silly tarball no local data for @radix-ui/react-toast@https://registry.npmjs.org/@radix-ui/react-toast/-/react-toast-1.2.14.tgz. Extracting by manifest.
2238 silly tarball no local data for @radix-ui/react-switch@https://registry.npmjs.org/@radix-ui/react-switch/-/react-switch-1.2.5.tgz. Extracting by manifest.
2239 silly tarball no local data for @radix-ui/react-tabs@https://registry.npmjs.org/@radix-ui/react-tabs/-/react-tabs-1.1.12.tgz. Extracting by manifest.
2240 silly tarball no local data for @radix-ui/react-separator@https://registry.npmjs.org/@radix-ui/react-separator/-/react-separator-1.1.7.tgz. Extracting by manifest.
2241 silly tarball no local data for @radix-ui/react-select@https://registry.npmjs.org/@radix-ui/react-select/-/react-select-2.2.5.tgz. Extracting by manifest.
2242 silly tarball no local data for @radix-ui/react-slider@https://registry.npmjs.org/@radix-ui/react-slider/-/react-slider-1.3.5.tgz. Extracting by manifest.
2243 silly tarball no local data for @radix-ui/react-scroll-area@https://registry.npmjs.org/@radix-ui/react-scroll-area/-/react-scroll-area-1.2.9.tgz. Extracting by manifest.
2244 silly tarball no local data for @radix-ui/react-radio-group@https://registry.npmjs.org/@radix-ui/react-radio-group/-/react-radio-group-1.3.7.tgz. Extracting by manifest.
2245 silly tarball no local data for @radix-ui/react-label@https://registry.npmjs.org/@radix-ui/react-label/-/react-label-2.1.7.tgz. Extracting by manifest.
2246 silly tarball no local data for @radix-ui/react-progress@https://registry.npmjs.org/@radix-ui/react-progress/-/react-progress-1.1.7.tgz. Extracting by manifest.
2247 silly tarball no local data for @radix-ui/react-popover@https://registry.npmjs.org/@radix-ui/react-popover/-/react-popover-1.1.14.tgz. Extracting by manifest.
2248 silly tarball no local data for @radix-ui/react-navigation-menu@https://registry.npmjs.org/@radix-ui/react-navigation-menu/-/react-navigation-menu-1.2.13.tgz. Extracting by manifest.
2249 silly tarball no local data for @radix-ui/react-context-menu@https://registry.npmjs.org/@radix-ui/react-context-menu/-/react-context-menu-2.2.15.tgz. Extracting by manifest.
2250 silly tarball no local data for @radix-ui/react-dialog@https://registry.npmjs.org/@radix-ui/react-dialog/-/react-dialog-1.1.14.tgz. Extracting by manifest.
2251 silly tarball no local data for @radix-ui/react-menubar@https://registry.npmjs.org/@radix-ui/react-menubar/-/react-menubar-1.1.15.tgz. Extracting by manifest.
2252 silly tarball no local data for @radix-ui/react-checkbox@https://registry.npmjs.org/@radix-ui/react-checkbox/-/react-checkbox-1.3.2.tgz. Extracting by manifest.
2253 silly tarball no local data for @radix-ui/react-hover-card@https://registry.npmjs.org/@radix-ui/react-hover-card/-/react-hover-card-1.1.14.tgz. Extracting by manifest.
2254 silly tarball no local data for @radix-ui/react-dropdown-menu@https://registry.npmjs.org/@radix-ui/react-dropdown-menu/-/react-dropdown-menu-2.1.15.tgz. Extracting by manifest.
2255 silly tarball no local data for react-dom@https://registry.npmjs.org/react-dom/-/react-dom-18.3.1.tgz. Extracting by manifest.
2256 silly tarball no local data for @radix-ui/react-aspect-ratio@https://registry.npmjs.org/@radix-ui/react-aspect-ratio/-/react-aspect-ratio-1.1.7.tgz. Extracting by manifest.
2257 silly tarball no local data for @radix-ui/react-collapsible@https://registry.npmjs.org/@radix-ui/react-collapsible/-/react-collapsible-1.1.11.tgz. Extracting by manifest.
2258 silly tarball no local data for @radix-ui/react-alert-dialog@https://registry.npmjs.org/@radix-ui/react-alert-dialog/-/react-alert-dialog-1.1.14.tgz. Extracting by manifest.
2259 silly tarball no local data for react@https://registry.npmjs.org/react/-/react-18.3.1.tgz. Extracting by manifest.
2260 silly tarball no local data for @radix-ui/react-accordion@https://registry.npmjs.org/@radix-ui/react-accordion/-/react-accordion-1.2.11.tgz. Extracting by manifest.
2261 silly tarball no local data for emoji-regex@https://registry.npmjs.org/emoji-regex/-/emoji-regex-8.0.0.tgz. Extracting by manifest.
2262 silly tarball no local data for emoji-regex@https://registry.npmjs.org/emoji-regex/-/emoji-regex-8.0.0.tgz. Extracting by manifest.
2263 silly tarball no local data for @radix-ui/react-avatar@https://registry.npmjs.org/@radix-ui/react-avatar/-/react-avatar-1.1.10.tgz. Extracting by manifest.
2264 silly tarball no local data for which@https://registry.npmjs.org/which/-/which-2.0.2.tgz. Extracting by manifest.
2265 silly tarball no local data for cssesc@https://registry.npmjs.org/cssesc/-/cssesc-3.0.0.tgz. Extracting by manifest.
2266 silly tarball no local data for postcss-load-config@https://registry.npmjs.org/postcss-load-config/-/postcss-load-config-4.0.2.tgz. Extracting by manifest.
2267 silly tarball no local data for nanoid@https://registry.npmjs.org/nanoid/-/nanoid-3.3.11.tgz. Extracting by manifest.
2268 silly tarball no local data for postcss@https://registry.npmjs.org/postcss/-/postcss-8.4.31.tgz. Extracting by manifest.
2269 silly tarball no local data for react-is@https://registry.npmjs.org/react-is/-/react-is-16.13.1.tgz. Extracting by manifest.
2270 http cache d3-shape@https://registry.npmjs.org/d3-shape/-/d3-shape-3.2.0.tgz 0ms (cache hit)
2271 http cache d3-array@https://registry.npmjs.org/d3-array/-/d3-array-3.2.4.tgz 0ms (cache hit)
2272 http cache d3-interpolate@https://registry.npmjs.org/d3-interpolate/-/d3-interpolate-3.0.1.tgz 0ms (cache hit)
2273 http cache lru-cache@https://registry.npmjs.org/lru-cache/-/lru-cache-10.4.3.tgz 0ms (cache hit)
2274 http cache package-json-from-dist@https://registry.npmjs.org/package-json-from-dist/-/package-json-from-dist-1.0.1.tgz 0ms (cache hit)
2275 http cache minimatch@https://registry.npmjs.org/minimatch/-/minimatch-9.0.5.tgz 0ms (cache hit)
2276 http cache cross-spawn@https://registry.npmjs.org/cross-spawn/-/cross-spawn-7.0.6.tgz 0ms (cache hit)
2277 http cache @jridgewell/resolve-uri@https://registry.npmjs.org/@jridgewell/resolve-uri/-/resolve-uri-3.1.2.tgz 0ms (cache hit)
2278 http cache path-scurry@https://registry.npmjs.org/path-scurry/-/path-scurry-1.11.1.tgz 0ms (cache hit)
2279 http cache signal-exit@https://registry.npmjs.org/signal-exit/-/signal-exit-4.1.0.tgz 0ms (cache hit)
2280 http cache @isaacs/cliui@https://registry.npmjs.org/@isaacs/cliui/-/cliui-8.0.2.tgz 0ms (cache hit)
2281 http cache foreground-child@https://registry.npmjs.org/foreground-child/-/foreground-child-3.3.1.tgz 0ms (cache hit)
2282 http cache jackspeak@https://registry.npmjs.org/jackspeak/-/jackspeak-3.4.3.tgz 0ms (cache hit)
2283 http cache @nodelib/fs.scandir@https://registry.npmjs.org/@nodelib/fs.scandir/-/fs.scandir-2.1.5.tgz 0ms (cache hit)
2284 http cache minipass@https://registry.npmjs.org/minipass/-/minipass-7.1.2.tgz 0ms (cache hit)
2285 http cache reusify@https://registry.npmjs.org/reusify/-/reusify-1.1.0.tgz 0ms (cache hit)
2286 http cache fastq@https://registry.npmjs.org/fastq/-/fastq-1.19.1.tgz 0ms (cache hit)
2287 http cache @nodelib/fs.walk@https://registry.npmjs.org/@nodelib/fs.walk/-/fs.walk-1.2.8.tgz 0ms (cache hit)
2288 http cache @nodelib/fs.stat@https://registry.npmjs.org/@nodelib/fs.stat/-/fs.stat-2.0.5.tgz 0ms (cache hit)
2289 http cache postcss-selector-parser@https://registry.npmjs.org/postcss-selector-parser/-/postcss-selector-parser-6.1.2.tgz 0ms (cache hit)
2290 http cache react-transition-group@https://registry.npmjs.org/react-transition-group/-/react-transition-group-4.4.5.tgz 0ms (cache hit)
2291 http cache tiny-invariant@https://registry.npmjs.org/tiny-invariant/-/tiny-invariant-1.3.3.tgz 0ms (cache hit)
2292 http cache recharts-scale@https://registry.npmjs.org/recharts-scale/-/recharts-scale-0.4.5.tgz 0ms (cache hit)
2293 http cache use-callback-ref@https://registry.npmjs.org/use-callback-ref/-/use-callback-ref-1.3.3.tgz 0ms (cache hit)
2294 http cache react-style-singleton@https://registry.npmjs.org/react-style-singleton/-/react-style-singleton-2.2.3.tgz 0ms (cache hit)
2295 http cache use-sidecar@https://registry.npmjs.org/use-sidecar/-/use-sidecar-1.1.3.tgz 0ms (cache hit)
2296 http cache react-remove-scroll-bar@https://registry.npmjs.org/react-remove-scroll-bar/-/react-remove-scroll-bar-2.3.8.tgz 0ms (cache hit)
2297 http cache get-nonce@https://registry.npmjs.org/get-nonce/-/get-nonce-1.0.1.tgz 0ms (cache hit)
2298 http cache styled-jsx@https://registry.npmjs.org/styled-jsx/-/styled-jsx-5.1.1.tgz 0ms (cache hit)
2299 http cache @babel/runtime@https://registry.npmjs.org/@babel/runtime/-/runtime-7.27.6.tgz 0ms (cache hit)
2300 http cache busboy@https://registry.npmjs.org/busboy/-/busboy-1.6.0.tgz 0ms (cache hit)
2301 http cache has-symbols@https://registry.npmjs.org/has-symbols/-/has-symbols-1.1.0.tgz 0ms (cache hit)
2302 http cache @swc/helpers@https://registry.npmjs.org/@swc/helpers/-/helpers-0.5.5.tgz 0ms (cache hit)
2303 http cache streamsearch@https://registry.npmjs.org/streamsearch/-/streamsearch-1.1.0.tgz 0ms (cache hit)
2304 http cache embla-carousel@https://registry.npmjs.org/embla-carousel/-/embla-carousel-8.6.0.tgz 0ms (cache hit)
2305 http cache has-tostringtag@https://registry.npmjs.org/has-tostringtag/-/has-tostringtag-1.0.2.tgz 0ms (cache hit)
2306 http cache embla-carousel-reactive-utils@https://registry.npmjs.org/embla-carousel-reactive-utils/-/embla-carousel-reactive-utils-8.6.0.tgz 0ms (cache hit)
2307 http cache node-releases@https://registry.npmjs.org/node-releases/-/node-releases-2.0.19.tgz 0ms (cache hit)
2308 http cache use-sync-external-store@https://registry.npmjs.org/use-sync-external-store/-/use-sync-external-store-1.5.0.tgz 0ms (cache hit)
2309 http cache caniuse-lite@https://registry.npmjs.org/caniuse-lite/-/caniuse-lite-1.0.30001727.tgz 0ms (cache hit)
2310 http cache aria-hidden@https://registry.npmjs.org/aria-hidden/-/aria-hidden-1.2.6.tgz 0ms (cache hit)
2311 http cache react-remove-scroll@https://registry.npmjs.org/react-remove-scroll/-/react-remove-scroll-2.7.1.tgz 0ms (cache hit)
2312 http cache tailwind-merge@https://registry.npmjs.org/tailwind-merge/-/tailwind-merge-3.3.1.tgz 0ms (cache hit)
2313 http cache embla-carousel-react@https://registry.npmjs.org/embla-carousel-react/-/embla-carousel-react-8.6.0.tgz 0ms (cache hit)
2314 http cache @tanstack/react-table@https://registry.npmjs.org/@tanstack/react-table/-/react-table-8.21.3.tgz 0ms (cache hit)
2315 silly tarball no local data for d3-shape@https://registry.npmjs.org/d3-shape/-/d3-shape-3.2.0.tgz. Extracting by manifest.
2316 silly tarball no local data for d3-interpolate@https://registry.npmjs.org/d3-interpolate/-/d3-interpolate-3.0.1.tgz. Extracting by manifest.
2317 silly tarball no local data for d3-array@https://registry.npmjs.org/d3-array/-/d3-array-3.2.4.tgz. Extracting by manifest.
2318 silly tarball no local data for lru-cache@https://registry.npmjs.org/lru-cache/-/lru-cache-10.4.3.tgz. Extracting by manifest.
2319 silly tarball no local data for package-json-from-dist@https://registry.npmjs.org/package-json-from-dist/-/package-json-from-dist-1.0.1.tgz. Extracting by manifest.
2320 silly tarball no local data for minimatch@https://registry.npmjs.org/minimatch/-/minimatch-9.0.5.tgz. Extracting by manifest.
2321 silly tarball no local data for cross-spawn@https://registry.npmjs.org/cross-spawn/-/cross-spawn-7.0.6.tgz. Extracting by manifest.
2322 silly tarball no local data for @jridgewell/resolve-uri@https://registry.npmjs.org/@jridgewell/resolve-uri/-/resolve-uri-3.1.2.tgz. Extracting by manifest.
2323 silly tarball no local data for path-scurry@https://registry.npmjs.org/path-scurry/-/path-scurry-1.11.1.tgz. Extracting by manifest.
2324 silly tarball no local data for @isaacs/cliui@https://registry.npmjs.org/@isaacs/cliui/-/cliui-8.0.2.tgz. Extracting by manifest.
2325 silly tarball no local data for foreground-child@https://registry.npmjs.org/foreground-child/-/foreground-child-3.3.1.tgz. Extracting by manifest.
2326 silly tarball no local data for signal-exit@https://registry.npmjs.org/signal-exit/-/signal-exit-4.1.0.tgz. Extracting by manifest.
2327 silly tarball no local data for jackspeak@https://registry.npmjs.org/jackspeak/-/jackspeak-3.4.3.tgz. Extracting by manifest.
2328 silly tarball no local data for minipass@https://registry.npmjs.org/minipass/-/minipass-7.1.2.tgz. Extracting by manifest.
2329 silly tarball no local data for @nodelib/fs.scandir@https://registry.npmjs.org/@nodelib/fs.scandir/-/fs.scandir-2.1.5.tgz. Extracting by manifest.
2330 silly tarball no local data for reusify@https://registry.npmjs.org/reusify/-/reusify-1.1.0.tgz. Extracting by manifest.
2331 silly tarball no local data for fastq@https://registry.npmjs.org/fastq/-/fastq-1.19.1.tgz. Extracting by manifest.
2332 silly tarball no local data for @nodelib/fs.walk@https://registry.npmjs.org/@nodelib/fs.walk/-/fs.walk-1.2.8.tgz. Extracting by manifest.
2333 http cache glob@https://registry.npmjs.org/glob/-/glob-10.4.5.tgz 0ms (cache hit)
2334 silly tarball no local data for @nodelib/fs.stat@https://registry.npmjs.org/@nodelib/fs.stat/-/fs.stat-2.0.5.tgz. Extracting by manifest.
2335 silly tarball no local data for postcss-selector-parser@https://registry.npmjs.org/postcss-selector-parser/-/postcss-selector-parser-6.1.2.tgz. Extracting by manifest.
2336 silly tarball no local data for react-transition-group@https://registry.npmjs.org/react-transition-group/-/react-transition-group-4.4.5.tgz. Extracting by manifest.
2337 http cache jiti@https://registry.npmjs.org/jiti/-/jiti-1.21.7.tgz 0ms (cache hit)
2338 silly tarball no local data for tiny-invariant@https://registry.npmjs.org/tiny-invariant/-/tiny-invariant-1.3.3.tgz. Extracting by manifest.
2339 silly tarball no local data for recharts-scale@https://registry.npmjs.org/recharts-scale/-/recharts-scale-0.4.5.tgz. Extracting by manifest.
2340 silly tarball no local data for react-style-singleton@https://registry.npmjs.org/react-style-singleton/-/react-style-singleton-2.2.3.tgz. Extracting by manifest.
2341 silly tarball no local data for use-callback-ref@https://registry.npmjs.org/use-callback-ref/-/use-callback-ref-1.3.3.tgz. Extracting by manifest.
2342 silly tarball no local data for use-sidecar@https://registry.npmjs.org/use-sidecar/-/use-sidecar-1.1.3.tgz. Extracting by manifest.
2343 silly tarball no local data for get-nonce@https://registry.npmjs.org/get-nonce/-/get-nonce-1.0.1.tgz. Extracting by manifest.
2344 silly tarball no local data for react-remove-scroll-bar@https://registry.npmjs.org/react-remove-scroll-bar/-/react-remove-scroll-bar-2.3.8.tgz. Extracting by manifest.
2345 silly tarball no local data for styled-jsx@https://registry.npmjs.org/styled-jsx/-/styled-jsx-5.1.1.tgz. Extracting by manifest.
2346 silly tarball no local data for @babel/runtime@https://registry.npmjs.org/@babel/runtime/-/runtime-7.27.6.tgz. Extracting by manifest.
2347 silly tarball no local data for busboy@https://registry.npmjs.org/busboy/-/busboy-1.6.0.tgz. Extracting by manifest.
2348 silly tarball no local data for has-symbols@https://registry.npmjs.org/has-symbols/-/has-symbols-1.1.0.tgz. Extracting by manifest.
2349 silly tarball no local data for @swc/helpers@https://registry.npmjs.org/@swc/helpers/-/helpers-0.5.5.tgz. Extracting by manifest.
2350 silly tarball no local data for streamsearch@https://registry.npmjs.org/streamsearch/-/streamsearch-1.1.0.tgz. Extracting by manifest.
2351 silly tarball no local data for embla-carousel@https://registry.npmjs.org/embla-carousel/-/embla-carousel-8.6.0.tgz. Extracting by manifest.
2352 silly tarball no local data for has-tostringtag@https://registry.npmjs.org/has-tostringtag/-/has-tostringtag-1.0.2.tgz. Extracting by manifest.
2353 silly tarball no local data for node-releases@https://registry.npmjs.org/node-releases/-/node-releases-2.0.19.tgz. Extracting by manifest.
2354 silly tarball no local data for embla-carousel-reactive-utils@https://registry.npmjs.org/embla-carousel-reactive-utils/-/embla-carousel-reactive-utils-8.6.0.tgz. Extracting by manifest.
2355 silly tarball no local data for use-sync-external-store@https://registry.npmjs.org/use-sync-external-store/-/use-sync-external-store-1.5.0.tgz. Extracting by manifest.
2356 silly tarball no local data for caniuse-lite@https://registry.npmjs.org/caniuse-lite/-/caniuse-lite-1.0.30001727.tgz. Extracting by manifest.
2357 silly tarball no local data for aria-hidden@https://registry.npmjs.org/aria-hidden/-/aria-hidden-1.2.6.tgz. Extracting by manifest.
2358 silly tarball no local data for react-remove-scroll@https://registry.npmjs.org/react-remove-scroll/-/react-remove-scroll-2.7.1.tgz. Extracting by manifest.
2359 silly tarball no local data for tailwind-merge@https://registry.npmjs.org/tailwind-merge/-/tailwind-merge-3.3.1.tgz. Extracting by manifest.
2360 http cache uuid@https://registry.npmjs.org/uuid/-/uuid-9.0.1.tgz 0ms (cache hit)
2361 silly tarball no local data for embla-carousel-react@https://registry.npmjs.org/embla-carousel-react/-/embla-carousel-react-8.6.0.tgz. Extracting by manifest.
2362 silly tarball no local data for @tanstack/react-table@https://registry.npmjs.org/@tanstack/react-table/-/react-table-8.21.3.tgz. Extracting by manifest.
2363 http cache autoprefixer@https://registry.npmjs.org/autoprefixer/-/autoprefixer-10.4.21.tgz 0ms (cache hit)
2364 silly tarball no local data for glob@https://registry.npmjs.org/glob/-/glob-10.4.5.tgz. Extracting by manifest.
2365 silly tarball no local data for jiti@https://registry.npmjs.org/jiti/-/jiti-1.21.7.tgz. Extracting by manifest.
2366 silly tarball no local data for uuid@https://registry.npmjs.org/uuid/-/uuid-9.0.1.tgz. Extracting by manifest.
2367 silly tarball no local data for autoprefixer@https://registry.npmjs.org/autoprefixer/-/autoprefixer-10.4.21.tgz. Extracting by manifest.
2368 http cache fast-glob@https://registry.npmjs.org/fast-glob/-/fast-glob-3.3.3.tgz 0ms (cache hit)
2369 http cache fast-equals@https://registry.npmjs.org/fast-equals/-/fast-equals-5.2.2.tgz 0ms (cache hit)
2370 http cache bson@https://registry.npmjs.org/bson/-/bson-6.10.4.tgz 0ms (cache hit)
2371 http cache date-fns-jalali@https://registry.npmjs.org/date-fns-jalali/-/date-fns-jalali-4.1.0-0.tgz 0ms (cache hit)
2372 http cache @tanstack/table-core@https://registry.npmjs.org/@tanstack/table-core/-/table-core-8.21.3.tgz 0ms (cache hit)
2373 http cache recharts@https://registry.npmjs.org/recharts/-/recharts-2.15.4.tgz 0ms (cache hit)
2374 http cache react-day-picker@https://registry.npmjs.org/react-day-picker/-/react-day-picker-9.8.0.tgz 0ms (cache hit)
2375 http cache date-fns@https://registry.npmjs.org/date-fns/-/date-fns-4.1.0.tgz 0ms (cache hit)
2376 http cache react-hook-form@https://registry.npmjs.org/react-hook-form/-/react-hook-form-7.60.0.tgz 0ms (cache hit)
2377 silly tarball no local data for fast-glob@https://registry.npmjs.org/fast-glob/-/fast-glob-3.3.3.tgz. Extracting by manifest.
2378 silly tarball no local data for fast-equals@https://registry.npmjs.org/fast-equals/-/fast-equals-5.2.2.tgz. Extracting by manifest.
2379 silly tarball no local data for bson@https://registry.npmjs.org/bson/-/bson-6.10.4.tgz. Extracting by manifest.
2380 silly tarball no local data for date-fns-jalali@https://registry.npmjs.org/date-fns-jalali/-/date-fns-jalali-4.1.0-0.tgz. Extracting by manifest.
2381 silly tarball no local data for @tanstack/table-core@https://registry.npmjs.org/@tanstack/table-core/-/table-core-8.21.3.tgz. Extracting by manifest.
2382 http cache tailwindcss@https://registry.npmjs.org/tailwindcss/-/tailwindcss-3.4.17.tgz 0ms (cache hit)
2383 silly tarball no local data for recharts@https://registry.npmjs.org/recharts/-/recharts-2.15.4.tgz. Extracting by manifest.
2384 silly tarball no local data for react-day-picker@https://registry.npmjs.org/react-day-picker/-/react-day-picker-9.8.0.tgz. Extracting by manifest.
2385 silly tarball no local data for date-fns@https://registry.npmjs.org/date-fns/-/date-fns-4.1.0.tgz. Extracting by manifest.
2386 silly tarball no local data for react-hook-form@https://registry.npmjs.org/react-hook-form/-/react-hook-form-7.60.0.tgz. Extracting by manifest.
2387 silly tarball no local data for tailwindcss@https://registry.npmjs.org/tailwindcss/-/tailwindcss-3.4.17.tgz. Extracting by manifest.
2388 http cache motion-utils@https://registry.npmjs.org/motion-utils/-/motion-utils-12.39.0.tgz 0ms (cache hit)
2389 http cache victory-vendor@https://registry.npmjs.org/victory-vendor/-/victory-vendor-36.9.2.tgz 0ms (cache hit)
2390 http cache lucide-react@https://registry.npmjs.org/lucide-react/-/lucide-react-0.516.0.tgz 0ms (cache hit)
2391 http cache mongodb@https://registry.npmjs.org/mongodb/-/mongodb-6.17.0.tgz 0ms (cache hit)
2392 http cache axios@https://registry.npmjs.org/axios/-/axios-1.10.0.tgz 0ms (cache hit)
2393 http cache yaml@https://registry.npmjs.org/yaml/-/yaml-2.8.0.tgz 0ms (cache hit)
2394 http cache @hookform/resolvers@https://registry.npmjs.org/@hookform/resolvers/-/resolvers-5.1.1.tgz 0ms (cache hit)
2395 silly tarball no local data for motion-utils@https://registry.npmjs.org/motion-utils/-/motion-utils-12.39.0.tgz. Extracting by manifest.
2396 silly tarball no local data for victory-vendor@https://registry.npmjs.org/victory-vendor/-/victory-vendor-36.9.2.tgz. Extracting by manifest.
2397 silly tarball no local data for lucide-react@https://registry.npmjs.org/lucide-react/-/lucide-react-0.516.0.tgz. Extracting by manifest.
2398 silly tarball no local data for mongodb@https://registry.npmjs.org/mongodb/-/mongodb-6.17.0.tgz. Extracting by manifest.
2399 silly tarball no local data for axios@https://registry.npmjs.org/axios/-/axios-1.10.0.tgz. Extracting by manifest.
2400 silly tarball no local data for yaml@https://registry.npmjs.org/yaml/-/yaml-2.8.0.tgz. Extracting by manifest.
2401 silly tarball no local data for @hookform/resolvers@https://registry.npmjs.org/@hookform/resolvers/-/resolvers-5.1.1.tgz. Extracting by manifest.
2402 http fetch GET 200 https://registry.npmjs.org/@types/d3-color/-/d3-color-3.1.3.tgz 1406ms (cache miss)
2403 http fetch GET 200 https://registry.npmjs.org/shebang-regex/-/shebang-regex-3.0.0.tgz 1403ms (cache miss)
2404 http fetch GET 200 https://registry.npmjs.org/wrap-ansi/-/wrap-ansi-8.1.0.tgz 1412ms (cache miss)
2405 http fetch GET 200 https://registry.npmjs.org/fill-range/-/fill-range-7.1.1.tgz 1407ms (cache miss)
2406 http fetch GET 200 https://registry.npmjs.org/to-regex-range/-/to-regex-range-5.0.1.tgz 1407ms (cache miss)
2407 http fetch GET 200 https://registry.npmjs.org/color-convert/-/color-convert-2.0.1.tgz 1420ms (cache miss)
2408 http fetch GET 200 https://registry.npmjs.org/memory-pager/-/memory-pager-1.5.0.tgz 1403ms (cache miss)
2409 http cache motion-dom@https://registry.npmjs.org/motion-dom/-/motion-dom-12.40.0.tgz 0ms (cache hit)
2410 http cache zod@https://registry.npmjs.org/zod/-/zod-3.25.76.tgz 0ms (cache hit)
2411 http cache react-resizable-panels@https://registry.npmjs.org/react-resizable-panels/-/react-resizable-panels-3.0.3.tgz 0ms (cache hit)
2412 http fetch GET 200 https://registry.npmjs.org/js-tokens/-/js-tokens-4.0.0.tgz 1390ms (cache miss)
2413 http fetch GET 200 https://registry.npmjs.org/strip-ansi/-/strip-ansi-6.0.1.tgz 1422ms (cache miss)
2414 http fetch GET 200 https://registry.npmjs.org/normalize-path/-/normalize-path-3.0.0.tgz 1412ms (cache miss)
2415 http fetch GET 200 https://registry.npmjs.org/follow-redirects/-/follow-redirects-1.15.9.tgz 1315ms (cache miss)
2416 http fetch GET 200 https://registry.npmjs.org/proxy-from-env/-/proxy-from-env-1.1.0.tgz 1316ms (cache miss)
2417 http fetch GET 200 https://registry.npmjs.org/string-width/-/string-width-5.1.2.tgz 1426ms (cache miss)
2418 http fetch GET 200 https://registry.npmjs.org/punycode/-/punycode-2.3.1.tgz 1432ms (cache miss)
2419 http fetch GET 200 https://registry.npmjs.org/camelcase-css/-/camelcase-css-2.0.1.tgz 1422ms (cache miss)
2420 http cache sucrase@https://registry.npmjs.org/sucrase/-/sucrase-3.35.0.tgz 0ms (cache hit)
2421 http cache resolve@https://registry.npmjs.org/resolve/-/resolve-1.22.10.tgz 0ms (cache hit)
2422 silly tarball no local data for motion-dom@https://registry.npmjs.org/motion-dom/-/motion-dom-12.40.0.tgz. Extracting by manifest.
2423 silly tarball no local data for zod@https://registry.npmjs.org/zod/-/zod-3.25.76.tgz. Extracting by manifest.
2424 silly tarball no local data for react-resizable-panels@https://registry.npmjs.org/react-resizable-panels/-/react-resizable-panels-3.0.3.tgz. Extracting by manifest.
2425 http fetch GET 200 https://registry.npmjs.org/thenify/-/thenify-3.3.1.tgz 1437ms (cache miss)
2426 http fetch GET 200 https://registry.npmjs.org/is-fullwidth-code-point/-/is-fullwidth-code-point-3.0.0.tgz 1437ms (cache miss)
2427 http fetch GET 200 https://registry.npmjs.org/eastasianwidth/-/eastasianwidth-0.2.0.tgz 1437ms (cache miss)
2428 http fetch GET 200 https://registry.npmjs.org/ansi-regex/-/ansi-regex-6.1.0.tgz 1440ms (cache miss)
2429 http fetch GET 200 https://registry.npmjs.org/thenify-all/-/thenify-all-1.6.0.tgz 1437ms (cache miss)
2430 http fetch GET 200 https://registry.npmjs.org/@types/d3-timer/-/d3-timer-3.0.2.tgz 1442ms (cache miss)
2431 http fetch GET 200 https://registry.npmjs.org/@types/d3-interpolate/-/d3-interpolate-3.0.4.tgz 1442ms (cache miss)
2432 http fetch GET 200 https://registry.npmjs.org/picocolors/-/picocolors-1.1.1.tgz 1326ms (cache miss)
2433 http fetch GET 200 https://registry.npmjs.org/normalize-range/-/normalize-range-0.1.2.tgz 1327ms (cache miss)
2434 http fetch GET 200 https://registry.npmjs.org/@types/webidl-conversions/-/webidl-conversions-7.0.3.tgz 1396ms (cache miss)
2435 http fetch GET 200 https://registry.npmjs.org/mime-types/-/mime-types-2.1.35.tgz 1334ms (cache miss)
2436 http fetch GET 200 https://registry.npmjs.org/path-key/-/path-key-3.1.1.tgz 1439ms (cache miss)
2437 http fetch GET 200 https://registry.npmjs.org/string-width/-/string-width-4.2.3.tgz 1440ms (cache miss)
2438 http fetch GET 200 https://registry.npmjs.org/mz/-/mz-2.7.0.tgz 1435ms (cache miss)
2439 http fetch GET 200 https://registry.npmjs.org/read-cache/-/read-cache-1.0.0.tgz 1434ms (cache miss)
2440 http fetch GET 200 https://registry.npmjs.org/@types/d3-ease/-/d3-ease-3.0.2.tgz 1446ms (cache miss)
2441 http fetch GET 200 https://registry.npmjs.org/is-extglob/-/is-extglob-2.1.1.tgz 1435ms (cache miss)
2442 http fetch GET 200 https://registry.npmjs.org/util-deprecate/-/util-deprecate-1.0.2.tgz 1435ms (cache miss)
2443 http fetch GET 200 https://registry.npmjs.org/merge2/-/merge2-1.4.1.tgz 1435ms (cache miss)
2444 http fetch GET 200 https://registry.npmjs.org/@types/d3-path/-/d3-path-3.1.1.tgz 1446ms (cache miss)
2445 silly tarball no local data for sucrase@https://registry.npmjs.org/sucrase/-/sucrase-3.35.0.tgz. Extracting by manifest.
2446 http fetch GET 200 https://registry.npmjs.org/postcss-js/-/postcss-js-4.0.1.tgz 1431ms (cache miss)
2447 http fetch GET 200 https://registry.npmjs.org/binary-extensions/-/binary-extensions-2.3.0.tgz 1431ms (cache miss)
2448 silly tarball no local data for resolve@https://registry.npmjs.org/resolve/-/resolve-1.22.10.tgz. Extracting by manifest.
2449 http fetch GET 200 https://registry.npmjs.org/glob-parent/-/glob-parent-6.0.2.tgz 1431ms (cache miss)
2450 http fetch GET 200 https://registry.npmjs.org/is-binary-path/-/is-binary-path-2.1.0.tgz 1431ms (cache miss)
2451 http fetch GET 200 https://registry.npmjs.org/micromatch/-/micromatch-4.0.8.tgz 1432ms (cache miss)
2452 http fetch GET 200 https://registry.npmjs.org/postcss-nested/-/postcss-nested-6.2.0.tgz 1430ms (cache miss)
2453 http fetch GET 200 https://registry.npmjs.org/object-assign/-/object-assign-4.1.1.tgz 1422ms (cache miss)
2454 http fetch GET 200 https://registry.npmjs.org/is-glob/-/is-glob-4.0.3.tgz 1430ms (cache miss)
2455 http fetch GET 200 https://registry.npmjs.org/arg/-/arg-5.0.2.tgz 1432ms (cache miss)
2456 http fetch GET 200 https://registry.npmjs.org/wrap-ansi/-/wrap-ansi-7.0.0.tgz 1444ms (cache miss)
2457 http fetch GET 200 https://registry.npmjs.org/@swc/counter/-/counter-0.1.3.tgz 1412ms (cache miss)
2458 http fetch GET 200 https://registry.npmjs.org/webidl-conversions/-/webidl-conversions-7.0.0.tgz 766ms (cache miss)
2459 http fetch GET 200 https://registry.npmjs.org/glob-parent/-/glob-parent-5.1.2.tgz 1132ms (cache miss)
2460 http fetch GET 200 https://registry.npmjs.org/brace-expansion/-/brace-expansion-2.0.2.tgz 759ms (cache miss)
2461 http fetch GET 200 https://registry.npmjs.org/detect-node-es/-/detect-node-es-1.1.0.tgz 759ms (cache miss)
2462 http fetch GET 200 https://registry.npmjs.org/escalade/-/escalade-3.2.0.tgz 759ms (cache miss)
2463 http fetch GET 200 https://registry.npmjs.org/lines-and-columns/-/lines-and-columns-1.2.4.tgz 757ms (cache miss)
2464 http fetch GET 200 https://registry.npmjs.org/braces/-/braces-3.0.3.tgz 755ms (cache miss)
2465 http fetch GET 200 https://registry.npmjs.org/shebang-command/-/shebang-command-2.0.0.tgz 1448ms (cache miss)
2466 http fetch GET 200 https://registry.npmjs.org/ansi-styles/-/ansi-styles-6.2.1.tgz 1455ms (cache miss)
2467 http fetch GET 200 https://registry.npmjs.org/path-parse/-/path-parse-1.0.7.tgz 1445ms (cache miss)
2468 http fetch GET 200 https://registry.npmjs.org/anymatch/-/anymatch-3.1.3.tgz 1442ms (cache miss)
2469 http fetch GET 200 https://registry.npmjs.org/@alloc/quick-lru/-/quick-lru-5.2.0.tgz 1441ms (cache miss)
2470 http fetch GET 200 https://registry.npmjs.org/client-only/-/client-only-0.0.1.tgz 1441ms (cache miss)
2471 http fetch GET 200 https://registry.npmjs.org/didyoumean/-/didyoumean-1.2.2.tgz 1441ms (cache miss)
2472 http fetch GET 200 https://registry.npmjs.org/color-name/-/color-name-1.1.4.tgz 1459ms (cache miss)
2473 http fetch GET 200 https://registry.npmjs.org/@types/d3-shape/-/d3-shape-3.1.7.tgz 1458ms (cache miss)
2474 http fetch GET 200 https://registry.npmjs.org/update-browserslist-db/-/update-browserslist-db-1.1.3.tgz 1110ms (cache miss)
2475 http fetch GET 200 https://registry.npmjs.org/internmap/-/internmap-2.0.3.tgz 771ms (cache miss)
2476 http fetch GET 200 https://registry.npmjs.org/pirates/-/pirates-4.0.7.tgz 767ms (cache miss)
2477 http fetch GET 200 https://registry.npmjs.org/is-core-module/-/is-core-module-2.16.1.tgz 767ms (cache miss)
2478 http fetch GET 200 https://registry.npmjs.org/supports-preserve-symlinks-flag/-/supports-preserve-symlinks-flag-1.0.0.tgz 766ms (cache miss)
2479 http fetch GET 200 https://registry.npmjs.org/object-hash/-/object-hash-3.0.0.tgz 765ms (cache miss)
2480 http fetch GET 200 https://registry.npmjs.org/lilconfig/-/lilconfig-3.1.3.tgz 765ms (cache miss)
2481 http fetch GET 200 https://registry.npmjs.org/strip-ansi/-/strip-ansi-7.1.0.tgz 1456ms (cache miss)
2482 http fetch GET 200 https://registry.npmjs.org/pify/-/pify-2.3.0.tgz 1450ms (cache miss)
2483 http fetch GET 200 https://registry.npmjs.org/is-number/-/is-number-7.0.0.tgz 1461ms (cache miss)
2484 http fetch GET 200 https://registry.npmjs.org/ansi-styles/-/ansi-styles-4.3.0.tgz 1147ms (cache miss)
2485 http fetch GET 200 https://registry.npmjs.org/tailwindcss-animate/-/tailwindcss-animate-1.0.7.tgz 1292ms (cache miss)
2486 http fetch GET 200 https://registry.npmjs.org/strip-ansi/-/strip-ansi-6.0.1.tgz 1147ms (cache miss)
2487 http fetch GET 200 https://registry.npmjs.org/isexe/-/isexe-2.0.0.tgz 782ms (cache miss)
2488 http fetch GET 200 https://registry.npmjs.org/strip-ansi/-/strip-ansi-6.0.1.tgz 1147ms (cache miss)
2489 http fetch GET 200 https://registry.npmjs.org/ansi-regex/-/ansi-regex-5.0.1.tgz 1147ms (cache miss)
2490 http fetch GET 200 https://registry.npmjs.org/d3-path/-/d3-path-3.1.0.tgz 783ms (cache miss)
2491 http fetch GET 200 https://registry.npmjs.org/d3-timer/-/d3-timer-3.0.1.tgz 776ms (cache miss)
2492 http fetch GET 200 https://registry.npmjs.org/any-promise/-/any-promise-1.3.0.tgz 775ms (cache miss)
2493 http cache framer-motion@https://registry.npmjs.org/framer-motion/-/framer-motion-12.40.0.tgz 0ms (cache hit)
2494 http fetch GET 200 https://registry.npmjs.org/dlv/-/dlv-1.1.3.tgz 770ms (cache miss)
2495 http fetch GET 200 https://registry.npmjs.org/react-is/-/react-is-18.3.1.tgz 769ms (cache miss)
2496 http fetch GET 200 https://registry.npmjs.org/dunder-proto/-/dunder-proto-1.0.1.tgz 764ms (cache miss)
2497 http fetch GET 200 https://registry.npmjs.org/queue-microtask/-/queue-microtask-1.2.3.tgz 1457ms (cache miss)
2498 http fetch GET 200 https://registry.npmjs.org/fsevents/-/fsevents-2.3.3.tgz 1453ms (cache miss)
2499 http fetch GET 200 https://registry.npmjs.org/@types/whatwg-url/-/whatwg-url-11.0.5.tgz 768ms (cache miss)
2500 http fetch GET 200 https://registry.npmjs.org/@types/d3-time/-/d3-time-3.0.4.tgz 1468ms (cache miss)
2501 http fetch GET 200 https://registry.npmjs.org/d3-color/-/d3-color-3.1.0.tgz 783ms (cache miss)
2502 http fetch GET 200 https://registry.npmjs.org/math-intrinsics/-/math-intrinsics-1.1.0.tgz 769ms (cache miss)
2503 silly tarball no local data for framer-motion@https://registry.npmjs.org/framer-motion/-/framer-motion-12.40.0.tgz. Extracting by manifest.
2504 http fetch GET 200 https://registry.npmjs.org/string-width/-/string-width-4.2.3.tgz 1156ms (cache miss)
2505 http fetch GET 200 https://registry.npmjs.org/@types/d3-scale/-/d3-scale-4.0.9.tgz 1474ms (cache miss)
2506 http fetch GET 200 https://registry.npmjs.org/globals/-/globals-16.3.0.tgz 1300ms (cache miss)
2507 http fetch GET 200 https://registry.npmjs.org/sparse-bitfield/-/sparse-bitfield-3.0.3.tgz 1376ms (cache miss)
2508 http fetch GET 200 https://registry.npmjs.org/ansi-regex/-/ansi-regex-5.0.1.tgz 1154ms (cache miss)
2509 http fetch GET 200 https://registry.npmjs.org/ansi-regex/-/ansi-regex-5.0.1.tgz 1217ms (cache miss)
2510 http fetch GET 200 https://registry.npmjs.org/loose-envify/-/loose-envify-1.4.0.tgz 1135ms (cache miss)
2511 http fetch GET 200 https://registry.npmjs.org/glob-parent/-/glob-parent-5.1.2.tgz 1160ms (cache miss)
2512 http fetch GET 200 https://registry.npmjs.org/balanced-match/-/balanced-match-1.0.2.tgz 787ms (cache miss)
2513 http fetch GET 200 https://registry.npmjs.org/ts-interface-checker/-/ts-interface-checker-0.1.13.tgz 785ms (cache miss)
2514 http fetch GET 200 https://registry.npmjs.org/run-parallel/-/run-parallel-1.2.0.tgz 1468ms (cache miss)
2515 http fetch GET 200 https://registry.npmjs.org/readdirp/-/readdirp-3.6.0.tgz 1464ms (cache miss)
2516 http fetch GET 200 https://registry.npmjs.org/es-define-property/-/es-define-property-1.0.1.tgz 777ms (cache miss)
2517 http fetch GET 200 https://registry.npmjs.org/gopd/-/gopd-1.2.0.tgz 779ms (cache miss)
2518 http fetch GET 200 https://registry.npmjs.org/browserslist/-/browserslist-4.25.1.tgz 1133ms (cache miss)
2519 http fetch GET 200 https://registry.npmjs.org/picomatch/-/picomatch-2.3.1.tgz 788ms (cache miss)
2520 http fetch GET 200 https://registry.npmjs.org/chokidar/-/chokidar-3.6.0.tgz 786ms (cache miss)
2521 http fetch GET 200 https://registry.npmjs.org/delayed-stream/-/delayed-stream-1.0.0.tgz 778ms (cache miss)
2522 http fetch GET 200 https://registry.npmjs.org/mongodb-connection-string-url/-/mongodb-connection-string-url-3.0.2.tgz 776ms (cache miss)
2523 http fetch GET 200 https://registry.npmjs.org/form-data/-/form-data-4.0.3.tgz 776ms (cache miss)
2524 http fetch GET 200 https://registry.npmjs.org/get-intrinsic/-/get-intrinsic-1.3.0.tgz 781ms (cache miss)
2525 http fetch GET 200 https://registry.npmjs.org/@types/d3-array/-/d3-array-3.2.1.tgz 1489ms (cache miss)
2526 http fetch GET 200 https://registry.npmjs.org/get-proto/-/get-proto-1.0.1.tgz 788ms (cache miss)
2527 http fetch GET 200 https://registry.npmjs.org/d3-time/-/d3-time-3.1.0.tgz 801ms (cache miss)
2528 http fetch GET 200 https://registry.npmjs.org/call-bind-apply-helpers/-/call-bind-apply-helpers-1.0.2.tgz 784ms (cache miss)
2529 http fetch GET 200 https://registry.npmjs.org/prop-types/-/prop-types-15.8.1.tgz 794ms (cache miss)
2530 http fetch GET 200 https://registry.npmjs.org/graceful-fs/-/graceful-fs-4.2.11.tgz 1455ms (cache miss)
2531 http fetch GET 200 https://registry.npmjs.org/es-object-atoms/-/es-object-atoms-1.1.1.tgz 785ms (cache miss)
2532 http fetch GET 200 https://registry.npmjs.org/hasown/-/hasown-2.0.2.tgz 784ms (cache miss)
2533 http fetch GET 200 https://registry.npmjs.org/asynckit/-/asynckit-0.4.0.tgz 780ms (cache miss)
2534 http fetch GET 200 https://registry.npmjs.org/electron-to-chromium/-/electron-to-chromium-1.5.180.tgz 1379ms (cache miss)
2535 http fetch GET 200 https://registry.npmjs.org/postcss-value-parser/-/postcss-value-parser-4.2.0.tgz 781ms (cache miss)
2536 http fetch GET 200 https://registry.npmjs.org/d3-ease/-/d3-ease-3.0.1.tgz 804ms (cache miss)
2537 http fetch GET 200 https://registry.npmjs.org/es-set-tostringtag/-/es-set-tostringtag-2.1.0.tgz 785ms (cache miss)
2538 http fetch GET 200 https://registry.npmjs.org/@radix-ui/react-use-effect-event/-/react-use-effect-event-0.0.2.tgz 781ms (cache miss)
2539 http fetch GET 200 https://registry.npmjs.org/eventemitter3/-/eventemitter3-4.0.7.tgz 798ms (cache miss)
2540 http fetch GET 200 https://registry.npmjs.org/function-bind/-/function-bind-1.1.2.tgz 792ms (cache miss)
2541 http fetch GET 200 https://registry.npmjs.org/combined-stream/-/combined-stream-1.0.8.tgz 787ms (cache miss)
2542 http fetch GET 200 https://registry.npmjs.org/emoji-regex/-/emoji-regex-9.2.2.tgz 806ms (cache miss)
2543 http fetch GET 200 https://registry.npmjs.org/commander/-/commander-4.1.1.tgz 804ms (cache miss)
2544 http fetch GET 200 https://registry.npmjs.org/@radix-ui/react-arrow/-/react-arrow-1.1.7.tgz 787ms (cache miss)
2545 http fetch GET 200 https://registry.npmjs.org/@pkgjs/parseargs/-/parseargs-0.11.0.tgz 808ms (cache miss)
2546 http fetch GET 200 https://registry.npmjs.org/tr46/-/tr46-5.1.1.tgz 811ms (cache miss)
2547 http fetch GET 200 https://registry.npmjs.org/decimal.js-light/-/decimal.js-light-2.5.1.tgz 805ms (cache miss)
2548 http fetch GET 200 https://registry.npmjs.org/whatwg-url/-/whatwg-url-14.2.0.tgz 802ms (cache miss)
2549 http fetch GET 200 https://registry.npmjs.org/scheduler/-/scheduler-0.23.2.tgz 807ms (cache miss)
2550 http fetch GET 200 https://registry.npmjs.org/tslib/-/tslib-2.8.1.tgz 793ms (cache miss)
2551 http fetch GET 200 https://registry.npmjs.org/es-errors/-/es-errors-1.3.0.tgz 798ms (cache miss)
2552 http fetch GET 200 https://registry.npmjs.org/@radix-ui/react-use-rect/-/react-use-rect-1.1.1.tgz 793ms (cache miss)
2553 http fetch GET 200 https://registry.npmjs.org/postcss-import/-/postcss-import-15.1.0.tgz 812ms (cache miss)
2554 http fetch GET 200 https://registry.npmjs.org/fraction.js/-/fraction.js-4.3.7.tgz 1392ms (cache miss)
2555 http fetch GET 200 https://registry.npmjs.org/source-map-js/-/source-map-js-1.2.1.tgz 810ms (cache miss)
2556 http fetch GET 200 https://registry.npmjs.org/mime-db/-/mime-db-1.52.0.tgz 1408ms (cache miss)
2557 http fetch GET 200 https://registry.npmjs.org/@jridgewell/sourcemap-codec/-/sourcemap-codec-1.5.4.tgz 823ms (cache miss)
2558 http fetch GET 200 https://registry.npmjs.org/@jridgewell/gen-mapping/-/gen-mapping-0.3.12.tgz 817ms (cache miss)
2559 http fetch GET 200 https://registry.npmjs.org/d3-scale/-/d3-scale-4.0.2.tgz 827ms (cache miss)
2560 http fetch GET 200 https://registry.npmjs.org/d3-time-format/-/d3-time-format-4.1.0.tgz 833ms (cache miss)
2561 http fetch GET 200 https://registry.npmjs.org/@radix-ui/react-use-escape-keydown/-/react-use-escape-keydown-1.1.1.tgz 811ms (cache miss)
2562 http fetch GET 200 https://registry.npmjs.org/react-smooth/-/react-smooth-4.0.4.tgz 828ms (cache miss)
2563 http fetch GET 200 https://registry.npmjs.org/@date-fns/tz/-/tz-1.2.0.tgz 828ms (cache miss)
2564 http fetch GET 200 https://registry.npmjs.org/@jridgewell/trace-mapping/-/trace-mapping-0.3.29.tgz 835ms (cache miss)
2565 http fetch GET 200 https://registry.npmjs.org/d3-format/-/d3-format-3.1.0.tgz 843ms (cache miss)
2566 http fetch GET 200 https://registry.npmjs.org/@radix-ui/react-portal/-/react-portal-1.1.9.tgz 823ms (cache miss)
2567 http fetch GET 200 https://registry.npmjs.org/csstype/-/csstype-3.1.3.tgz 1524ms (cache miss)
2568 http fetch GET 200 https://registry.npmjs.org/@next/env/-/env-14.2.3.tgz 838ms (cache miss)
2569 http fetch GET 200 https://registry.npmjs.org/@radix-ui/number/-/number-1.1.1.tgz 845ms (cache miss)
2570 http fetch GET 200 https://registry.npmjs.org/@mongodb-js/saslprep/-/saslprep-1.3.0.tgz 877ms (cache miss)
2571 http fetch GET 200 https://registry.npmjs.org/@floating-ui/utils/-/utils-0.2.10.tgz 871ms (cache miss)
2572 http fetch GET 200 https://registry.npmjs.org/dom-helpers/-/dom-helpers-5.2.1.tgz 892ms (cache miss)
2573 http fetch GET 200 https://registry.npmjs.org/@radix-ui/react-focus-scope/-/react-focus-scope-1.1.7.tgz 876ms (cache miss)
2574 http fetch GET 200 https://registry.npmjs.org/@radix-ui/react-roving-focus/-/react-roving-focus-1.1.10.tgz 879ms (cache miss)
2575 http fetch GET 200 https://registry.npmjs.org/@floating-ui/core/-/core-1.7.2.tgz 921ms (cache miss)
2576 http fetch GET 200 https://registry.npmjs.org/@radix-ui/react-dismissable-layer/-/react-dismissable-layer-1.1.10.tgz 921ms (cache miss)
2577 http fetch GET 200 https://registry.npmjs.org/@radix-ui/react-use-layout-effect/-/react-use-layout-effect-1.1.1.tgz 924ms (cache miss)
2578 http fetch GET 200 https://registry.npmjs.org/@radix-ui/react-primitive/-/react-primitive-2.1.3.tgz 926ms (cache miss)
2579 http fetch GET 200 https://registry.npmjs.org/@radix-ui/react-context/-/react-context-1.1.2.tgz 960ms (cache miss)
2580 http fetch GET 200 https://registry.npmjs.org/@radix-ui/react-use-size/-/react-use-size-1.1.1.tgz 960ms (cache miss)
2581 http fetch GET 200 https://registry.npmjs.org/lodash/-/lodash-4.17.21.tgz 983ms (cache miss)
2582 http fetch GET 200 https://registry.npmjs.org/@radix-ui/react-use-controllable-state/-/react-use-controllable-state-1.2.2.tgz 974ms (cache miss)
2583 http fetch GET 200 https://registry.npmjs.org/@radix-ui/react-use-callback-ref/-/react-use-callback-ref-1.1.1.tgz 974ms (cache miss)
2584 http fetch GET 200 https://registry.npmjs.org/@floating-ui/react-dom/-/react-dom-2.1.4.tgz 998ms (cache miss)
2585 http fetch GET 200 https://registry.npmjs.org/@radix-ui/react-popper/-/react-popper-1.2.7.tgz 1012ms (cache miss)
2586 http fetch GET 200 https://registry.npmjs.org/@radix-ui/react-id/-/react-id-1.1.1.tgz 1009ms (cache miss)
2587 http fetch GET 200 https://registry.npmjs.org/vaul/-/vaul-1.1.2.tgz 1024ms (cache miss)
2588 http fetch GET 200 https://registry.npmjs.org/@floating-ui/dom/-/dom-1.7.2.tgz 1026ms (cache miss)
2589 http fetch GET 200 https://registry.npmjs.org/@radix-ui/react-direction/-/react-direction-1.1.1.tgz 1027ms (cache miss)
2590 http fetch GET 200 https://registry.npmjs.org/@radix-ui/react-collection/-/react-collection-1.1.7.tgz 1027ms (cache miss)
2591 http fetch GET 200 https://registry.npmjs.org/sonner/-/sonner-2.0.6.tgz 1053ms (cache miss)
2592 http fetch GET 200 https://registry.npmjs.org/next-themes/-/next-themes-0.4.6.tgz 1013ms (cache miss)
2593 http fetch GET 200 https://registry.npmjs.org/@radix-ui/react-menu/-/react-menu-2.1.15.tgz 1058ms (cache miss)
2594 http fetch GET 200 https://registry.npmjs.org/clsx/-/clsx-2.1.1.tgz 1025ms (cache miss)
2595 http fetch GET 200 https://registry.npmjs.org/input-otp/-/input-otp-1.4.2.tgz 1029ms (cache miss)
2596 http fetch GET 200 https://registry.npmjs.org/class-variance-authority/-/class-variance-authority-0.7.1.tgz 1025ms (cache miss)
2597 http fetch GET 200 https://registry.npmjs.org/cmdk/-/cmdk-1.1.1.tgz 1026ms (cache miss)
2598 http fetch GET 200 https://registry.npmjs.org/@radix-ui/rect/-/rect-1.1.1.tgz 1080ms (cache miss)
2599 http fetch GET 200 https://registry.npmjs.org/postcss/-/postcss-8.5.6.tgz 1030ms (cache miss)
2600 http fetch GET 200 https://registry.npmjs.org/@radix-ui/react-focus-guards/-/react-focus-guards-1.1.2.tgz 1078ms (cache miss)
2601 http fetch GET 200 https://registry.npmjs.org/@radix-ui/react-use-previous/-/react-use-previous-1.1.1.tgz 1080ms (cache miss)
2602 http fetch GET 200 https://registry.npmjs.org/@standard-schema/utils/-/utils-0.3.0.tgz 1050ms (cache miss)
2603 http fetch GET 200 https://registry.npmjs.org/@radix-ui/react-compose-refs/-/react-compose-refs-1.1.2.tgz 1066ms (cache miss)
2604 http fetch GET 200 https://registry.npmjs.org/@radix-ui/react-slot/-/react-slot-1.2.3.tgz 1074ms (cache miss)
2605 http fetch GET 200 https://registry.npmjs.org/@radix-ui/react-presence/-/react-presence-1.1.4.tgz 1143ms (cache miss)
2606 http fetch GET 200 https://registry.npmjs.org/@radix-ui/react-visually-hidden/-/react-visually-hidden-1.2.3.tgz 1166ms (cache miss)
2607 http fetch GET 200 https://registry.npmjs.org/@radix-ui/primitive/-/primitive-1.1.2.tgz 1244ms (cache miss)
2608 http fetch GET 200 https://registry.npmjs.org/@radix-ui/react-use-is-hydrated/-/react-use-is-hydrated-0.1.0.tgz 1307ms (cache miss)
2609 http fetch GET 200 https://registry.npmjs.org/@radix-ui/react-toggle/-/react-toggle-1.1.9.tgz 1270ms (cache miss)
2610 http fetch GET 200 https://registry.npmjs.org/@radix-ui/react-tooltip/-/react-tooltip-1.2.7.tgz 1271ms (cache miss)
2611 http fetch GET 200 https://registry.npmjs.org/@radix-ui/react-switch/-/react-switch-1.2.5.tgz 1267ms (cache miss)
2612 http fetch GET 200 https://registry.npmjs.org/@radix-ui/react-toast/-/react-toast-1.2.14.tgz 1298ms (cache miss)
2613 http fetch GET 200 https://registry.npmjs.org/@radix-ui/react-tabs/-/react-tabs-1.1.12.tgz 1299ms (cache miss)
2614 http fetch GET 200 https://registry.npmjs.org/@radix-ui/react-select/-/react-select-2.2.5.tgz 1312ms (cache miss)
2615 http fetch GET 200 https://registry.npmjs.org/@radix-ui/react-toggle-group/-/react-toggle-group-1.1.10.tgz 1439ms (cache miss)
2616 http fetch GET 200 https://registry.npmjs.org/@radix-ui/react-separator/-/react-separator-1.1.7.tgz 1458ms (cache miss)
2617 http fetch GET 200 https://registry.npmjs.org/@radix-ui/react-progress/-/react-progress-1.1.7.tgz 1471ms (cache miss)
2618 http fetch GET 200 https://registry.npmjs.org/@radix-ui/react-navigation-menu/-/react-navigation-menu-1.2.13.tgz 1490ms (cache miss)
2619 http fetch GET 200 https://registry.npmjs.org/@radix-ui/react-context-menu/-/react-context-menu-2.2.15.tgz 1505ms (cache miss)
2620 http fetch GET 200 https://registry.npmjs.org/@radix-ui/react-label/-/react-label-2.1.7.tgz 1514ms (cache miss)
2621 http fetch GET 200 https://registry.npmjs.org/@radix-ui/react-radio-group/-/react-radio-group-1.3.7.tgz 1527ms (cache miss)
2622 http fetch GET 200 https://registry.npmjs.org/@radix-ui/react-dialog/-/react-dialog-1.1.14.tgz 1536ms (cache miss)
2623 http fetch GET 200 https://registry.npmjs.org/@radix-ui/react-menubar/-/react-menubar-1.1.15.tgz 1511ms (cache miss)
2624 http fetch GET 200 https://registry.npmjs.org/emoji-regex/-/emoji-regex-8.0.0.tgz 1504ms (cache miss)
2625 http fetch GET 200 https://registry.npmjs.org/emoji-regex/-/emoji-regex-8.0.0.tgz 1506ms (cache miss)
2626 http fetch GET 200 https://registry.npmjs.org/@radix-ui/react-slider/-/react-slider-1.3.5.tgz 1600ms (cache miss)
2627 http fetch GET 200 https://registry.npmjs.org/which/-/which-2.0.2.tgz 1543ms (cache miss)
2628 http fetch GET 200 https://registry.npmjs.org/@radix-ui/react-hover-card/-/react-hover-card-1.1.14.tgz 1701ms (cache miss)
2629 http fetch GET 200 https://registry.npmjs.org/@radix-ui/react-scroll-area/-/react-scroll-area-1.2.9.tgz 1751ms (cache miss)
2630 http fetch GET 200 https://registry.npmjs.org/@radix-ui/react-alert-dialog/-/react-alert-dialog-1.1.14.tgz 1686ms (cache miss)
2631 http fetch GET 200 https://registry.npmjs.org/@radix-ui/react-checkbox/-/react-checkbox-1.3.2.tgz 1726ms (cache miss)
2632 http fetch GET 200 https://registry.npmjs.org/nanoid/-/nanoid-3.3.11.tgz 1688ms (cache miss)
2633 http fetch GET 200 https://registry.npmjs.org/@radix-ui/react-popover/-/react-popover-1.1.14.tgz 1791ms (cache miss)
2634 http fetch GET 200 https://registry.npmjs.org/react-is/-/react-is-16.13.1.tgz 1701ms (cache miss)
2635 http fetch GET 200 https://registry.npmjs.org/@radix-ui/react-aspect-ratio/-/react-aspect-ratio-1.1.7.tgz 1739ms (cache miss)
2636 http fetch GET 200 https://registry.npmjs.org/postcss/-/postcss-8.4.31.tgz 1719ms (cache miss)
2637 http fetch GET 200 https://registry.npmjs.org/d3-interpolate/-/d3-interpolate-3.0.1.tgz 1408ms (cache miss)
2638 http fetch GET 200 https://registry.npmjs.org/@radix-ui/react-accordion/-/react-accordion-1.2.11.tgz 1750ms (cache miss)
2639 http fetch GET 200 https://registry.npmjs.org/d3-array/-/d3-array-3.2.4.tgz 1427ms (cache miss)
2640 http fetch GET 200 https://registry.npmjs.org/cross-spawn/-/cross-spawn-7.0.6.tgz 1446ms (cache miss)
2641 http fetch GET 200 https://registry.npmjs.org/package-json-from-dist/-/package-json-from-dist-1.0.1.tgz 1467ms (cache miss)
2642 http fetch GET 200 https://registry.npmjs.org/path-scurry/-/path-scurry-1.11.1.tgz 1477ms (cache miss)
2643 http fetch GET 200 https://registry.npmjs.org/@jridgewell/resolve-uri/-/resolve-uri-3.1.2.tgz 1494ms (cache miss)
2644 http fetch GET 200 https://registry.npmjs.org/@isaacs/cliui/-/cliui-8.0.2.tgz 1493ms (cache miss)
2645 http fetch GET 200 https://registry.npmjs.org/@radix-ui/react-collapsible/-/react-collapsible-1.1.11.tgz 1852ms (cache miss)
2646 http fetch GET 200 https://registry.npmjs.org/foreground-child/-/foreground-child-3.3.1.tgz 1520ms (cache miss)
2647 http fetch GET 200 https://registry.npmjs.org/signal-exit/-/signal-exit-4.1.0.tgz 1521ms (cache miss)
2648 http fetch GET 200 https://registry.npmjs.org/reusify/-/reusify-1.1.0.tgz 1544ms (cache miss)
2649 http fetch GET 200 https://registry.npmjs.org/d3-shape/-/d3-shape-3.2.0.tgz 1553ms (cache miss)
2650 http fetch GET 200 https://registry.npmjs.org/lru-cache/-/lru-cache-10.4.3.tgz 1553ms (cache miss)
2651 http fetch GET 200 https://registry.npmjs.org/minimatch/-/minimatch-9.0.5.tgz 1553ms (cache miss)
2652 http fetch GET 200 https://registry.npmjs.org/fastq/-/fastq-1.19.1.tgz 1559ms (cache miss)
2653 http fetch GET 200 https://registry.npmjs.org/@radix-ui/react-dropdown-menu/-/react-dropdown-menu-2.1.15.tgz 1939ms (cache miss)
2654 http fetch GET 200 https://registry.npmjs.org/minipass/-/minipass-7.1.2.tgz 1569ms (cache miss)
2655 http fetch GET 200 https://registry.npmjs.org/@nodelib/fs.walk/-/fs.walk-1.2.8.tgz 1573ms (cache miss)
2656 http fetch GET 200 https://registry.npmjs.org/react/-/react-18.3.1.tgz 1923ms (cache miss)
2657 http fetch GET 200 https://registry.npmjs.org/jackspeak/-/jackspeak-3.4.3.tgz 1594ms (cache miss)
2658 http fetch GET 200 https://registry.npmjs.org/cssesc/-/cssesc-3.0.0.tgz 1936ms (cache miss)
2659 http fetch GET 200 https://registry.npmjs.org/recharts-scale/-/recharts-scale-0.4.5.tgz 1604ms (cache miss)
2660 http fetch GET 200 https://registry.npmjs.org/@nodelib/fs.stat/-/fs.stat-2.0.5.tgz 1605ms (cache miss)
2661 http fetch GET 200 https://registry.npmjs.org/tiny-invariant/-/tiny-invariant-1.3.3.tgz 1615ms (cache miss)
2662 http fetch GET 200 https://registry.npmjs.org/react-style-singleton/-/react-style-singleton-2.2.3.tgz 1622ms (cache miss)
2663 http fetch GET 200 https://registry.npmjs.org/@radix-ui/react-avatar/-/react-avatar-1.1.10.tgz 1957ms (cache miss)
2664 http fetch GET 200 https://registry.npmjs.org/use-callback-ref/-/use-callback-ref-1.3.3.tgz 1622ms (cache miss)
2665 http fetch GET 200 https://registry.npmjs.org/has-symbols/-/has-symbols-1.1.0.tgz 1659ms (cache miss)
2666 http fetch GET 200 https://registry.npmjs.org/postcss-load-config/-/postcss-load-config-4.0.2.tgz 2020ms (cache miss)
2667 http fetch GET 200 https://registry.npmjs.org/get-nonce/-/get-nonce-1.0.1.tgz 1695ms (cache miss)
2668 http fetch GET 200 https://registry.npmjs.org/node-releases/-/node-releases-2.0.19.tgz 1689ms (cache miss)
2669 http fetch GET 200 https://registry.npmjs.org/embla-carousel-reactive-utils/-/embla-carousel-reactive-utils-8.6.0.tgz 1729ms (cache miss)
2670 http fetch GET 200 https://registry.npmjs.org/busboy/-/busboy-1.6.0.tgz 1740ms (cache miss)
2671 http fetch GET 200 https://registry.npmjs.org/aria-hidden/-/aria-hidden-1.2.6.tgz 1872ms (cache miss)
2672 http fetch GET 200 https://registry.npmjs.org/react-remove-scroll-bar/-/react-remove-scroll-bar-2.3.8.tgz 1905ms (cache miss)
2673 http fetch GET 200 https://registry.npmjs.org/postcss-selector-parser/-/postcss-selector-parser-6.1.2.tgz 1913ms (cache miss)
2674 http fetch GET 200 https://registry.npmjs.org/embla-carousel/-/embla-carousel-8.6.0.tgz 1921ms (cache miss)
2675 http fetch GET 200 https://registry.npmjs.org/react-remove-scroll/-/react-remove-scroll-2.7.1.tgz 1936ms (cache miss)
2676 http fetch GET 200 https://registry.npmjs.org/streamsearch/-/streamsearch-1.1.0.tgz 1944ms (cache miss)
2677 http fetch GET 200 https://registry.npmjs.org/styled-jsx/-/styled-jsx-5.1.1.tgz 1948ms (cache miss)
2678 http fetch GET 200 https://registry.npmjs.org/react-dom/-/react-dom-18.3.1.tgz 2317ms (cache miss)
2679 http fetch GET 200 https://registry.npmjs.org/embla-carousel-react/-/embla-carousel-react-8.6.0.tgz 1952ms (cache miss)
2680 http fetch GET 200 https://registry.npmjs.org/@babel/runtime/-/runtime-7.27.6.tgz 1975ms (cache miss)
2681 http fetch GET 200 https://registry.npmjs.org/@nodelib/fs.scandir/-/fs.scandir-2.1.5.tgz 2057ms (cache miss)
2682 http fetch GET 200 https://registry.npmjs.org/autoprefixer/-/autoprefixer-10.4.21.tgz 1997ms (cache miss)
2683 http fetch GET 200 https://registry.npmjs.org/has-tostringtag/-/has-tostringtag-1.0.2.tgz 2079ms (cache miss)
2684 http fetch GET 200 https://registry.npmjs.org/tailwind-merge/-/tailwind-merge-3.3.1.tgz 2216ms (cache miss)
2685 http fetch GET 200 https://registry.npmjs.org/@tanstack/react-table/-/react-table-8.21.3.tgz 2386ms (cache miss)
2686 http fetch GET 200 https://registry.npmjs.org/fast-equals/-/fast-equals-5.2.2.tgz 2325ms (cache miss)
2687 http fetch GET 200 https://registry.npmjs.org/react-transition-group/-/react-transition-group-4.4.5.tgz 2544ms (cache miss)
2688 http fetch GET 200 https://registry.npmjs.org/use-sidecar/-/use-sidecar-1.1.3.tgz 2570ms (cache miss)
2689 http fetch GET 200 https://registry.npmjs.org/@swc/helpers/-/helpers-0.5.5.tgz 2606ms (cache miss)
2690 http fetch GET 200 https://registry.npmjs.org/fast-glob/-/fast-glob-3.3.3.tgz 2780ms (cache miss)
2691 http fetch GET 200 https://registry.npmjs.org/react-day-picker/-/react-day-picker-9.8.0.tgz 2836ms (cache miss)
2692 http fetch GET 200 https://registry.npmjs.org/jiti/-/jiti-1.21.7.tgz 2919ms (cache miss)
2693 http fetch GET 200 https://registry.npmjs.org/glob/-/glob-10.4.5.tgz 2946ms (cache miss)
2694 warn deprecated glob@10.4.5: Old versions of glob are not supported, and contain widely publicized security vulnerabilities, which have been fixed in the current version. Please update. Support for old versions may be purchased (at exorbitant rates) by contacting i@izs.me
2695 http fetch GET 200 https://registry.npmjs.org/uuid 3946ms (cache miss)
2696 silly packumentCache corgi:https://registry.npmjs.org/uuid set size:undefined disposed:false
2697 http fetch GET 200 https://registry.npmjs.org/caniuse-lite/-/caniuse-lite-1.0.30001727.tgz 3051ms (cache miss)
2698 http fetch GET 200 https://registry.npmjs.org/follow-redirects 3950ms (cache miss)
2699 silly packumentCache corgi:https://registry.npmjs.org/follow-redirects set size:undefined disposed:false
2700 http fetch GET 200 https://registry.npmjs.org/form-data 3967ms (cache miss)
2701 silly packumentCache corgi:https://registry.npmjs.org/form-data set size:undefined disposed:false
2702 http fetch GET 200 https://registry.npmjs.org/glob 3971ms (cache miss)
2703 silly packumentCache corgi:https://registry.npmjs.org/glob set size:undefined disposed:false
2704 http fetch GET 200 https://registry.npmjs.org/picomatch 3978ms (cache miss)
2705 silly packumentCache corgi:https://registry.npmjs.org/picomatch set size:undefined disposed:false
2706 http fetch GET 200 https://registry.npmjs.org/postcss 4009ms (cache miss)
2707 silly packumentCache corgi:https://registry.npmjs.org/postcss set size:undefined disposed:false
2708 http fetch GET 200 https://registry.npmjs.org/brace-expansion 4008ms (cache miss)
2709 silly packumentCache corgi:https://registry.npmjs.org/brace-expansion set size:undefined disposed:false
2710 http fetch GET 200 https://registry.npmjs.org/yaml 4027ms (cache miss)
2711 silly packumentCache corgi:https://registry.npmjs.org/yaml set size:undefined disposed:false
2712 http fetch GET 200 https://registry.npmjs.org/lodash 4049ms (cache miss)
2713 silly packumentCache corgi:https://registry.npmjs.org/lodash set size:undefined disposed:false
2714 http fetch GET 200 https://registry.npmjs.org/motion-utils/-/motion-utils-12.39.0.tgz 3052ms (cache miss)
2715 http fetch GET 200 https://registry.npmjs.org/recharts/-/recharts-2.15.4.tgz 3125ms (cache miss)
2716 warn deprecated recharts@2.15.4: 1.x and 2.x branches are no longer active. Bump to Recharts v3 to receive latest features and bugfixes. See https://github.com/recharts/recharts/wiki/3.0-migration-guide
2717 http fetch GET 200 https://registry.npmjs.org/axios 4150ms (cache miss)
2718 silly packumentCache corgi:https://registry.npmjs.org/axios set size:undefined disposed:false
2719 http fetch GET 200 https://registry.npmjs.org/minimatch 4170ms (cache miss)
2720 silly packumentCache corgi:https://registry.npmjs.org/minimatch set size:undefined disposed:false
2721 http fetch GET 200 https://registry.npmjs.org/victory-vendor/-/victory-vendor-36.9.2.tgz 3406ms (cache miss)
2722 http fetch GET 200 https://registry.npmjs.org/yaml/-/yaml-2.8.0.tgz 3439ms (cache miss)
2723 http fetch GET 200 https://registry.npmjs.org/uuid/-/uuid-9.0.1.tgz 3976ms (cache miss)
2724 warn deprecated uuid@9.0.1: uuid@10 and below is no longer supported.  For ESM codebases, update to uuid@latest.  For CommonJS codebases, use uuid@11 (but be aware this version will likely be deprecated in 2028).
2725 http fetch GET 200 https://registry.npmjs.org/mongodb/-/mongodb-6.17.0.tgz 4345ms (cache miss)
2726 http fetch GET 200 https://registry.npmjs.org/@hookform/resolvers/-/resolvers-5.1.1.tgz 4834ms (cache miss)
2727 http fetch GET 200 https://registry.npmjs.org/sucrase/-/sucrase-3.35.0.tgz 4957ms (cache miss)
2728 http fetch GET 200 https://registry.npmjs.org/axios/-/axios-1.10.0.tgz 5034ms (cache miss)
2729 http fetch GET 200 https://registry.npmjs.org/@tanstack/table-core/-/table-core-8.21.3.tgz 5111ms (cache miss)
2730 http fetch GET 200 https://registry.npmjs.org/resolve/-/resolve-1.22.10.tgz 5051ms (cache miss)
2731 http fetch GET 200 https://registry.npmjs.org/react-resizable-panels/-/react-resizable-panels-3.0.3.tgz 5133ms (cache miss)
2732 http fetch GET 200 https://registry.npmjs.org/react-hook-form/-/react-hook-form-7.60.0.tgz 5245ms (cache miss)
2733 http fetch GET 200 https://registry.npmjs.org/zod/-/zod-3.25.76.tgz 5148ms (cache miss)
2734 http fetch GET 200 https://registry.npmjs.org/motion-dom/-/motion-dom-12.40.0.tgz 5277ms (cache miss)
2735 http fetch GET 200 https://registry.npmjs.org/use-sync-external-store/-/use-sync-external-store-1.5.0.tgz 5523ms (cache miss)
2736 http fetch GET 200 https://registry.npmjs.org/next 6736ms (cache miss)
2737 silly packumentCache corgi:https://registry.npmjs.org/next set size:undefined disposed:false
2738 silly packumentCache corgi:https://registry.npmjs.org/autoprefixer cache-miss
2739 silly packumentCache corgi:https://registry.npmjs.org/tailwindcss cache-miss
2740 silly packumentCache corgi:https://registry.npmjs.org/postcss-import cache-miss
2741 silly packumentCache corgi:https://registry.npmjs.org/postcss-js cache-miss
2742 silly packumentCache corgi:https://registry.npmjs.org/postcss-load-config cache-miss
2743 silly packumentCache corgi:https://registry.npmjs.org/postcss-nested cache-miss
2744 http fetch GET 200 https://registry.npmjs.org/bson/-/bson-6.10.4.tgz 7564ms (cache miss)
2745 http fetch GET 200 https://registry.npmjs.org/postcss-load-config 175ms (cache miss)
2746 silly packumentCache corgi:https://registry.npmjs.org/postcss-load-config set size:undefined disposed:false
2747 http fetch GET 200 https://registry.npmjs.org/postcss-import 194ms (cache miss)
2748 silly packumentCache corgi:https://registry.npmjs.org/postcss-import set size:undefined disposed:false
2749 http fetch GET 200 https://registry.npmjs.org/postcss-js 201ms (cache miss)
2750 silly packumentCache corgi:https://registry.npmjs.org/postcss-js set size:undefined disposed:false
2751 http fetch GET 200 https://registry.npmjs.org/postcss-nested 212ms (cache miss)
2752 silly packumentCache corgi:https://registry.npmjs.org/postcss-nested set size:undefined disposed:false
2753 http fetch GET 200 https://registry.npmjs.org/autoprefixer 367ms (cache miss)
2754 silly packumentCache corgi:https://registry.npmjs.org/autoprefixer set size:undefined disposed:false
2755 http fetch GET 200 https://registry.npmjs.org/framer-motion/-/framer-motion-12.40.0.tgz 7644ms (cache miss)
2756 http fetch GET 200 https://registry.npmjs.org/tailwindcss/-/tailwindcss-3.4.17.tgz 8120ms (cache miss)
2757 http fetch GET 200 https://registry.npmjs.org/tailwindcss 1324ms (cache miss)
2758 silly packumentCache corgi:https://registry.npmjs.org/tailwindcss set size:undefined disposed:false
2759 silly packumentCache corgi:https://registry.npmjs.org/recharts cache-miss
2760 http fetch GET 200 https://registry.npmjs.org/lucide-react/-/lucide-react-0.516.0.tgz 8788ms (cache miss)
2761 http fetch GET 200 https://registry.npmjs.org/recharts 122ms (cache miss)
2762 silly packumentCache corgi:https://registry.npmjs.org/recharts set size:undefined disposed:false
2763 silly packumentCache corgi:https://registry.npmjs.org/micromatch cache-miss
2764 silly packumentCache corgi:https://registry.npmjs.org/anymatch cache-miss
2765 silly packumentCache corgi:https://registry.npmjs.org/readdirp cache-miss
2766 http fetch GET 200 https://registry.npmjs.org/anymatch 125ms (cache miss)
2767 silly packumentCache corgi:https://registry.npmjs.org/anymatch set size:undefined disposed:false
2768 http fetch GET 200 https://registry.npmjs.org/micromatch 127ms (cache miss)
2769 silly packumentCache corgi:https://registry.npmjs.org/micromatch set size:undefined disposed:false
2770 http fetch GET 200 https://registry.npmjs.org/readdirp 127ms (cache miss)
2771 silly packumentCache corgi:https://registry.npmjs.org/readdirp set size:undefined disposed:false
2772 silly packumentCache corgi:https://registry.npmjs.org/sucrase cache-miss
2773 http fetch GET 200 https://registry.npmjs.org/date-fns-jalali/-/date-fns-jalali-4.1.0-0.tgz 9168ms (cache miss)
2774 http fetch GET 200 https://registry.npmjs.org/sucrase 66ms (cache miss)
2775 silly packumentCache corgi:https://registry.npmjs.org/sucrase set size:undefined disposed:false
2776 http fetch GET 200 https://registry.npmjs.org/date-fns/-/date-fns-4.1.0.tgz 9249ms (cache miss)
2777 http fetch GET 200 https://registry.npmjs.org/@next/swc-darwin-arm64/-/swc-darwin-arm64-14.2.3.tgz 16304ms (cache miss)
2778 verbose stack Error: ENOTEMPTY: directory not empty, rmdir '/Users/redakaleem/Downloads/wsc-healthcare 2/node_modules/next/dist/api'
2779 error code ENOTEMPTY
2780 error syscall rmdir
2781 error path /Users/redakaleem/Downloads/wsc-healthcare 2/node_modules/next/dist/api
2782 error errno -66
2783 error ENOTEMPTY: directory not empty, rmdir '/Users/redakaleem/Downloads/wsc-healthcare 2/node_modules/next/dist/api'
2784 silly unfinished npm timer reify 1779908507084
2785 silly unfinished npm timer reify:unpack 1779908550994
2786 silly unfinished npm timer reifyNode:node_modules/next 1779908550995
2787 verbose cwd /Users/redakaleem/Downloads/wsc-healthcare 2
2788 verbose os Darwin 25.2.0
2789 verbose node v22.15.0
2790 verbose npm  v10.9.2
2791 notice
2791 notice New major version of npm available! 10.9.2 -> 11.15.0
2791 notice Changelog: https://github.com/npm/cli/releases/tag/v11.15.0
2791 notice To update run: npm install -g npm@11.15.0
2791 notice  { force: true, [Symbol(proc-log.meta)]: true }
2792 verbose exit -66
2793 verbose code -66
2794 error A complete log of this run can be found in: /Users/redakaleem/Downloads/wsc-healthcare 2/.npm-cache/_logs/2026-05-27T19_01_46_915Z-debug-0.log
